<<<<<<< Updated upstream
INFO - 2024-09-26 13:33:06 --> Session: Class initialized using 'CodeIgniter\Session\Handlers\FileHandler' driver.
INFO - 2024-09-26 13:33:07 --> Session: Class initialized using 'CodeIgniter\Session\Handlers\FileHandler' driver.
INFO - 2024-09-26 13:33:15 --> Session: Class initialized using 'CodeIgniter\Session\Handlers\FileHandler' driver.
INFO - 2024-09-26 13:33:20 --> Session: Class initialized using 'CodeIgniter\Session\Handlers\FileHandler' driver.
INFO - 2024-09-26 13:33:24 --> Session: Class initialized using 'CodeIgniter\Session\Handlers\FileHandler' driver.
INFO - 2024-09-26 13:33:32 --> Session: Class initialized using 'CodeIgniter\Session\Handlers\FileHandler' driver.
INFO - 2024-09-26 13:33:32 --> Session: Class initialized using 'CodeIgniter\Session\Handlers\FileHandler' driver.
INFO - 2024-09-26 13:33:33 --> Session: Class initialized using 'CodeIgniter\Session\Handlers\FileHandler' driver.
INFO - 2024-09-26 13:33:33 --> Session: Class initialized using 'CodeIgniter\Session\Handlers\FileHandler' driver.
INFO - 2024-09-26 13:34:03 --> Session: Class initialized using 'CodeIgniter\Session\Handlers\FileHandler' driver.
INFO - 2024-09-26 13:34:03 --> Session: Class initialized using 'CodeIgniter\Session\Handlers\FileHandler' driver.
INFO - 2024-09-26 13:34:03 --> Session: Class initialized using 'CodeIgniter\Session\Handlers\FileHandler' driver.
INFO - 2024-09-26 13:34:03 --> Session: Class initialized using 'CodeIgniter\Session\Handlers\FileHandler' driver.
INFO - 2024-09-26 13:34:08 --> Session: Class initialized using 'CodeIgniter\Session\Handlers\FileHandler' driver.
INFO - 2024-09-26 13:34:15 --> Session: Class initialized using 'CodeIgniter\Session\Handlers\FileHandler' driver.
INFO - 2024-09-26 13:34:22 --> Session: Class initialized using 'CodeIgniter\Session\Handlers\FileHandler' driver.
INFO - 2024-09-26 13:34:28 --> Session: Class initialized using 'CodeIgniter\Session\Handlers\FileHandler' driver.
INFO - 2024-09-26 13:34:37 --> Session: Class initialized using 'CodeIgniter\Session\Handlers\FileHandler' driver.
CRITICAL - 2024-09-26 13:34:37 --> ErrorException: Undefined variable $userId
in APPPATH\Models\UserModel.php on line 21.
 1 APPPATH\Models\UserModel.php(21): CodeIgniter\Debug\Exceptions->errorHandler(2, 'Undefined variable $userId', 'C:\\laragon\\www\\Tesis-SistemaControl\\app\\Models\\UserModel.php', 21)
 2 APPPATH\Controllers\Login.php(99): App\Models\UserModel->CambioEstadoInactivo('8')
 3 SYSTEMPATH\CodeIgniter.php(943): App\Controllers\Login->signIn()
 4 SYSTEMPATH\CodeIgniter.php(503): CodeIgniter\CodeIgniter->runController(Object(App\Controllers\Login))
 5 SYSTEMPATH\CodeIgniter.php(361): CodeIgniter\CodeIgniter->handleRequest(null, Object(Config\Cache), false)
 6 FCPATH\index.php(81): CodeIgniter\CodeIgniter->run()
INFO - 2024-09-26 13:35:07 --> Session: Class initialized using 'CodeIgniter\Session\Handlers\FileHandler' driver.
CRITICAL - 2024-09-26 13:35:07 --> ErrorException: Undefined variable $Id
in APPPATH\Models\UserModel.php on line 21.
 1 APPPATH\Models\UserModel.php(21): CodeIgniter\Debug\Exceptions->errorHandler(2, 'Undefined variable $Id', 'C:\\laragon\\www\\Tesis-SistemaControl\\app\\Models\\UserModel.php', 21)
 2 APPPATH\Controllers\Login.php(99): App\Models\UserModel->CambioEstadoInactivo('8')
 3 SYSTEMPATH\CodeIgniter.php(943): App\Controllers\Login->signIn()
 4 SYSTEMPATH\CodeIgniter.php(503): CodeIgniter\CodeIgniter->runController(Object(App\Controllers\Login))
 5 SYSTEMPATH\CodeIgniter.php(361): CodeIgniter\CodeIgniter->handleRequest(null, Object(Config\Cache), false)
 6 FCPATH\index.php(81): CodeIgniter\CodeIgniter->run()
INFO - 2024-09-26 13:35:12 --> Session: Class initialized using 'CodeIgniter\Session\Handlers\FileHandler' driver.
INFO - 2024-09-26 13:35:17 --> Session: Class initialized using 'CodeIgniter\Session\Handlers\FileHandler' driver.
INFO - 2024-09-26 13:35:21 --> Session: Class initialized using 'CodeIgniter\Session\Handlers\FileHandler' driver.
INFO - 2024-09-26 13:35:29 --> Session: Class initialized using 'CodeIgniter\Session\Handlers\FileHandler' driver.
CRITICAL - 2024-09-26 13:35:29 --> ErrorException: Undefined variable $Id
in APPPATH\Models\UserModel.php on line 21.
 1 APPPATH\Models\UserModel.php(21): CodeIgniter\Debug\Exceptions->errorHandler(2, 'Undefined variable $Id', 'C:\\laragon\\www\\Tesis-SistemaControl\\app\\Models\\UserModel.php', 21)
 2 APPPATH\Controllers\Login.php(99): App\Models\UserModel->CambioEstadoInactivo('8')
 3 SYSTEMPATH\CodeIgniter.php(943): App\Controllers\Login->signIn()
 4 SYSTEMPATH\CodeIgniter.php(503): CodeIgniter\CodeIgniter->runController(Object(App\Controllers\Login))
 5 SYSTEMPATH\CodeIgniter.php(361): CodeIgniter\CodeIgniter->handleRequest(null, Object(Config\Cache), false)
 6 FCPATH\index.php(81): CodeIgniter\CodeIgniter->run()
INFO - 2024-09-26 13:35:44 --> Session: Class initialized using 'CodeIgniter\Session\Handlers\FileHandler' driver.
INFO - 2024-09-26 13:35:56 --> Session: Class initialized using 'CodeIgniter\Session\Handlers\FileHandler' driver.
INFO - 2024-09-26 13:36:01 --> Session: Class initialized using 'CodeIgniter\Session\Handlers\FileHandler' driver.
INFO - 2024-09-26 13:43:58 --> Session: Class initialized using 'CodeIgniter\Session\Handlers\FileHandler' driver.
INFO - 2024-09-26 14:53:57 --> Session: Class initialized using 'CodeIgniter\Session\Handlers\FileHandler' driver.
INFO - 2024-09-26 14:54:34 --> Session: Class initialized using 'CodeIgniter\Session\Handlers\FileHandler' driver.
INFO - 2024-09-26 14:54:40 --> Session: Class initialized using 'CodeIgniter\Session\Handlers\FileHandler' driver.
INFO - 2024-09-26 14:54:41 --> Session: Class initialized using 'CodeIgniter\Session\Handlers\FileHandler' driver.
INFO - 2024-09-26 14:54:42 --> Session: Class initialized using 'CodeIgniter\Session\Handlers\FileHandler' driver.
INFO - 2024-09-26 14:54:42 --> Session: Class initialized using 'CodeIgniter\Session\Handlers\FileHandler' driver.
INFO - 2024-09-26 14:54:47 --> Session: Class initialized using 'CodeIgniter\Session\Handlers\FileHandler' driver.
INFO - 2024-09-26 14:54:49 --> Session: Class initialized using 'CodeIgniter\Session\Handlers\FileHandler' driver.
INFO - 2024-09-26 14:55:00 --> Session: Class initialized using 'CodeIgniter\Session\Handlers\FileHandler' driver.
INFO - 2024-09-26 14:55:01 --> Session: Class initialized using 'CodeIgniter\Session\Handlers\FileHandler' driver.
INFO - 2024-09-26 14:55:05 --> Session: Class initialized using 'CodeIgniter\Session\Handlers\FileHandler' driver.
INFO - 2024-09-26 14:55:08 --> Session: Class initialized using 'CodeIgniter\Session\Handlers\FileHandler' driver.
INFO - 2024-09-26 14:55:15 --> Session: Class initialized using 'CodeIgniter\Session\Handlers\FileHandler' driver.
INFO - 2024-09-26 14:55:50 --> Session: Class initialized using 'CodeIgniter\Session\Handlers\FileHandler' driver.
INFO - 2024-09-26 14:56:04 --> Session: Class initialized using 'CodeIgniter\Session\Handlers\FileHandler' driver.
INFO - 2024-09-26 15:06:35 --> Session: Class initialized using 'CodeIgniter\Session\Handlers\FileHandler' driver.
INFO - 2024-09-26 15:06:40 --> Session: Class initialized using 'CodeIgniter\Session\Handlers\FileHandler' driver.
ERROR - 2024-09-26 15:06:40 --> mysqli_sql_exception: You have an error in your SQL syntax; check the manual that corresponds to your MySQL server version for the right syntax to use near '7 = :7:
WHERE `idUsuarios` = '7'
AND `estado` = 'Eliminado'' at line 1 in C:\laragon\www\Tesis-SistemaControl\vendor\codeigniter4\framework\system\Database\MySQLi\Connection.php:306
Stack trace:
#0 C:\laragon\www\Tesis-SistemaControl\vendor\codeigniter4\framework\system\Database\MySQLi\Connection.php(306): mysqli->query('UPDATE `usuario...', 0)
#1 C:\laragon\www\Tesis-SistemaControl\vendor\codeigniter4\framework\system\Database\BaseConnection.php(693): CodeIgniter\Database\MySQLi\Connection->execute('UPDATE `usuario...')
#2 C:\laragon\www\Tesis-SistemaControl\vendor\codeigniter4\framework\system\Database\BaseConnection.php(607): CodeIgniter\Database\BaseConnection->simpleQuery('UPDATE `usuario...')
#3 C:\laragon\www\Tesis-SistemaControl\vendor\codeigniter4\framework\system\Database\BaseBuilder.php(2474): CodeIgniter\Database\BaseConnection->query('UPDATE `usuario...', Array, false)
#4 C:\laragon\www\Tesis-SistemaControl\app\Controllers\Usuario.php(163): CodeIgniter\Database\BaseBuilder->update('7', Array)
#5 C:\laragon\www\Tesis-SistemaControl\vendor\codeigniter4\framework\system\CodeIgniter.php(943): App\Controllers\Usuario->delete('7')
#6 C:\laragon\www\Tesis-SistemaControl\vendor\codeigniter4\framework\system\CodeIgniter.php(503): CodeIgniter\CodeIgniter->runController(Object(App\Controllers\Usuario))
#7 C:\laragon\www\Tesis-SistemaControl\vendor\codeigniter4\framework\system\CodeIgniter.php(361): CodeIgniter\CodeIgniter->handleRequest(NULL, Object(Config\Cache), false)
#8 C:\laragon\www\Tesis-SistemaControl\public\index.php(81): CodeIgniter\CodeIgniter->run()
#9 {main}
CRITICAL - 2024-09-26 15:06:40 --> CodeIgniter\Database\Exceptions\DatabaseException: You have an error in your SQL syntax; check the manual that corresponds to your MySQL server version for the right syntax to use near '7 = :7:
WHERE `idUsuarios` = '7'
AND `estado` = 'Eliminado'' at line 1
in SYSTEMPATH\Database\BaseConnection.php on line 647.
 1 SYSTEMPATH\Database\BaseBuilder.php(2474): CodeIgniter\Database\BaseConnection->query('UPDATE `usuarios` SET 7 = :7:
WHERE `idUsuarios` = :idUsuarios:
AND `estado` = :estado:', [...], false)
 2 APPPATH\Controllers\Usuario.php(163): CodeIgniter\Database\BaseBuilder->update('7', [...])
 3 SYSTEMPATH\CodeIgniter.php(943): App\Controllers\Usuario->delete('7')
 4 SYSTEMPATH\CodeIgniter.php(503): CodeIgniter\CodeIgniter->runController(Object(App\Controllers\Usuario))
 5 SYSTEMPATH\CodeIgniter.php(361): CodeIgniter\CodeIgniter->handleRequest(null, Object(Config\Cache), false)
 6 FCPATH\index.php(81): CodeIgniter\CodeIgniter->run()
CRITICAL - 2024-09-26 15:06:40 --> [Caused by] CodeIgniter\Database\Exceptions\DatabaseException: You have an error in your SQL syntax; check the manual that corresponds to your MySQL server version for the right syntax to use near '7 = :7:
WHERE `idUsuarios` = '7'
AND `estado` = 'Eliminado'' at line 1
in SYSTEMPATH\Database\MySQLi\Connection.php on line 311.
 1 SYSTEMPATH\Database\BaseConnection.php(693): CodeIgniter\Database\MySQLi\Connection->execute('UPDATE `usuarios` SET 7 = :7:
WHERE `idUsuarios` = \'7\'
AND `estado` = \'Eliminado\'')
 2 SYSTEMPATH\Database\BaseConnection.php(607): CodeIgniter\Database\BaseConnection->simpleQuery('UPDATE `usuarios` SET 7 = :7:
WHERE `idUsuarios` = \'7\'
AND `estado` = \'Eliminado\'')
 3 SYSTEMPATH\Database\BaseBuilder.php(2474): CodeIgniter\Database\BaseConnection->query('UPDATE `usuarios` SET 7 = :7:
WHERE `idUsuarios` = :idUsuarios:
AND `estado` = :estado:', [...], false)
 4 APPPATH\Controllers\Usuario.php(163): CodeIgniter\Database\BaseBuilder->update('7', [...])
 5 SYSTEMPATH\CodeIgniter.php(943): App\Controllers\Usuario->delete('7')
 6 SYSTEMPATH\CodeIgniter.php(503): CodeIgniter\CodeIgniter->runController(Object(App\Controllers\Usuario))
 7 SYSTEMPATH\CodeIgniter.php(361): CodeIgniter\CodeIgniter->handleRequest(null, Object(Config\Cache), false)
 8 FCPATH\index.php(81): CodeIgniter\CodeIgniter->run()
CRITICAL - 2024-09-26 15:06:40 --> [Caused by] mysqli_sql_exception: You have an error in your SQL syntax; check the manual that corresponds to your MySQL server version for the right syntax to use near '7 = :7:
WHERE `idUsuarios` = '7'
AND `estado` = 'Eliminado'' at line 1
in SYSTEMPATH\Database\MySQLi\Connection.php on line 306.
 1 SYSTEMPATH\Database\MySQLi\Connection.php(306): mysqli->query('UPDATE `usuarios` SET 7 = :7:
WHERE `idUsuarios` = \'7\'
AND `estado` = \'Eliminado\'', 0)
 2 SYSTEMPATH\Database\BaseConnection.php(693): CodeIgniter\Database\MySQLi\Connection->execute('UPDATE `usuarios` SET 7 = :7:
WHERE `idUsuarios` = \'7\'
AND `estado` = \'Eliminado\'')
 3 SYSTEMPATH\Database\BaseConnection.php(607): CodeIgniter\Database\BaseConnection->simpleQuery('UPDATE `usuarios` SET 7 = :7:
WHERE `idUsuarios` = \'7\'
AND `estado` = \'Eliminado\'')
 4 SYSTEMPATH\Database\BaseBuilder.php(2474): CodeIgniter\Database\BaseConnection->query('UPDATE `usuarios` SET 7 = :7:
WHERE `idUsuarios` = :idUsuarios:
AND `estado` = :estado:', [...], false)
 5 APPPATH\Controllers\Usuario.php(163): CodeIgniter\Database\BaseBuilder->update('7', [...])
 6 SYSTEMPATH\CodeIgniter.php(943): App\Controllers\Usuario->delete('7')
 7 SYSTEMPATH\CodeIgniter.php(503): CodeIgniter\CodeIgniter->runController(Object(App\Controllers\Usuario))
 8 SYSTEMPATH\CodeIgniter.php(361): CodeIgniter\CodeIgniter->handleRequest(null, Object(Config\Cache), false)
 9 FCPATH\index.php(81): CodeIgniter\CodeIgniter->run()
INFO - 2024-09-26 15:11:11 --> Session: Class initialized using 'CodeIgniter\Session\Handlers\FileHandler' driver.
INFO - 2024-09-26 15:11:12 --> Session: Class initialized using 'CodeIgniter\Session\Handlers\FileHandler' driver.
INFO - 2024-09-26 15:12:07 --> Session: Class initialized using 'CodeIgniter\Session\Handlers\FileHandler' driver.
INFO - 2024-09-26 15:14:08 --> Session: Class initialized using 'CodeIgniter\Session\Handlers\FileHandler' driver.
INFO - 2024-09-26 15:15:20 --> Session: Class initialized using 'CodeIgniter\Session\Handlers\FileHandler' driver.
INFO - 2024-09-26 15:15:20 --> Session: Class initialized using 'CodeIgniter\Session\Handlers\FileHandler' driver.
INFO - 2024-09-26 15:15:20 --> Session: Class initialized using 'CodeIgniter\Session\Handlers\FileHandler' driver.
INFO - 2024-09-26 15:15:20 --> Session: Class initialized using 'CodeIgniter\Session\Handlers\FileHandler' driver.
INFO - 2024-09-26 15:15:30 --> Session: Class initialized using 'CodeIgniter\Session\Handlers\FileHandler' driver.
CRITICAL - 2024-09-26 15:15:30 --> ErrorException: Trying to access array offset on value of type null
in APPPATH\Controllers\Login.php on line 54.
 1 APPPATH\Controllers\Login.php(54): CodeIgniter\Debug\Exceptions->errorHandler(2, 'Trying to access array offset on value of type null', 'C:\\laragon\\www\\Tesis-SistemaControl\\app\\Controllers\\Login.php', 54)
 2 SYSTEMPATH\CodeIgniter.php(943): App\Controllers\Login->signIn()
 3 SYSTEMPATH\CodeIgniter.php(503): CodeIgniter\CodeIgniter->runController(Object(App\Controllers\Login))
 4 SYSTEMPATH\CodeIgniter.php(361): CodeIgniter\CodeIgniter->handleRequest(null, Object(Config\Cache), false)
 5 FCPATH\index.php(81): CodeIgniter\CodeIgniter->run()
INFO - 2024-09-26 15:18:13 --> Session: Class initialized using 'CodeIgniter\Session\Handlers\FileHandler' driver.
INFO - 2024-09-26 15:59:37 --> Session: Class initialized using 'CodeIgniter\Session\Handlers\FileHandler' driver.
INFO - 2024-09-26 15:59:39 --> Session: Class initialized using 'CodeIgniter\Session\Handlers\FileHandler' driver.
INFO - 2024-09-26 15:59:43 --> Session: Class initialized using 'CodeIgniter\Session\Handlers\FileHandler' driver.
INFO - 2024-09-26 15:59:43 --> Session: Class initialized using 'CodeIgniter\Session\Handlers\FileHandler' driver.
INFO - 2024-09-26 15:59:49 --> Session: Class initialized using 'CodeIgniter\Session\Handlers\FileHandler' driver.
INFO - 2024-09-26 15:59:50 --> Session: Class initialized using 'CodeIgniter\Session\Handlers\FileHandler' driver.
INFO - 2024-09-26 15:59:51 --> Session: Class initialized using 'CodeIgniter\Session\Handlers\FileHandler' driver.
INFO - 2024-09-26 15:59:53 --> Session: Class initialized using 'CodeIgniter\Session\Handlers\FileHandler' driver.
INFO - 2024-09-26 15:59:58 --> Session: Class initialized using 'CodeIgniter\Session\Handlers\FileHandler' driver.
INFO - 2024-09-26 15:59:59 --> Session: Class initialized using 'CodeIgniter\Session\Handlers\FileHandler' driver.
INFO - 2024-09-26 16:00:00 --> Session: Class initialized using 'CodeIgniter\Session\Handlers\FileHandler' driver.
INFO - 2024-09-26 16:00:47 --> Session: Class initialized using 'CodeIgniter\Session\Handlers\FileHandler' driver.
INFO - 2024-09-26 16:01:38 --> Session: Class initialized using 'CodeIgniter\Session\Handlers\FileHandler' driver.
INFO - 2024-09-26 16:02:12 --> Session: Class initialized using 'CodeIgniter\Session\Handlers\FileHandler' driver.
INFO - 2024-09-26 16:02:18 --> Session: Class initialized using 'CodeIgniter\Session\Handlers\FileHandler' driver.
INFO - 2024-09-26 16:08:26 --> Session: Class initialized using 'CodeIgniter\Session\Handlers\FileHandler' driver.
INFO - 2024-09-26 16:08:34 --> Session: Class initialized using 'CodeIgniter\Session\Handlers\FileHandler' driver.
INFO - 2024-09-26 16:13:48 --> Session: Class initialized using 'CodeIgniter\Session\Handlers\FileHandler' driver.
INFO - 2024-09-26 16:13:49 --> Session: Class initialized using 'CodeIgniter\Session\Handlers\FileHandler' driver.
CRITICAL - 2024-09-26 16:13:49 --> ErrorException: Undefined variable $metas
in APPPATH\Controllers\Home.php on line 40.
 1 APPPATH\Controllers\Home.php(40): CodeIgniter\Debug\Exceptions->errorHandler(2, 'Undefined variable $metas', 'C:\\laragon\\www\\Tesis-SistemaControl\\app\\Controllers\\Home.php', 40)
 2 SYSTEMPATH\CodeIgniter.php(943): App\Controllers\Home->getMetas()
 3 SYSTEMPATH\CodeIgniter.php(503): CodeIgniter\CodeIgniter->runController(Object(App\Controllers\Home))
 4 SYSTEMPATH\CodeIgniter.php(361): CodeIgniter\CodeIgniter->handleRequest(null, Object(Config\Cache), false)
 5 FCPATH\index.php(81): CodeIgniter\CodeIgniter->run()
INFO - 2024-09-26 16:13:49 --> Session: Class initialized using 'CodeIgniter\Session\Handlers\FileHandler' driver.
CRITICAL - 2024-09-26 16:13:49 --> ErrorException: Undefined variable $metas
in APPPATH\Controllers\Home.php on line 40.
 1 APPPATH\Controllers\Home.php(40): CodeIgniter\Debug\Exceptions->errorHandler(2, 'Undefined variable $metas', 'C:\\laragon\\www\\Tesis-SistemaControl\\app\\Controllers\\Home.php', 40)
 2 SYSTEMPATH\CodeIgniter.php(943): App\Controllers\Home->getMetas()
 3 SYSTEMPATH\CodeIgniter.php(503): CodeIgniter\CodeIgniter->runController(Object(App\Controllers\Home))
 4 SYSTEMPATH\CodeIgniter.php(361): CodeIgniter\CodeIgniter->handleRequest(null, Object(Config\Cache), false)
 5 FCPATH\index.php(81): CodeIgniter\CodeIgniter->run()
INFO - 2024-09-26 16:14:27 --> Session: Class initialized using 'CodeIgniter\Session\Handlers\FileHandler' driver.
INFO - 2024-09-26 16:14:28 --> Session: Class initialized using 'CodeIgniter\Session\Handlers\FileHandler' driver.
INFO - 2024-09-26 16:14:29 --> Session: Class initialized using 'CodeIgniter\Session\Handlers\FileHandler' driver.
INFO - 2024-09-26 16:30:43 --> Session: Class initialized using 'CodeIgniter\Session\Handlers\FileHandler' driver.
INFO - 2024-09-26 16:31:09 --> Session: Class initialized using 'CodeIgniter\Session\Handlers\FileHandler' driver.
INFO - 2024-09-26 16:36:15 --> Session: Class initialized using 'CodeIgniter\Session\Handlers\FileHandler' driver.
INFO - 2024-09-26 16:36:46 --> Session: Class initialized using 'CodeIgniter\Session\Handlers\FileHandler' driver.
INFO - 2024-09-26 16:36:47 --> Session: Class initialized using 'CodeIgniter\Session\Handlers\FileHandler' driver.
INFO - 2024-09-26 17:01:30 --> Session: Class initialized using 'CodeIgniter\Session\Handlers\FileHandler' driver.
INFO - 2024-09-26 17:03:51 --> Session: Class initialized using 'CodeIgniter\Session\Handlers\FileHandler' driver.
INFO - 2024-09-26 17:06:12 --> Session: Class initialized using 'CodeIgniter\Session\Handlers\FileHandler' driver.
INFO - 2024-09-26 17:06:13 --> Session: Class initialized using 'CodeIgniter\Session\Handlers\FileHandler' driver.
INFO - 2024-09-26 17:06:14 --> Session: Class initialized using 'CodeIgniter\Session\Handlers\FileHandler' driver.
INFO - 2024-09-26 17:06:15 --> Session: Class initialized using 'CodeIgniter\Session\Handlers\FileHandler' driver.
INFO - 2024-09-26 17:06:17 --> Session: Class initialized using 'CodeIgniter\Session\Handlers\FileHandler' driver.
INFO - 2024-09-26 17:07:05 --> Session: Class initialized using 'CodeIgniter\Session\Handlers\FileHandler' driver.
INFO - 2024-09-26 17:07:16 --> Session: Class initialized using 'CodeIgniter\Session\Handlers\FileHandler' driver.
INFO - 2024-09-26 17:07:20 --> Session: Class initialized using 'CodeIgniter\Session\Handlers\FileHandler' driver.
INFO - 2024-09-26 17:07:41 --> Session: Class initialized using 'CodeIgniter\Session\Handlers\FileHandler' driver.
INFO - 2024-09-26 17:15:53 --> Session: Class initialized using 'CodeIgniter\Session\Handlers\FileHandler' driver.
INFO - 2024-09-26 17:16:14 --> Session: Class initialized using 'CodeIgniter\Session\Handlers\FileHandler' driver.
INFO - 2024-09-26 17:17:30 --> Session: Class initialized using 'CodeIgniter\Session\Handlers\FileHandler' driver.
INFO - 2024-09-26 17:17:34 --> Session: Class initialized using 'CodeIgniter\Session\Handlers\FileHandler' driver.
INFO - 2024-09-26 17:18:04 --> Session: Class initialized using 'CodeIgniter\Session\Handlers\FileHandler' driver.
INFO - 2024-09-26 17:18:06 --> Session: Class initialized using 'CodeIgniter\Session\Handlers\FileHandler' driver.
INFO - 2024-09-26 17:24:02 --> Session: Class initialized using 'CodeIgniter\Session\Handlers\FileHandler' driver.
INFO - 2024-09-26 17:24:39 --> Session: Class initialized using 'CodeIgniter\Session\Handlers\FileHandler' driver.
INFO - 2024-09-26 17:24:40 --> Session: Class initialized using 'CodeIgniter\Session\Handlers\FileHandler' driver.
INFO - 2024-09-26 17:24:57 --> Session: Class initialized using 'CodeIgniter\Session\Handlers\FileHandler' driver.
INFO - 2024-09-26 17:24:58 --> Session: Class initialized using 'CodeIgniter\Session\Handlers\FileHandler' driver.
INFO - 2024-09-26 17:25:50 --> Session: Class initialized using 'CodeIgniter\Session\Handlers\FileHandler' driver.
INFO - 2024-09-26 17:25:52 --> Session: Class initialized using 'CodeIgniter\Session\Handlers\FileHandler' driver.
INFO - 2024-09-26 17:26:04 --> Session: Class initialized using 'CodeIgniter\Session\Handlers\FileHandler' driver.
INFO - 2024-09-26 17:26:04 --> Session: Class initialized using 'CodeIgniter\Session\Handlers\FileHandler' driver.
INFO - 2024-09-26 17:27:42 --> Session: Class initialized using 'CodeIgniter\Session\Handlers\FileHandler' driver.
INFO - 2024-09-26 17:27:52 --> Session: Class initialized using 'CodeIgniter\Session\Handlers\FileHandler' driver.
INFO - 2024-09-26 17:28:06 --> Session: Class initialized using 'CodeIgniter\Session\Handlers\FileHandler' driver.
INFO - 2024-09-26 17:28:06 --> Session: Class initialized using 'CodeIgniter\Session\Handlers\FileHandler' driver.
INFO - 2024-09-26 17:32:38 --> Session: Class initialized using 'CodeIgniter\Session\Handlers\FileHandler' driver.
INFO - 2024-09-26 17:32:41 --> Session: Class initialized using 'CodeIgniter\Session\Handlers\FileHandler' driver.
INFO - 2024-09-26 17:32:57 --> Session: Class initialized using 'CodeIgniter\Session\Handlers\FileHandler' driver.
INFO - 2024-09-26 17:32:58 --> Session: Class initialized using 'CodeIgniter\Session\Handlers\FileHandler' driver.
INFO - 2024-09-26 17:33:05 --> Session: Class initialized using 'CodeIgniter\Session\Handlers\FileHandler' driver.
INFO - 2024-09-26 17:33:05 --> Session: Class initialized using 'CodeIgniter\Session\Handlers\FileHandler' driver.
INFO - 2024-09-26 17:33:14 --> Session: Class initialized using 'CodeIgniter\Session\Handlers\FileHandler' driver.
INFO - 2024-09-26 17:33:14 --> Session: Class initialized using 'CodeIgniter\Session\Handlers\FileHandler' driver.
INFO - 2024-09-26 17:33:15 --> Session: Class initialized using 'CodeIgniter\Session\Handlers\FileHandler' driver.
INFO - 2024-09-26 17:33:16 --> Session: Class initialized using 'CodeIgniter\Session\Handlers\FileHandler' driver.
INFO - 2024-09-26 17:33:25 --> Session: Class initialized using 'CodeIgniter\Session\Handlers\FileHandler' driver.
INFO - 2024-09-26 17:33:37 --> Session: Class initialized using 'CodeIgniter\Session\Handlers\FileHandler' driver.
INFO - 2024-09-26 17:33:41 --> Session: Class initialized using 'CodeIgniter\Session\Handlers\FileHandler' driver.
INFO - 2024-09-26 17:33:43 --> Session: Class initialized using 'CodeIgniter\Session\Handlers\FileHandler' driver.
INFO - 2024-09-26 17:33:43 --> Session: Class initialized using 'CodeIgniter\Session\Handlers\FileHandler' driver.
INFO - 2024-09-26 17:33:49 --> Session: Class initialized using 'CodeIgniter\Session\Handlers\FileHandler' driver.
INFO - 2024-09-26 17:33:54 --> Session: Class initialized using 'CodeIgniter\Session\Handlers\FileHandler' driver.
INFO - 2024-09-26 17:35:15 --> Session: Class initialized using 'CodeIgniter\Session\Handlers\FileHandler' driver.
INFO - 2024-09-26 17:35:15 --> Session: Class initialized using 'CodeIgniter\Session\Handlers\FileHandler' driver.
INFO - 2024-09-26 17:35:43 --> Session: Class initialized using 'CodeIgniter\Session\Handlers\FileHandler' driver.
INFO - 2024-09-26 17:35:57 --> Session: Class initialized using 'CodeIgniter\Session\Handlers\FileHandler' driver.
INFO - 2024-09-26 17:36:13 --> Session: Class initialized using 'CodeIgniter\Session\Handlers\FileHandler' driver.
INFO - 2024-09-26 17:36:13 --> Session: Class initialized using 'CodeIgniter\Session\Handlers\FileHandler' driver.
INFO - 2024-09-26 17:37:39 --> Session: Class initialized using 'CodeIgniter\Session\Handlers\FileHandler' driver.
INFO - 2024-09-26 17:37:43 --> Session: Class initialized using 'CodeIgniter\Session\Handlers\FileHandler' driver.
INFO - 2024-09-26 17:38:03 --> Session: Class initialized using 'CodeIgniter\Session\Handlers\FileHandler' driver.
INFO - 2024-09-26 17:38:03 --> Session: Class initialized using 'CodeIgniter\Session\Handlers\FileHandler' driver.
INFO - 2024-09-26 17:41:52 --> Session: Class initialized using 'CodeIgniter\Session\Handlers\FileHandler' driver.
INFO - 2024-09-26 22:07:56 --> Session: Class initialized using 'CodeIgniter\Session\Handlers\FileHandler' driver.
INFO - 2024-09-26 22:07:57 --> Session: Class initialized using 'CodeIgniter\Session\Handlers\FileHandler' driver.
INFO - 2024-09-26 22:08:13 --> Session: Class initialized using 'CodeIgniter\Session\Handlers\FileHandler' driver.
INFO - 2024-09-26 22:08:26 --> Session: Class initialized using 'CodeIgniter\Session\Handlers\FileHandler' driver.
INFO - 2024-09-26 22:09:08 --> Session: Class initialized using 'CodeIgniter\Session\Handlers\FileHandler' driver.
INFO - 2024-09-26 22:09:14 --> Session: Class initialized using 'CodeIgniter\Session\Handlers\FileHandler' driver.
INFO - 2024-09-26 22:09:18 --> Session: Class initialized using 'CodeIgniter\Session\Handlers\FileHandler' driver.
INFO - 2024-09-26 22:09:23 --> Session: Class initialized using 'CodeIgniter\Session\Handlers\FileHandler' driver.
INFO - 2024-09-26 22:10:14 --> Session: Class initialized using 'CodeIgniter\Session\Handlers\FileHandler' driver.
INFO - 2024-09-26 22:10:27 --> Session: Class initialized using 'CodeIgniter\Session\Handlers\FileHandler' driver.
INFO - 2024-09-26 22:10:28 --> Session: Class initialized using 'CodeIgniter\Session\Handlers\FileHandler' driver.
INFO - 2024-09-26 22:10:30 --> Session: Class initialized using 'CodeIgniter\Session\Handlers\FileHandler' driver.
INFO - 2024-09-26 22:10:30 --> Session: Class initialized using 'CodeIgniter\Session\Handlers\FileHandler' driver.
INFO - 2024-09-26 22:10:41 --> Session: Class initialized using 'CodeIgniter\Session\Handlers\FileHandler' driver.
INFO - 2024-09-26 22:10:52 --> Session: Class initialized using 'CodeIgniter\Session\Handlers\FileHandler' driver.
INFO - 2024-09-26 22:10:57 --> Session: Class initialized using 'CodeIgniter\Session\Handlers\FileHandler' driver.
INFO - 2024-09-26 22:11:05 --> Session: Class initialized using 'CodeIgniter\Session\Handlers\FileHandler' driver.
INFO - 2024-09-26 22:11:12 --> Session: Class initialized using 'CodeIgniter\Session\Handlers\FileHandler' driver.
INFO - 2024-09-26 22:11:21 --> Session: Class initialized using 'CodeIgniter\Session\Handlers\FileHandler' driver.
INFO - 2024-09-26 22:11:21 --> Session: Class initialized using 'CodeIgniter\Session\Handlers\FileHandler' driver.
INFO - 2024-09-26 22:11:31 --> Session: Class initialized using 'CodeIgniter\Session\Handlers\FileHandler' driver.
INFO - 2024-09-26 22:11:31 --> Session: Class initialized using 'CodeIgniter\Session\Handlers\FileHandler' driver.
INFO - 2024-09-26 22:11:31 --> Session: Class initialized using 'CodeIgniter\Session\Handlers\FileHandler' driver.
INFO - 2024-09-26 22:11:31 --> Session: Class initialized using 'CodeIgniter\Session\Handlers\FileHandler' driver.
INFO - 2024-09-26 22:11:39 --> Session: Class initialized using 'CodeIgniter\Session\Handlers\FileHandler' driver.
INFO - 2024-09-26 22:11:40 --> Session: Class initialized using 'CodeIgniter\Session\Handlers\FileHandler' driver.
INFO - 2024-09-26 22:11:42 --> Session: Class initialized using 'CodeIgniter\Session\Handlers\FileHandler' driver.
INFO - 2024-09-26 22:11:42 --> Session: Class initialized using 'CodeIgniter\Session\Handlers\FileHandler' driver.
INFO - 2024-09-26 22:11:51 --> Session: Class initialized using 'CodeIgniter\Session\Handlers\FileHandler' driver.
INFO - 2024-09-26 22:13:01 --> Session: Class initialized using 'CodeIgniter\Session\Handlers\FileHandler' driver.
INFO - 2024-09-26 22:13:01 --> Session: Class initialized using 'CodeIgniter\Session\Handlers\FileHandler' driver.
INFO - 2024-09-26 22:13:02 --> Session: Class initialized using 'CodeIgniter\Session\Handlers\FileHandler' driver.
INFO - 2024-09-26 22:13:02 --> Session: Class initialized using 'CodeIgniter\Session\Handlers\FileHandler' driver.
INFO - 2024-09-26 22:13:08 --> Session: Class initialized using 'CodeIgniter\Session\Handlers\FileHandler' driver.
INFO - 2024-09-26 22:13:09 --> Session: Class initialized using 'CodeIgniter\Session\Handlers\FileHandler' driver.
INFO - 2024-09-26 22:13:11 --> Session: Class initialized using 'CodeIgniter\Session\Handlers\FileHandler' driver.
INFO - 2024-09-26 22:13:11 --> Session: Class initialized using 'CodeIgniter\Session\Handlers\FileHandler' driver.
INFO - 2024-09-26 22:13:19 --> Session: Class initialized using 'CodeIgniter\Session\Handlers\FileHandler' driver.
INFO - 2024-09-26 22:13:49 --> Session: Class initialized using 'CodeIgniter\Session\Handlers\FileHandler' driver.
INFO - 2024-09-26 22:14:05 --> Session: Class initialized using 'CodeIgniter\Session\Handlers\FileHandler' driver.
INFO - 2024-09-26 22:14:07 --> Session: Class initialized using 'CodeIgniter\Session\Handlers\FileHandler' driver.
INFO - 2024-09-26 22:14:07 --> Session: Class initialized using 'CodeIgniter\Session\Handlers\FileHandler' driver.
INFO - 2024-09-26 22:14:44 --> Session: Class initialized using 'CodeIgniter\Session\Handlers\FileHandler' driver.
INFO - 2024-09-26 22:14:58 --> Session: Class initialized using 'CodeIgniter\Session\Handlers\FileHandler' driver.
INFO - 2024-09-26 22:15:00 --> Session: Class initialized using 'CodeIgniter\Session\Handlers\FileHandler' driver.
INFO - 2024-09-26 22:15:01 --> Session: Class initialized using 'CodeIgniter\Session\Handlers\FileHandler' driver.
INFO - 2024-09-26 22:15:20 --> Session: Class initialized using 'CodeIgniter\Session\Handlers\FileHandler' driver.
INFO - 2024-09-26 22:16:37 --> Session: Class initialized using 'CodeIgniter\Session\Handlers\FileHandler' driver.
INFO - 2024-09-26 22:17:00 --> Session: Class initialized using 'CodeIgniter\Session\Handlers\FileHandler' driver.
INFO - 2024-09-26 22:17:03 --> Session: Class initialized using 'CodeIgniter\Session\Handlers\FileHandler' driver.
INFO - 2024-09-26 22:17:06 --> Session: Class initialized using 'CodeIgniter\Session\Handlers\FileHandler' driver.
INFO - 2024-09-26 22:18:29 --> Session: Class initialized using 'CodeIgniter\Session\Handlers\FileHandler' driver.
INFO - 2024-09-26 22:18:48 --> Session: Class initialized using 'CodeIgniter\Session\Handlers\FileHandler' driver.
INFO - 2024-09-26 22:19:06 --> Session: Class initialized using 'CodeIgniter\Session\Handlers\FileHandler' driver.
INFO - 2024-09-26 22:19:08 --> Session: Class initialized using 'CodeIgniter\Session\Handlers\FileHandler' driver.
INFO - 2024-09-26 22:19:16 --> Session: Class initialized using 'CodeIgniter\Session\Handlers\FileHandler' driver.
INFO - 2024-09-26 22:19:16 --> Session: Class initialized using 'CodeIgniter\Session\Handlers\FileHandler' driver.
INFO - 2024-09-26 22:19:38 --> Session: Class initialized using 'CodeIgniter\Session\Handlers\FileHandler' driver.
INFO - 2024-09-26 22:19:38 --> Session: Class initialized using 'CodeIgniter\Session\Handlers\FileHandler' driver.
INFO - 2024-09-26 22:19:39 --> Session: Class initialized using 'CodeIgniter\Session\Handlers\FileHandler' driver.
INFO - 2024-09-26 22:19:39 --> Session: Class initialized using 'CodeIgniter\Session\Handlers\FileHandler' driver.
INFO - 2024-09-26 22:19:51 --> Session: Class initialized using 'CodeIgniter\Session\Handlers\FileHandler' driver.
INFO - 2024-09-26 22:19:52 --> Session: Class initialized using 'CodeIgniter\Session\Handlers\FileHandler' driver.
INFO - 2024-09-26 22:19:53 --> Session: Class initialized using 'CodeIgniter\Session\Handlers\FileHandler' driver.
INFO - 2024-09-26 22:19:53 --> Session: Class initialized using 'CodeIgniter\Session\Handlers\FileHandler' driver.
INFO - 2024-09-26 22:20:03 --> Session: Class initialized using 'CodeIgniter\Session\Handlers\FileHandler' driver.
INFO - 2024-09-26 22:20:03 --> Session: Class initialized using 'CodeIgniter\Session\Handlers\FileHandler' driver.
INFO - 2024-09-26 22:20:03 --> Session: Class initialized using 'CodeIgniter\Session\Handlers\FileHandler' driver.
INFO - 2024-09-26 22:20:04 --> Session: Class initialized using 'CodeIgniter\Session\Handlers\FileHandler' driver.
INFO - 2024-09-26 22:23:03 --> Session: Class initialized using 'CodeIgniter\Session\Handlers\FileHandler' driver.
INFO - 2024-09-26 22:23:03 --> Session: Class initialized using 'CodeIgniter\Session\Handlers\FileHandler' driver.
INFO - 2024-09-26 22:23:04 --> Session: Class initialized using 'CodeIgniter\Session\Handlers\FileHandler' driver.
INFO - 2024-09-26 22:23:04 --> Session: Class initialized using 'CodeIgniter\Session\Handlers\FileHandler' driver.
INFO - 2024-09-26 22:23:09 --> Session: Class initialized using 'CodeIgniter\Session\Handlers\FileHandler' driver.
INFO - 2024-09-26 22:23:09 --> Session: Class initialized using 'CodeIgniter\Session\Handlers\FileHandler' driver.
INFO - 2024-09-26 22:23:09 --> Session: Class initialized using 'CodeIgniter\Session\Handlers\FileHandler' driver.
INFO - 2024-09-26 22:23:10 --> Session: Class initialized using 'CodeIgniter\Session\Handlers\FileHandler' driver.
INFO - 2024-09-26 22:23:25 --> Session: Class initialized using 'CodeIgniter\Session\Handlers\FileHandler' driver.
INFO - 2024-09-26 22:23:29 --> Session: Class initialized using 'CodeIgniter\Session\Handlers\FileHandler' driver.
INFO - 2024-09-26 22:23:52 --> Session: Class initialized using 'CodeIgniter\Session\Handlers\FileHandler' driver.
INFO - 2024-09-26 22:23:54 --> Session: Class initialized using 'CodeIgniter\Session\Handlers\FileHandler' driver.
INFO - 2024-09-26 22:24:05 --> Session: Class initialized using 'CodeIgniter\Session\Handlers\FileHandler' driver.
INFO - 2024-09-26 22:24:10 --> Session: Class initialized using 'CodeIgniter\Session\Handlers\FileHandler' driver.
ERROR - 2024-09-26 22:24:33 --> mysqli_sql_exception: Unknown column 'productos_lotes.idProducto' in 'field list' in C:\laragon\www\Tesis-SistemaControl\vendor\codeigniter4\framework\system\Database\MySQLi\Connection.php:306
Stack trace:
#0 C:\laragon\www\Tesis-SistemaControl\vendor\codeigniter4\framework\system\Database\MySQLi\Connection.php(306): mysqli->query('SELECT `product...', 0)
#1 C:\laragon\www\Tesis-SistemaControl\vendor\codeigniter4\framework\system\Database\BaseConnection.php(693): CodeIgniter\Database\MySQLi\Connection->execute('SELECT `product...')
#2 C:\laragon\www\Tesis-SistemaControl\vendor\codeigniter4\framework\system\Database\BaseConnection.php(607): CodeIgniter\Database\BaseConnection->simpleQuery('SELECT `product...')
#3 C:\laragon\www\Tesis-SistemaControl\vendor\codeigniter4\framework\system\Database\BaseBuilder.php(1616): CodeIgniter\Database\BaseConnection->query('SELECT `product...', Array, false)
#4 C:\laragon\www\Tesis-SistemaControl\vendor\codeigniter4\framework\system\Model.php(243): CodeIgniter\Database\BaseBuilder->get()
#5 C:\laragon\www\Tesis-SistemaControl\vendor\codeigniter4\framework\system\BaseModel.php(641): CodeIgniter\Model->doFindAll(0, 0)
#6 C:\laragon\www\Tesis-SistemaControl\app\Controllers\SolicitudProductos.php(101): CodeIgniter\BaseModel->findAll()
#7 C:\laragon\www\Tesis-SistemaControl\vendor\codeigniter4\framework\system\CodeIgniter.php(943): App\Controllers\SolicitudProductos->edit('1')
#8 C:\laragon\www\Tesis-SistemaControl\vendor\codeigniter4\framework\system\CodeIgniter.php(503): CodeIgniter\CodeIgniter->runController(Object(App\Controllers\SolicitudProductos))
#9 C:\laragon\www\Tesis-SistemaControl\vendor\codeigniter4\framework\system\CodeIgniter.php(361): CodeIgniter\CodeIgniter->handleRequest(NULL, Object(Config\Cache), false)
#10 C:\laragon\www\Tesis-SistemaControl\public\index.php(81): CodeIgniter\CodeIgniter->run()
#11 {main}
CRITICAL - 2024-09-26 22:24:33 --> CodeIgniter\Database\Exceptions\DatabaseException: Unknown column 'productos_lotes.idProducto' in 'field list'
in SYSTEMPATH\Database\BaseConnection.php on line 647.
 1 SYSTEMPATH\Database\BaseBuilder.php(1616): CodeIgniter\Database\BaseConnection->query('SELECT `productos_ingresos_detalle`.*, `productos_lotes`.`idProductoLote`, `productos_lotes`.`idProducto`, `productos`.`descripcionProducto`, `productos_lotes`.`codigoLote`, `productos_lotes`.`fechaIngreso`, `productos_lotes`.`fechaVencimiento`, `productos_lotes`.`idUdmCaja`, `productos_lotes`.`existenciaCaja`, `productos_lotes`.`idUdmIndividual`, `productos_lotes`.`existenciaIndividual`, `udm_caja`.`nombreCaja` as `udmCaja`, `udm_individual`.`nombreIndividual` as `udmIndividual`
FROM `productos_ingresos_detalle`
LEFT JOIN `productos_lotes` ON `productos_lotes`.`idProductoLote` = `productos_ingresos_detalle`.`idProductoLote`
LEFT JOIN `productos` ON `productos`.`idProducto` = `productos_lotes`.`idProducto`
LEFT JOIN `udm_caja` ON `productos_lotes`.`idUdmCaja` = `udm_caja`.`idUdmCaja`
LEFT JOIN `udm_individual` ON `productos_lotes`.`idUdmIndividual` = `udm_individual`.`idUdmIndividual`
WHERE `productos_ingresos_detalle`.`idProductoIngreso` = :productos_ingresos_detalle.idProductoIngreso:', [...], false)
 2 SYSTEMPATH\Model.php(243): CodeIgniter\Database\BaseBuilder->get()
 3 SYSTEMPATH\BaseModel.php(641): CodeIgniter\Model->doFindAll(0, 0)
 4 APPPATH\Controllers\SolicitudProductos.php(101): CodeIgniter\BaseModel->findAll()
 5 SYSTEMPATH\CodeIgniter.php(943): App\Controllers\SolicitudProductos->edit('1')
 6 SYSTEMPATH\CodeIgniter.php(503): CodeIgniter\CodeIgniter->runController(Object(App\Controllers\SolicitudProductos))
 7 SYSTEMPATH\CodeIgniter.php(361): CodeIgniter\CodeIgniter->handleRequest(null, Object(Config\Cache), false)
 8 FCPATH\index.php(81): CodeIgniter\CodeIgniter->run()
CRITICAL - 2024-09-26 22:24:33 --> [Caused by] CodeIgniter\Database\Exceptions\DatabaseException: Unknown column 'productos_lotes.idProducto' in 'field list'
in SYSTEMPATH\Database\MySQLi\Connection.php on line 311.
 1 SYSTEMPATH\Database\BaseConnection.php(693): CodeIgniter\Database\MySQLi\Connection->execute('SELECT `productos_ingresos_detalle`.*, `productos_lotes`.`idProductoLote`, `productos_lotes`.`idProducto`, `productos`.`descripcionProducto`, `productos_lotes`.`codigoLote`, `productos_lotes`.`fechaIngreso`, `productos_lotes`.`fechaVencimiento`, `productos_lotes`.`idUdmCaja`, `productos_lotes`.`existenciaCaja`, `productos_lotes`.`idUdmIndividual`, `productos_lotes`.`existenciaIndividual`, `udm_caja`.`nombreCaja` as `udmCaja`, `udm_individual`.`nombreIndividual` as `udmIndividual`
FROM `productos_ingresos_detalle`
LEFT JOIN `productos_lotes` ON `productos_lotes`.`idProductoLote` = `productos_ingresos_detalle`.`idProductoLote`
LEFT JOIN `productos` ON `productos`.`idProducto` = `productos_lotes`.`idProducto`
LEFT JOIN `udm_caja` ON `productos_lotes`.`idUdmCaja` = `udm_caja`.`idUdmCaja`
LEFT JOIN `udm_individual` ON `productos_lotes`.`idUdmIndividual` = `udm_individual`.`idUdmIndividual`
WHERE `productos_ingresos_detalle`.`idProductoIngreso` = \'1\'')
 2 SYSTEMPATH\Database\BaseConnection.php(607): CodeIgniter\Database\BaseConnection->simpleQuery('SELECT `productos_ingresos_detalle`.*, `productos_lotes`.`idProductoLote`, `productos_lotes`.`idProducto`, `productos`.`descripcionProducto`, `productos_lotes`.`codigoLote`, `productos_lotes`.`fechaIngreso`, `productos_lotes`.`fechaVencimiento`, `productos_lotes`.`idUdmCaja`, `productos_lotes`.`existenciaCaja`, `productos_lotes`.`idUdmIndividual`, `productos_lotes`.`existenciaIndividual`, `udm_caja`.`nombreCaja` as `udmCaja`, `udm_individual`.`nombreIndividual` as `udmIndividual`
FROM `productos_ingresos_detalle`
LEFT JOIN `productos_lotes` ON `productos_lotes`.`idProductoLote` = `productos_ingresos_detalle`.`idProductoLote`
LEFT JOIN `productos` ON `productos`.`idProducto` = `productos_lotes`.`idProducto`
LEFT JOIN `udm_caja` ON `productos_lotes`.`idUdmCaja` = `udm_caja`.`idUdmCaja`
LEFT JOIN `udm_individual` ON `productos_lotes`.`idUdmIndividual` = `udm_individual`.`idUdmIndividual`
WHERE `productos_ingresos_detalle`.`idProductoIngreso` = \'1\'')
 3 SYSTEMPATH\Database\BaseBuilder.php(1616): CodeIgniter\Database\BaseConnection->query('SELECT `productos_ingresos_detalle`.*, `productos_lotes`.`idProductoLote`, `productos_lotes`.`idProducto`, `productos`.`descripcionProducto`, `productos_lotes`.`codigoLote`, `productos_lotes`.`fechaIngreso`, `productos_lotes`.`fechaVencimiento`, `productos_lotes`.`idUdmCaja`, `productos_lotes`.`existenciaCaja`, `productos_lotes`.`idUdmIndividual`, `productos_lotes`.`existenciaIndividual`, `udm_caja`.`nombreCaja` as `udmCaja`, `udm_individual`.`nombreIndividual` as `udmIndividual`
FROM `productos_ingresos_detalle`
LEFT JOIN `productos_lotes` ON `productos_lotes`.`idProductoLote` = `productos_ingresos_detalle`.`idProductoLote`
LEFT JOIN `productos` ON `productos`.`idProducto` = `productos_lotes`.`idProducto`
LEFT JOIN `udm_caja` ON `productos_lotes`.`idUdmCaja` = `udm_caja`.`idUdmCaja`
LEFT JOIN `udm_individual` ON `productos_lotes`.`idUdmIndividual` = `udm_individual`.`idUdmIndividual`
WHERE `productos_ingresos_detalle`.`idProductoIngreso` = :productos_ingresos_detalle.idProductoIngreso:', [...], false)
 4 SYSTEMPATH\Model.php(243): CodeIgniter\Database\BaseBuilder->get()
 5 SYSTEMPATH\BaseModel.php(641): CodeIgniter\Model->doFindAll(0, 0)
 6 APPPATH\Controllers\SolicitudProductos.php(101): CodeIgniter\BaseModel->findAll()
 7 SYSTEMPATH\CodeIgniter.php(943): App\Controllers\SolicitudProductos->edit('1')
 8 SYSTEMPATH\CodeIgniter.php(503): CodeIgniter\CodeIgniter->runController(Object(App\Controllers\SolicitudProductos))
 9 SYSTEMPATH\CodeIgniter.php(361): CodeIgniter\CodeIgniter->handleRequest(null, Object(Config\Cache), false)
10 FCPATH\index.php(81): CodeIgniter\CodeIgniter->run()
CRITICAL - 2024-09-26 22:24:33 --> [Caused by] mysqli_sql_exception: Unknown column 'productos_lotes.idProducto' in 'field list'
in SYSTEMPATH\Database\MySQLi\Connection.php on line 306.
 1 SYSTEMPATH\Database\MySQLi\Connection.php(306): mysqli->query('SELECT `productos_ingresos_detalle`.*, `productos_lotes`.`idProductoLote`, `productos_lotes`.`idProducto`, `productos`.`descripcionProducto`, `productos_lotes`.`codigoLote`, `productos_lotes`.`fechaIngreso`, `productos_lotes`.`fechaVencimiento`, `productos_lotes`.`idUdmCaja`, `productos_lotes`.`existenciaCaja`, `productos_lotes`.`idUdmIndividual`, `productos_lotes`.`existenciaIndividual`, `udm_caja`.`nombreCaja` as `udmCaja`, `udm_individual`.`nombreIndividual` as `udmIndividual`
FROM `productos_ingresos_detalle`
LEFT JOIN `productos_lotes` ON `productos_lotes`.`idProductoLote` = `productos_ingresos_detalle`.`idProductoLote`
LEFT JOIN `productos` ON `productos`.`idProducto` = `productos_lotes`.`idProducto`
LEFT JOIN `udm_caja` ON `productos_lotes`.`idUdmCaja` = `udm_caja`.`idUdmCaja`
LEFT JOIN `udm_individual` ON `productos_lotes`.`idUdmIndividual` = `udm_individual`.`idUdmIndividual`
WHERE `productos_ingresos_detalle`.`idProductoIngreso` = \'1\'', 0)
 2 SYSTEMPATH\Database\BaseConnection.php(693): CodeIgniter\Database\MySQLi\Connection->execute('SELECT `productos_ingresos_detalle`.*, `productos_lotes`.`idProductoLote`, `productos_lotes`.`idProducto`, `productos`.`descripcionProducto`, `productos_lotes`.`codigoLote`, `productos_lotes`.`fechaIngreso`, `productos_lotes`.`fechaVencimiento`, `productos_lotes`.`idUdmCaja`, `productos_lotes`.`existenciaCaja`, `productos_lotes`.`idUdmIndividual`, `productos_lotes`.`existenciaIndividual`, `udm_caja`.`nombreCaja` as `udmCaja`, `udm_individual`.`nombreIndividual` as `udmIndividual`
FROM `productos_ingresos_detalle`
LEFT JOIN `productos_lotes` ON `productos_lotes`.`idProductoLote` = `productos_ingresos_detalle`.`idProductoLote`
LEFT JOIN `productos` ON `productos`.`idProducto` = `productos_lotes`.`idProducto`
LEFT JOIN `udm_caja` ON `productos_lotes`.`idUdmCaja` = `udm_caja`.`idUdmCaja`
LEFT JOIN `udm_individual` ON `productos_lotes`.`idUdmIndividual` = `udm_individual`.`idUdmIndividual`
WHERE `productos_ingresos_detalle`.`idProductoIngreso` = \'1\'')
 3 SYSTEMPATH\Database\BaseConnection.php(607): CodeIgniter\Database\BaseConnection->simpleQuery('SELECT `productos_ingresos_detalle`.*, `productos_lotes`.`idProductoLote`, `productos_lotes`.`idProducto`, `productos`.`descripcionProducto`, `productos_lotes`.`codigoLote`, `productos_lotes`.`fechaIngreso`, `productos_lotes`.`fechaVencimiento`, `productos_lotes`.`idUdmCaja`, `productos_lotes`.`existenciaCaja`, `productos_lotes`.`idUdmIndividual`, `productos_lotes`.`existenciaIndividual`, `udm_caja`.`nombreCaja` as `udmCaja`, `udm_individual`.`nombreIndividual` as `udmIndividual`
FROM `productos_ingresos_detalle`
LEFT JOIN `productos_lotes` ON `productos_lotes`.`idProductoLote` = `productos_ingresos_detalle`.`idProductoLote`
LEFT JOIN `productos` ON `productos`.`idProducto` = `productos_lotes`.`idProducto`
LEFT JOIN `udm_caja` ON `productos_lotes`.`idUdmCaja` = `udm_caja`.`idUdmCaja`
LEFT JOIN `udm_individual` ON `productos_lotes`.`idUdmIndividual` = `udm_individual`.`idUdmIndividual`
WHERE `productos_ingresos_detalle`.`idProductoIngreso` = \'1\'')
 4 SYSTEMPATH\Database\BaseBuilder.php(1616): CodeIgniter\Database\BaseConnection->query('SELECT `productos_ingresos_detalle`.*, `productos_lotes`.`idProductoLote`, `productos_lotes`.`idProducto`, `productos`.`descripcionProducto`, `productos_lotes`.`codigoLote`, `productos_lotes`.`fechaIngreso`, `productos_lotes`.`fechaVencimiento`, `productos_lotes`.`idUdmCaja`, `productos_lotes`.`existenciaCaja`, `productos_lotes`.`idUdmIndividual`, `productos_lotes`.`existenciaIndividual`, `udm_caja`.`nombreCaja` as `udmCaja`, `udm_individual`.`nombreIndividual` as `udmIndividual`
FROM `productos_ingresos_detalle`
LEFT JOIN `productos_lotes` ON `productos_lotes`.`idProductoLote` = `productos_ingresos_detalle`.`idProductoLote`
LEFT JOIN `productos` ON `productos`.`idProducto` = `productos_lotes`.`idProducto`
LEFT JOIN `udm_caja` ON `productos_lotes`.`idUdmCaja` = `udm_caja`.`idUdmCaja`
LEFT JOIN `udm_individual` ON `productos_lotes`.`idUdmIndividual` = `udm_individual`.`idUdmIndividual`
WHERE `productos_ingresos_detalle`.`idProductoIngreso` = :productos_ingresos_detalle.idProductoIngreso:', [...], false)
 5 SYSTEMPATH\Model.php(243): CodeIgniter\Database\BaseBuilder->get()
 6 SYSTEMPATH\BaseModel.php(641): CodeIgniter\Model->doFindAll(0, 0)
 7 APPPATH\Controllers\SolicitudProductos.php(101): CodeIgniter\BaseModel->findAll()
 8 SYSTEMPATH\CodeIgniter.php(943): App\Controllers\SolicitudProductos->edit('1')
 9 SYSTEMPATH\CodeIgniter.php(503): CodeIgniter\CodeIgniter->runController(Object(App\Controllers\SolicitudProductos))
10 SYSTEMPATH\CodeIgniter.php(361): CodeIgniter\CodeIgniter->handleRequest(null, Object(Config\Cache), false)
11 FCPATH\index.php(81): CodeIgniter\CodeIgniter->run()
INFO - 2024-09-26 22:24:39 --> Session: Class initialized using 'CodeIgniter\Session\Handlers\FileHandler' driver.
INFO - 2024-09-26 22:25:18 --> Session: Class initialized using 'CodeIgniter\Session\Handlers\FileHandler' driver.
INFO - 2024-09-26 22:30:34 --> Session: Class initialized using 'CodeIgniter\Session\Handlers\FileHandler' driver.
INFO - 2024-09-26 22:32:44 --> Session: Class initialized using 'CodeIgniter\Session\Handlers\FileHandler' driver.
INFO - 2024-09-26 22:32:54 --> Session: Class initialized using 'CodeIgniter\Session\Handlers\FileHandler' driver.
INFO - 2024-09-26 22:32:54 --> Session: Class initialized using 'CodeIgniter\Session\Handlers\FileHandler' driver.
INFO - 2024-09-26 22:32:59 --> Session: Class initialized using 'CodeIgniter\Session\Handlers\FileHandler' driver.
INFO - 2024-09-26 22:33:07 --> Session: Class initialized using 'CodeIgniter\Session\Handlers\FileHandler' driver.
INFO - 2024-09-26 22:33:16 --> Session: Class initialized using 'CodeIgniter\Session\Handlers\FileHandler' driver.
INFO - 2024-09-26 22:33:30 --> Session: Class initialized using 'CodeIgniter\Session\Handlers\FileHandler' driver.
INFO - 2024-09-26 22:33:34 --> Session: Class initialized using 'CodeIgniter\Session\Handlers\FileHandler' driver.
INFO - 2024-09-26 22:33:37 --> Session: Class initialized using 'CodeIgniter\Session\Handlers\FileHandler' driver.
INFO - 2024-09-26 22:33:40 --> Session: Class initialized using 'CodeIgniter\Session\Handlers\FileHandler' driver.
ERROR - 2024-09-26 22:34:09 --> mysqli_sql_exception: Unknown column 'productos_lotes.idProducto' in 'field list' in C:\laragon\www\Tesis-SistemaControl\vendor\codeigniter4\framework\system\Database\MySQLi\Connection.php:306
Stack trace:
#0 C:\laragon\www\Tesis-SistemaControl\vendor\codeigniter4\framework\system\Database\MySQLi\Connection.php(306): mysqli->query('SELECT `product...', 0)
#1 C:\laragon\www\Tesis-SistemaControl\vendor\codeigniter4\framework\system\Database\BaseConnection.php(693): CodeIgniter\Database\MySQLi\Connection->execute('SELECT `product...')
#2 C:\laragon\www\Tesis-SistemaControl\vendor\codeigniter4\framework\system\Database\BaseConnection.php(607): CodeIgniter\Database\BaseConnection->simpleQuery('SELECT `product...')
#3 C:\laragon\www\Tesis-SistemaControl\vendor\codeigniter4\framework\system\Database\BaseBuilder.php(1616): CodeIgniter\Database\BaseConnection->query('SELECT `product...', Array, false)
#4 C:\laragon\www\Tesis-SistemaControl\vendor\codeigniter4\framework\system\Model.php(243): CodeIgniter\Database\BaseBuilder->get()
#5 C:\laragon\www\Tesis-SistemaControl\vendor\codeigniter4\framework\system\BaseModel.php(641): CodeIgniter\Model->doFindAll(0, 0)
#6 C:\laragon\www\Tesis-SistemaControl\app\Controllers\Consumo.php(94): CodeIgniter\BaseModel->findAll()
#7 C:\laragon\www\Tesis-SistemaControl\vendor\codeigniter4\framework\system\CodeIgniter.php(943): App\Controllers\Consumo->edit('1')
#8 C:\laragon\www\Tesis-SistemaControl\vendor\codeigniter4\framework\system\CodeIgniter.php(503): CodeIgniter\CodeIgniter->runController(Object(App\Controllers\Consumo))
#9 C:\laragon\www\Tesis-SistemaControl\vendor\codeigniter4\framework\system\CodeIgniter.php(361): CodeIgniter\CodeIgniter->handleRequest(NULL, Object(Config\Cache), false)
#10 C:\laragon\www\Tesis-SistemaControl\public\index.php(81): CodeIgniter\CodeIgniter->run()
#11 {main}
CRITICAL - 2024-09-26 22:34:09 --> CodeIgniter\Database\Exceptions\DatabaseException: Unknown column 'productos_lotes.idProducto' in 'field list'
in SYSTEMPATH\Database\BaseConnection.php on line 647.
 1 SYSTEMPATH\Database\BaseBuilder.php(1616): CodeIgniter\Database\BaseConnection->query('SELECT `productos_requisicion_detalle`.*, `productos_lotes`.`idProductoLote`, `productos_lotes`.`idProducto`, `productos`.`descripcionProducto`, `productos_lotes`.`codigoLote`, `productos_lotes`.`fechaIngreso`, `productos_lotes`.`fechaVencimiento`, `productos_lotes`.`idUdmCaja`, `productos_lotes`.`existenciaCaja`, `productos_lotes`.`idUdmIndividual`, `productos_lotes`.`existenciaIndividual`, `udm_caja`.`nombreCaja` as `udmCaja`, `udm_individual`.`nombreIndividual` as `udmIndividual`
FROM `productos_requisicion_detalle`
LEFT JOIN `productos_lotes` ON `productos_lotes`.`idProductoLote` = `productos_requisicion_detalle`.`idProductoLote`
LEFT JOIN `productos` ON `productos`.`idProducto` = `productos_lotes`.`idProducto`
LEFT JOIN `udm_caja` ON `productos_lotes`.`idUdmCaja` = `udm_caja`.`idUdmCaja`
LEFT JOIN `udm_individual` ON `productos_lotes`.`idUdmIndividual` = `udm_individual`.`idUdmIndividual`
WHERE `productos_requisicion_detalle`.`idProductoRequisicion` = :productos_requisicion_detalle.idProductoRequisicion:', [...], false)
 2 SYSTEMPATH\Model.php(243): CodeIgniter\Database\BaseBuilder->get()
 3 SYSTEMPATH\BaseModel.php(641): CodeIgniter\Model->doFindAll(0, 0)
 4 APPPATH\Controllers\Consumo.php(94): CodeIgniter\BaseModel->findAll()
 5 SYSTEMPATH\CodeIgniter.php(943): App\Controllers\Consumo->edit('1')
 6 SYSTEMPATH\CodeIgniter.php(503): CodeIgniter\CodeIgniter->runController(Object(App\Controllers\Consumo))
 7 SYSTEMPATH\CodeIgniter.php(361): CodeIgniter\CodeIgniter->handleRequest(null, Object(Config\Cache), false)
 8 FCPATH\index.php(81): CodeIgniter\CodeIgniter->run()
CRITICAL - 2024-09-26 22:34:09 --> [Caused by] CodeIgniter\Database\Exceptions\DatabaseException: Unknown column 'productos_lotes.idProducto' in 'field list'
in SYSTEMPATH\Database\MySQLi\Connection.php on line 311.
 1 SYSTEMPATH\Database\BaseConnection.php(693): CodeIgniter\Database\MySQLi\Connection->execute('SELECT `productos_requisicion_detalle`.*, `productos_lotes`.`idProductoLote`, `productos_lotes`.`idProducto`, `productos`.`descripcionProducto`, `productos_lotes`.`codigoLote`, `productos_lotes`.`fechaIngreso`, `productos_lotes`.`fechaVencimiento`, `productos_lotes`.`idUdmCaja`, `productos_lotes`.`existenciaCaja`, `productos_lotes`.`idUdmIndividual`, `productos_lotes`.`existenciaIndividual`, `udm_caja`.`nombreCaja` as `udmCaja`, `udm_individual`.`nombreIndividual` as `udmIndividual`
FROM `productos_requisicion_detalle`
LEFT JOIN `productos_lotes` ON `productos_lotes`.`idProductoLote` = `productos_requisicion_detalle`.`idProductoLote`
LEFT JOIN `productos` ON `productos`.`idProducto` = `productos_lotes`.`idProducto`
LEFT JOIN `udm_caja` ON `productos_lotes`.`idUdmCaja` = `udm_caja`.`idUdmCaja`
LEFT JOIN `udm_individual` ON `productos_lotes`.`idUdmIndividual` = `udm_individual`.`idUdmIndividual`
WHERE `productos_requisicion_detalle`.`idProductoRequisicion` = \'1\'')
 2 SYSTEMPATH\Database\BaseConnection.php(607): CodeIgniter\Database\BaseConnection->simpleQuery('SELECT `productos_requisicion_detalle`.*, `productos_lotes`.`idProductoLote`, `productos_lotes`.`idProducto`, `productos`.`descripcionProducto`, `productos_lotes`.`codigoLote`, `productos_lotes`.`fechaIngreso`, `productos_lotes`.`fechaVencimiento`, `productos_lotes`.`idUdmCaja`, `productos_lotes`.`existenciaCaja`, `productos_lotes`.`idUdmIndividual`, `productos_lotes`.`existenciaIndividual`, `udm_caja`.`nombreCaja` as `udmCaja`, `udm_individual`.`nombreIndividual` as `udmIndividual`
FROM `productos_requisicion_detalle`
LEFT JOIN `productos_lotes` ON `productos_lotes`.`idProductoLote` = `productos_requisicion_detalle`.`idProductoLote`
LEFT JOIN `productos` ON `productos`.`idProducto` = `productos_lotes`.`idProducto`
LEFT JOIN `udm_caja` ON `productos_lotes`.`idUdmCaja` = `udm_caja`.`idUdmCaja`
LEFT JOIN `udm_individual` ON `productos_lotes`.`idUdmIndividual` = `udm_individual`.`idUdmIndividual`
WHERE `productos_requisicion_detalle`.`idProductoRequisicion` = \'1\'')
 3 SYSTEMPATH\Database\BaseBuilder.php(1616): CodeIgniter\Database\BaseConnection->query('SELECT `productos_requisicion_detalle`.*, `productos_lotes`.`idProductoLote`, `productos_lotes`.`idProducto`, `productos`.`descripcionProducto`, `productos_lotes`.`codigoLote`, `productos_lotes`.`fechaIngreso`, `productos_lotes`.`fechaVencimiento`, `productos_lotes`.`idUdmCaja`, `productos_lotes`.`existenciaCaja`, `productos_lotes`.`idUdmIndividual`, `productos_lotes`.`existenciaIndividual`, `udm_caja`.`nombreCaja` as `udmCaja`, `udm_individual`.`nombreIndividual` as `udmIndividual`
FROM `productos_requisicion_detalle`
LEFT JOIN `productos_lotes` ON `productos_lotes`.`idProductoLote` = `productos_requisicion_detalle`.`idProductoLote`
LEFT JOIN `productos` ON `productos`.`idProducto` = `productos_lotes`.`idProducto`
LEFT JOIN `udm_caja` ON `productos_lotes`.`idUdmCaja` = `udm_caja`.`idUdmCaja`
LEFT JOIN `udm_individual` ON `productos_lotes`.`idUdmIndividual` = `udm_individual`.`idUdmIndividual`
WHERE `productos_requisicion_detalle`.`idProductoRequisicion` = :productos_requisicion_detalle.idProductoRequisicion:', [...], false)
 4 SYSTEMPATH\Model.php(243): CodeIgniter\Database\BaseBuilder->get()
 5 SYSTEMPATH\BaseModel.php(641): CodeIgniter\Model->doFindAll(0, 0)
 6 APPPATH\Controllers\Consumo.php(94): CodeIgniter\BaseModel->findAll()
 7 SYSTEMPATH\CodeIgniter.php(943): App\Controllers\Consumo->edit('1')
 8 SYSTEMPATH\CodeIgniter.php(503): CodeIgniter\CodeIgniter->runController(Object(App\Controllers\Consumo))
 9 SYSTEMPATH\CodeIgniter.php(361): CodeIgniter\CodeIgniter->handleRequest(null, Object(Config\Cache), false)
10 FCPATH\index.php(81): CodeIgniter\CodeIgniter->run()
CRITICAL - 2024-09-26 22:34:09 --> [Caused by] mysqli_sql_exception: Unknown column 'productos_lotes.idProducto' in 'field list'
in SYSTEMPATH\Database\MySQLi\Connection.php on line 306.
 1 SYSTEMPATH\Database\MySQLi\Connection.php(306): mysqli->query('SELECT `productos_requisicion_detalle`.*, `productos_lotes`.`idProductoLote`, `productos_lotes`.`idProducto`, `productos`.`descripcionProducto`, `productos_lotes`.`codigoLote`, `productos_lotes`.`fechaIngreso`, `productos_lotes`.`fechaVencimiento`, `productos_lotes`.`idUdmCaja`, `productos_lotes`.`existenciaCaja`, `productos_lotes`.`idUdmIndividual`, `productos_lotes`.`existenciaIndividual`, `udm_caja`.`nombreCaja` as `udmCaja`, `udm_individual`.`nombreIndividual` as `udmIndividual`
FROM `productos_requisicion_detalle`
LEFT JOIN `productos_lotes` ON `productos_lotes`.`idProductoLote` = `productos_requisicion_detalle`.`idProductoLote`
LEFT JOIN `productos` ON `productos`.`idProducto` = `productos_lotes`.`idProducto`
LEFT JOIN `udm_caja` ON `productos_lotes`.`idUdmCaja` = `udm_caja`.`idUdmCaja`
LEFT JOIN `udm_individual` ON `productos_lotes`.`idUdmIndividual` = `udm_individual`.`idUdmIndividual`
WHERE `productos_requisicion_detalle`.`idProductoRequisicion` = \'1\'', 0)
 2 SYSTEMPATH\Database\BaseConnection.php(693): CodeIgniter\Database\MySQLi\Connection->execute('SELECT `productos_requisicion_detalle`.*, `productos_lotes`.`idProductoLote`, `productos_lotes`.`idProducto`, `productos`.`descripcionProducto`, `productos_lotes`.`codigoLote`, `productos_lotes`.`fechaIngreso`, `productos_lotes`.`fechaVencimiento`, `productos_lotes`.`idUdmCaja`, `productos_lotes`.`existenciaCaja`, `productos_lotes`.`idUdmIndividual`, `productos_lotes`.`existenciaIndividual`, `udm_caja`.`nombreCaja` as `udmCaja`, `udm_individual`.`nombreIndividual` as `udmIndividual`
FROM `productos_requisicion_detalle`
LEFT JOIN `productos_lotes` ON `productos_lotes`.`idProductoLote` = `productos_requisicion_detalle`.`idProductoLote`
LEFT JOIN `productos` ON `productos`.`idProducto` = `productos_lotes`.`idProducto`
LEFT JOIN `udm_caja` ON `productos_lotes`.`idUdmCaja` = `udm_caja`.`idUdmCaja`
LEFT JOIN `udm_individual` ON `productos_lotes`.`idUdmIndividual` = `udm_individual`.`idUdmIndividual`
WHERE `productos_requisicion_detalle`.`idProductoRequisicion` = \'1\'')
 3 SYSTEMPATH\Database\BaseConnection.php(607): CodeIgniter\Database\BaseConnection->simpleQuery('SELECT `productos_requisicion_detalle`.*, `productos_lotes`.`idProductoLote`, `productos_lotes`.`idProducto`, `productos`.`descripcionProducto`, `productos_lotes`.`codigoLote`, `productos_lotes`.`fechaIngreso`, `productos_lotes`.`fechaVencimiento`, `productos_lotes`.`idUdmCaja`, `productos_lotes`.`existenciaCaja`, `productos_lotes`.`idUdmIndividual`, `productos_lotes`.`existenciaIndividual`, `udm_caja`.`nombreCaja` as `udmCaja`, `udm_individual`.`nombreIndividual` as `udmIndividual`
FROM `productos_requisicion_detalle`
LEFT JOIN `productos_lotes` ON `productos_lotes`.`idProductoLote` = `productos_requisicion_detalle`.`idProductoLote`
LEFT JOIN `productos` ON `productos`.`idProducto` = `productos_lotes`.`idProducto`
LEFT JOIN `udm_caja` ON `productos_lotes`.`idUdmCaja` = `udm_caja`.`idUdmCaja`
LEFT JOIN `udm_individual` ON `productos_lotes`.`idUdmIndividual` = `udm_individual`.`idUdmIndividual`
WHERE `productos_requisicion_detalle`.`idProductoRequisicion` = \'1\'')
 4 SYSTEMPATH\Database\BaseBuilder.php(1616): CodeIgniter\Database\BaseConnection->query('SELECT `productos_requisicion_detalle`.*, `productos_lotes`.`idProductoLote`, `productos_lotes`.`idProducto`, `productos`.`descripcionProducto`, `productos_lotes`.`codigoLote`, `productos_lotes`.`fechaIngreso`, `productos_lotes`.`fechaVencimiento`, `productos_lotes`.`idUdmCaja`, `productos_lotes`.`existenciaCaja`, `productos_lotes`.`idUdmIndividual`, `productos_lotes`.`existenciaIndividual`, `udm_caja`.`nombreCaja` as `udmCaja`, `udm_individual`.`nombreIndividual` as `udmIndividual`
FROM `productos_requisicion_detalle`
LEFT JOIN `productos_lotes` ON `productos_lotes`.`idProductoLote` = `productos_requisicion_detalle`.`idProductoLote`
LEFT JOIN `productos` ON `productos`.`idProducto` = `productos_lotes`.`idProducto`
LEFT JOIN `udm_caja` ON `productos_lotes`.`idUdmCaja` = `udm_caja`.`idUdmCaja`
LEFT JOIN `udm_individual` ON `productos_lotes`.`idUdmIndividual` = `udm_individual`.`idUdmIndividual`
WHERE `productos_requisicion_detalle`.`idProductoRequisicion` = :productos_requisicion_detalle.idProductoRequisicion:', [...], false)
 5 SYSTEMPATH\Model.php(243): CodeIgniter\Database\BaseBuilder->get()
 6 SYSTEMPATH\BaseModel.php(641): CodeIgniter\Model->doFindAll(0, 0)
 7 APPPATH\Controllers\Consumo.php(94): CodeIgniter\BaseModel->findAll()
 8 SYSTEMPATH\CodeIgniter.php(943): App\Controllers\Consumo->edit('1')
 9 SYSTEMPATH\CodeIgniter.php(503): CodeIgniter\CodeIgniter->runController(Object(App\Controllers\Consumo))
10 SYSTEMPATH\CodeIgniter.php(361): CodeIgniter\CodeIgniter->handleRequest(null, Object(Config\Cache), false)
11 FCPATH\index.php(81): CodeIgniter\CodeIgniter->run()
INFO - 2024-09-26 22:36:37 --> Session: Class initialized using 'CodeIgniter\Session\Handlers\FileHandler' driver.
INFO - 2024-09-26 22:37:02 --> Session: Class initialized using 'CodeIgniter\Session\Handlers\FileHandler' driver.
INFO - 2024-09-26 22:37:02 --> Session: Class initialized using 'CodeIgniter\Session\Handlers\FileHandler' driver.
INFO - 2024-09-26 22:37:12 --> Session: Class initialized using 'CodeIgniter\Session\Handlers\FileHandler' driver.
INFO - 2024-09-26 22:37:16 --> Session: Class initialized using 'CodeIgniter\Session\Handlers\FileHandler' driver.
INFO - 2024-09-26 22:37:29 --> Session: Class initialized using 'CodeIgniter\Session\Handlers\FileHandler' driver.
INFO - 2024-09-26 22:37:32 --> Session: Class initialized using 'CodeIgniter\Session\Handlers\FileHandler' driver.
INFO - 2024-09-26 22:37:33 --> Session: Class initialized using 'CodeIgniter\Session\Handlers\FileHandler' driver.
INFO - 2024-09-26 22:37:34 --> Session: Class initialized using 'CodeIgniter\Session\Handlers\FileHandler' driver.
INFO - 2024-09-26 22:37:36 --> Session: Class initialized using 'CodeIgniter\Session\Handlers\FileHandler' driver.
INFO - 2024-09-26 22:37:39 --> Session: Class initialized using 'CodeIgniter\Session\Handlers\FileHandler' driver.
INFO - 2024-09-26 22:37:40 --> Session: Class initialized using 'CodeIgniter\Session\Handlers\FileHandler' driver.
INFO - 2024-09-26 22:37:43 --> Session: Class initialized using 'CodeIgniter\Session\Handlers\FileHandler' driver.
INFO - 2024-09-26 22:37:47 --> Session: Class initialized using 'CodeIgniter\Session\Handlers\FileHandler' driver.
INFO - 2024-09-26 22:37:53 --> Session: Class initialized using 'CodeIgniter\Session\Handlers\FileHandler' driver.
INFO - 2024-09-26 22:37:59 --> Session: Class initialized using 'CodeIgniter\Session\Handlers\FileHandler' driver.
INFO - 2024-09-26 22:38:16 --> Session: Class initialized using 'CodeIgniter\Session\Handlers\FileHandler' driver.
INFO - 2024-09-26 22:38:23 --> Session: Class initialized using 'CodeIgniter\Session\Handlers\FileHandler' driver.
INFO - 2024-09-26 22:38:35 --> Session: Class initialized using 'CodeIgniter\Session\Handlers\FileHandler' driver.
INFO - 2024-09-26 22:38:40 --> Session: Class initialized using 'CodeIgniter\Session\Handlers\FileHandler' driver.
INFO - 2024-09-26 22:38:41 --> Session: Class initialized using 'CodeIgniter\Session\Handlers\FileHandler' driver.
INFO - 2024-09-26 22:38:44 --> Session: Class initialized using 'CodeIgniter\Session\Handlers\FileHandler' driver.
INFO - 2024-09-26 22:39:41 --> Session: Class initialized using 'CodeIgniter\Session\Handlers\FileHandler' driver.
INFO - 2024-09-26 22:39:41 --> Session: Class initialized using 'CodeIgniter\Session\Handlers\FileHandler' driver.
INFO - 2024-09-26 22:39:41 --> Session: Class initialized using 'CodeIgniter\Session\Handlers\FileHandler' driver.
INFO - 2024-09-26 22:39:41 --> Session: Class initialized using 'CodeIgniter\Session\Handlers\FileHandler' driver.
INFO - 2024-09-26 22:39:49 --> Session: Class initialized using 'CodeIgniter\Session\Handlers\FileHandler' driver.
INFO - 2024-09-26 22:39:50 --> Session: Class initialized using 'CodeIgniter\Session\Handlers\FileHandler' driver.
INFO - 2024-09-26 22:39:50 --> Session: Class initialized using 'CodeIgniter\Session\Handlers\FileHandler' driver.
INFO - 2024-09-26 22:39:51 --> Session: Class initialized using 'CodeIgniter\Session\Handlers\FileHandler' driver.
INFO - 2024-09-26 22:41:36 --> Session: Class initialized using 'CodeIgniter\Session\Handlers\FileHandler' driver.
INFO - 2024-09-26 22:41:37 --> Session: Class initialized using 'CodeIgniter\Session\Handlers\FileHandler' driver.
INFO - 2024-09-26 22:41:37 --> Session: Class initialized using 'CodeIgniter\Session\Handlers\FileHandler' driver.
INFO - 2024-09-26 22:41:51 --> Session: Class initialized using 'CodeIgniter\Session\Handlers\FileHandler' driver.
INFO - 2024-09-26 22:41:51 --> Session: Class initialized using 'CodeIgniter\Session\Handlers\FileHandler' driver.
INFO - 2024-09-26 22:41:52 --> Session: Class initialized using 'CodeIgniter\Session\Handlers\FileHandler' driver.
INFO - 2024-09-26 22:41:56 --> Session: Class initialized using 'CodeIgniter\Session\Handlers\FileHandler' driver.
INFO - 2024-09-26 22:41:56 --> Session: Class initialized using 'CodeIgniter\Session\Handlers\FileHandler' driver.
INFO - 2024-09-26 22:41:56 --> Session: Class initialized using 'CodeIgniter\Session\Handlers\FileHandler' driver.
INFO - 2024-09-26 22:42:28 --> Session: Class initialized using 'CodeIgniter\Session\Handlers\FileHandler' driver.
INFO - 2024-09-26 22:42:29 --> Session: Class initialized using 'CodeIgniter\Session\Handlers\FileHandler' driver.
INFO - 2024-09-26 22:42:29 --> Session: Class initialized using 'CodeIgniter\Session\Handlers\FileHandler' driver.
INFO - 2024-09-26 22:42:32 --> Session: Class initialized using 'CodeIgniter\Session\Handlers\FileHandler' driver.
INFO - 2024-09-26 22:42:32 --> Session: Class initialized using 'CodeIgniter\Session\Handlers\FileHandler' driver.
INFO - 2024-09-26 22:42:32 --> Session: Class initialized using 'CodeIgniter\Session\Handlers\FileHandler' driver.
INFO - 2024-09-26 22:42:48 --> Session: Class initialized using 'CodeIgniter\Session\Handlers\FileHandler' driver.
INFO - 2024-09-26 22:42:49 --> Session: Class initialized using 'CodeIgniter\Session\Handlers\FileHandler' driver.
INFO - 2024-09-26 22:42:49 --> Session: Class initialized using 'CodeIgniter\Session\Handlers\FileHandler' driver.
INFO - 2024-09-26 22:42:51 --> Session: Class initialized using 'CodeIgniter\Session\Handlers\FileHandler' driver.
INFO - 2024-09-26 22:42:52 --> Session: Class initialized using 'CodeIgniter\Session\Handlers\FileHandler' driver.
INFO - 2024-09-26 22:42:52 --> Session: Class initialized using 'CodeIgniter\Session\Handlers\FileHandler' driver.
INFO - 2024-09-26 22:44:22 --> Session: Class initialized using 'CodeIgniter\Session\Handlers\FileHandler' driver.
INFO - 2024-09-26 22:44:23 --> Session: Class initialized using 'CodeIgniter\Session\Handlers\FileHandler' driver.
INFO - 2024-09-26 22:44:23 --> Session: Class initialized using 'CodeIgniter\Session\Handlers\FileHandler' driver.
INFO - 2024-09-26 22:47:34 --> Session: Class initialized using 'CodeIgniter\Session\Handlers\FileHandler' driver.
INFO - 2024-09-26 22:47:35 --> Session: Class initialized using 'CodeIgniter\Session\Handlers\FileHandler' driver.
INFO - 2024-09-26 22:47:36 --> Session: Class initialized using 'CodeIgniter\Session\Handlers\FileHandler' driver.
INFO - 2024-09-26 22:47:40 --> Session: Class initialized using 'CodeIgniter\Session\Handlers\FileHandler' driver.
INFO - 2024-09-26 22:47:45 --> Session: Class initialized using 'CodeIgniter\Session\Handlers\FileHandler' driver.
INFO - 2024-09-26 22:47:45 --> Session: Class initialized using 'CodeIgniter\Session\Handlers\FileHandler' driver.
INFO - 2024-09-26 22:47:45 --> Session: Class initialized using 'CodeIgniter\Session\Handlers\FileHandler' driver.
INFO - 2024-09-26 22:52:27 --> Session: Class initialized using 'CodeIgniter\Session\Handlers\FileHandler' driver.
INFO - 2024-09-26 22:52:28 --> Session: Class initialized using 'CodeIgniter\Session\Handlers\FileHandler' driver.
INFO - 2024-09-26 22:52:28 --> Session: Class initialized using 'CodeIgniter\Session\Handlers\FileHandler' driver.
INFO - 2024-09-26 22:52:31 --> Session: Class initialized using 'CodeIgniter\Session\Handlers\FileHandler' driver.
INFO - 2024-09-26 22:52:32 --> Session: Class initialized using 'CodeIgniter\Session\Handlers\FileHandler' driver.
INFO - 2024-09-26 22:52:32 --> Session: Class initialized using 'CodeIgniter\Session\Handlers\FileHandler' driver.
INFO - 2024-09-26 22:52:41 --> Session: Class initialized using 'CodeIgniter\Session\Handlers\FileHandler' driver.
INFO - 2024-09-26 22:52:41 --> Session: Class initialized using 'CodeIgniter\Session\Handlers\FileHandler' driver.
INFO - 2024-09-26 22:52:41 --> Session: Class initialized using 'CodeIgniter\Session\Handlers\FileHandler' driver.
INFO - 2024-09-26 22:52:45 --> Session: Class initialized using 'CodeIgniter\Session\Handlers\FileHandler' driver.
INFO - 2024-09-26 22:52:46 --> Session: Class initialized using 'CodeIgniter\Session\Handlers\FileHandler' driver.
INFO - 2024-09-26 22:52:46 --> Session: Class initialized using 'CodeIgniter\Session\Handlers\FileHandler' driver.
INFO - 2024-09-26 22:52:50 --> Session: Class initialized using 'CodeIgniter\Session\Handlers\FileHandler' driver.
INFO - 2024-09-26 22:52:50 --> Session: Class initialized using 'CodeIgniter\Session\Handlers\FileHandler' driver.
INFO - 2024-09-26 22:52:51 --> Session: Class initialized using 'CodeIgniter\Session\Handlers\FileHandler' driver.
INFO - 2024-09-26 22:52:51 --> Session: Class initialized using 'CodeIgniter\Session\Handlers\FileHandler' driver.
INFO - 2024-09-26 22:52:54 --> Session: Class initialized using 'CodeIgniter\Session\Handlers\FileHandler' driver.
INFO - 2024-09-26 22:52:54 --> Session: Class initialized using 'CodeIgniter\Session\Handlers\FileHandler' driver.
INFO - 2024-09-26 22:52:55 --> Session: Class initialized using 'CodeIgniter\Session\Handlers\FileHandler' driver.
INFO - 2024-09-26 22:52:55 --> Session: Class initialized using 'CodeIgniter\Session\Handlers\FileHandler' driver.
INFO - 2024-09-26 22:56:01 --> Session: Class initialized using 'CodeIgniter\Session\Handlers\FileHandler' driver.
INFO - 2024-09-26 22:56:02 --> Session: Class initialized using 'CodeIgniter\Session\Handlers\FileHandler' driver.
INFO - 2024-09-26 22:56:02 --> Session: Class initialized using 'CodeIgniter\Session\Handlers\FileHandler' driver.
INFO - 2024-09-26 22:56:05 --> Session: Class initialized using 'CodeIgniter\Session\Handlers\FileHandler' driver.
INFO - 2024-09-26 22:56:05 --> Session: Class initialized using 'CodeIgniter\Session\Handlers\FileHandler' driver.
INFO - 2024-09-26 22:56:05 --> Session: Class initialized using 'CodeIgniter\Session\Handlers\FileHandler' driver.
INFO - 2024-09-26 22:56:05 --> Session: Class initialized using 'CodeIgniter\Session\Handlers\FileHandler' driver.
INFO - 2024-09-26 22:58:21 --> Session: Class initialized using 'CodeIgniter\Session\Handlers\FileHandler' driver.
INFO - 2024-09-26 22:58:21 --> Session: Class initialized using 'CodeIgniter\Session\Handlers\FileHandler' driver.
INFO - 2024-09-26 22:58:21 --> Session: Class initialized using 'CodeIgniter\Session\Handlers\FileHandler' driver.
INFO - 2024-09-26 22:58:24 --> Session: Class initialized using 'CodeIgniter\Session\Handlers\FileHandler' driver.
INFO - 2024-09-26 22:58:24 --> Session: Class initialized using 'CodeIgniter\Session\Handlers\FileHandler' driver.
INFO - 2024-09-26 22:58:25 --> Session: Class initialized using 'CodeIgniter\Session\Handlers\FileHandler' driver.
INFO - 2024-09-26 22:58:25 --> Session: Class initialized using 'CodeIgniter\Session\Handlers\FileHandler' driver.
INFO - 2024-09-26 22:58:36 --> Session: Class initialized using 'CodeIgniter\Session\Handlers\FileHandler' driver.
INFO - 2024-09-26 22:58:37 --> Session: Class initialized using 'CodeIgniter\Session\Handlers\FileHandler' driver.
INFO - 2024-09-26 22:58:37 --> Session: Class initialized using 'CodeIgniter\Session\Handlers\FileHandler' driver.
INFO - 2024-09-26 22:58:38 --> Session: Class initialized using 'CodeIgniter\Session\Handlers\FileHandler' driver.
INFO - 2024-09-26 23:01:26 --> Session: Class initialized using 'CodeIgniter\Session\Handlers\FileHandler' driver.
INFO - 2024-09-26 23:01:26 --> Session: Class initialized using 'CodeIgniter\Session\Handlers\FileHandler' driver.
INFO - 2024-09-26 23:01:27 --> Session: Class initialized using 'CodeIgniter\Session\Handlers\FileHandler' driver.
INFO - 2024-09-26 23:01:36 --> Session: Class initialized using 'CodeIgniter\Session\Handlers\FileHandler' driver.
INFO - 2024-09-26 23:01:37 --> Session: Class initialized using 'CodeIgniter\Session\Handlers\FileHandler' driver.
INFO - 2024-09-26 23:01:37 --> Session: Class initialized using 'CodeIgniter\Session\Handlers\FileHandler' driver.
INFO - 2024-09-26 23:01:40 --> Session: Class initialized using 'CodeIgniter\Session\Handlers\FileHandler' driver.
INFO - 2024-09-26 23:01:40 --> Session: Class initialized using 'CodeIgniter\Session\Handlers\FileHandler' driver.
INFO - 2024-09-26 23:01:40 --> Session: Class initialized using 'CodeIgniter\Session\Handlers\FileHandler' driver.
INFO - 2024-09-26 23:01:41 --> Session: Class initialized using 'CodeIgniter\Session\Handlers\FileHandler' driver.
INFO - 2024-09-26 23:01:44 --> Session: Class initialized using 'CodeIgniter\Session\Handlers\FileHandler' driver.
INFO - 2024-09-26 23:01:44 --> Session: Class initialized using 'CodeIgniter\Session\Handlers\FileHandler' driver.
INFO - 2024-09-26 23:01:45 --> Session: Class initialized using 'CodeIgniter\Session\Handlers\FileHandler' driver.
INFO - 2024-09-26 23:01:45 --> Session: Class initialized using 'CodeIgniter\Session\Handlers\FileHandler' driver.
INFO - 2024-09-26 23:02:50 --> Session: Class initialized using 'CodeIgniter\Session\Handlers\FileHandler' driver.
INFO - 2024-09-26 23:02:50 --> Session: Class initialized using 'CodeIgniter\Session\Handlers\FileHandler' driver.
INFO - 2024-09-26 23:02:50 --> Session: Class initialized using 'CodeIgniter\Session\Handlers\FileHandler' driver.
INFO - 2024-09-26 23:02:53 --> Session: Class initialized using 'CodeIgniter\Session\Handlers\FileHandler' driver.
INFO - 2024-09-26 23:02:54 --> Session: Class initialized using 'CodeIgniter\Session\Handlers\FileHandler' driver.
INFO - 2024-09-26 23:02:54 --> Session: Class initialized using 'CodeIgniter\Session\Handlers\FileHandler' driver.
INFO - 2024-09-26 23:02:56 --> Session: Class initialized using 'CodeIgniter\Session\Handlers\FileHandler' driver.
INFO - 2024-09-26 23:04:30 --> Session: Class initialized using 'CodeIgniter\Session\Handlers\FileHandler' driver.
INFO - 2024-09-26 23:04:30 --> Session: Class initialized using 'CodeIgniter\Session\Handlers\FileHandler' driver.
INFO - 2024-09-26 23:04:30 --> Session: Class initialized using 'CodeIgniter\Session\Handlers\FileHandler' driver.
INFO - 2024-09-26 23:04:31 --> Session: Class initialized using 'CodeIgniter\Session\Handlers\FileHandler' driver.
INFO - 2024-09-26 23:04:33 --> Session: Class initialized using 'CodeIgniter\Session\Handlers\FileHandler' driver.
INFO - 2024-09-26 23:04:33 --> Session: Class initialized using 'CodeIgniter\Session\Handlers\FileHandler' driver.
INFO - 2024-09-26 23:04:33 --> Session: Class initialized using 'CodeIgniter\Session\Handlers\FileHandler' driver.
INFO - 2024-09-26 23:04:35 --> Session: Class initialized using 'CodeIgniter\Session\Handlers\FileHandler' driver.
INFO - 2024-09-26 23:04:35 --> Session: Class initialized using 'CodeIgniter\Session\Handlers\FileHandler' driver.
INFO - 2024-09-26 23:04:36 --> Session: Class initialized using 'CodeIgniter\Session\Handlers\FileHandler' driver.
INFO - 2024-09-26 23:04:36 --> Session: Class initialized using 'CodeIgniter\Session\Handlers\FileHandler' driver.
INFO - 2024-09-26 23:04:39 --> Session: Class initialized using 'CodeIgniter\Session\Handlers\FileHandler' driver.
INFO - 2024-09-26 23:04:39 --> Session: Class initialized using 'CodeIgniter\Session\Handlers\FileHandler' driver.
INFO - 2024-09-26 23:04:39 --> Session: Class initialized using 'CodeIgniter\Session\Handlers\FileHandler' driver.
INFO - 2024-09-26 23:04:40 --> Session: Class initialized using 'CodeIgniter\Session\Handlers\FileHandler' driver.
INFO - 2024-09-26 23:05:36 --> Session: Class initialized using 'CodeIgniter\Session\Handlers\FileHandler' driver.
INFO - 2024-09-26 23:05:36 --> Session: Class initialized using 'CodeIgniter\Session\Handlers\FileHandler' driver.
INFO - 2024-09-26 23:05:36 --> Session: Class initialized using 'CodeIgniter\Session\Handlers\FileHandler' driver.
INFO - 2024-09-26 23:05:37 --> Session: Class initialized using 'CodeIgniter\Session\Handlers\FileHandler' driver.
INFO - 2024-09-26 23:05:55 --> Session: Class initialized using 'CodeIgniter\Session\Handlers\FileHandler' driver.
INFO - 2024-09-26 23:05:56 --> Session: Class initialized using 'CodeIgniter\Session\Handlers\FileHandler' driver.
INFO - 2024-09-26 23:05:56 --> Session: Class initialized using 'CodeIgniter\Session\Handlers\FileHandler' driver.
INFO - 2024-09-26 23:05:59 --> Session: Class initialized using 'CodeIgniter\Session\Handlers\FileHandler' driver.
INFO - 2024-09-26 23:05:59 --> Session: Class initialized using 'CodeIgniter\Session\Handlers\FileHandler' driver.
INFO - 2024-09-26 23:05:59 --> Session: Class initialized using 'CodeIgniter\Session\Handlers\FileHandler' driver.
INFO - 2024-09-26 23:06:01 --> Session: Class initialized using 'CodeIgniter\Session\Handlers\FileHandler' driver.
INFO - 2024-09-26 23:06:03 --> Session: Class initialized using 'CodeIgniter\Session\Handlers\FileHandler' driver.
INFO - 2024-09-26 23:06:07 --> Session: Class initialized using 'CodeIgniter\Session\Handlers\FileHandler' driver.
INFO - 2024-09-26 23:06:07 --> Session: Class initialized using 'CodeIgniter\Session\Handlers\FileHandler' driver.
INFO - 2024-09-26 23:06:07 --> Session: Class initialized using 'CodeIgniter\Session\Handlers\FileHandler' driver.
INFO - 2024-09-26 23:06:07 --> Session: Class initialized using 'CodeIgniter\Session\Handlers\FileHandler' driver.
INFO - 2024-09-26 23:06:12 --> Session: Class initialized using 'CodeIgniter\Session\Handlers\FileHandler' driver.
INFO - 2024-09-26 23:06:13 --> Session: Class initialized using 'CodeIgniter\Session\Handlers\FileHandler' driver.
INFO - 2024-09-26 23:06:13 --> Session: Class initialized using 'CodeIgniter\Session\Handlers\FileHandler' driver.
INFO - 2024-09-26 23:06:13 --> Session: Class initialized using 'CodeIgniter\Session\Handlers\FileHandler' driver.
INFO - 2024-09-26 23:06:17 --> Session: Class initialized using 'CodeIgniter\Session\Handlers\FileHandler' driver.
INFO - 2024-09-26 23:06:22 --> Session: Class initialized using 'CodeIgniter\Session\Handlers\FileHandler' driver.
INFO - 2024-09-26 23:06:22 --> Session: Class initialized using 'CodeIgniter\Session\Handlers\FileHandler' driver.
INFO - 2024-09-26 23:06:23 --> Session: Class initialized using 'CodeIgniter\Session\Handlers\FileHandler' driver.
INFO - 2024-09-26 23:06:23 --> Session: Class initialized using 'CodeIgniter\Session\Handlers\FileHandler' driver.
INFO - 2024-09-26 23:06:26 --> Session: Class initialized using 'CodeIgniter\Session\Handlers\FileHandler' driver.
INFO - 2024-09-26 23:06:26 --> Session: Class initialized using 'CodeIgniter\Session\Handlers\FileHandler' driver.
INFO - 2024-09-26 23:06:27 --> Session: Class initialized using 'CodeIgniter\Session\Handlers\FileHandler' driver.
INFO - 2024-09-26 23:06:27 --> Session: Class initialized using 'CodeIgniter\Session\Handlers\FileHandler' driver.
INFO - 2024-09-26 23:08:04 --> Session: Class initialized using 'CodeIgniter\Session\Handlers\FileHandler' driver.
INFO - 2024-09-26 23:08:12 --> Session: Class initialized using 'CodeIgniter\Session\Handlers\FileHandler' driver.
INFO - 2024-09-26 23:09:27 --> Session: Class initialized using 'CodeIgniter\Session\Handlers\FileHandler' driver.
INFO - 2024-09-26 23:37:45 --> Session: Class initialized using 'CodeIgniter\Session\Handlers\FileHandler' driver.
INFO - 2024-09-26 23:37:53 --> Session: Class initialized using 'CodeIgniter\Session\Handlers\FileHandler' driver.
INFO - 2024-09-26 23:37:59 --> Session: Class initialized using 'CodeIgniter\Session\Handlers\FileHandler' driver.
INFO - 2024-09-26 23:38:03 --> Session: Class initialized using 'CodeIgniter\Session\Handlers\FileHandler' driver.
INFO - 2024-09-26 23:38:10 --> Session: Class initialized using 'CodeIgniter\Session\Handlers\FileHandler' driver.
INFO - 2024-09-26 23:38:14 --> Session: Class initialized using 'CodeIgniter\Session\Handlers\FileHandler' driver.
INFO - 2024-09-26 23:38:14 --> Session: Class initialized using 'CodeIgniter\Session\Handlers\FileHandler' driver.
INFO - 2024-09-26 23:38:14 --> Session: Class initialized using 'CodeIgniter\Session\Handlers\FileHandler' driver.
INFO - 2024-09-26 23:38:22 --> Session: Class initialized using 'CodeIgniter\Session\Handlers\FileHandler' driver.
INFO - 2024-09-26 23:38:22 --> Session: Class initialized using 'CodeIgniter\Session\Handlers\FileHandler' driver.
INFO - 2024-09-26 23:38:23 --> Session: Class initialized using 'CodeIgniter\Session\Handlers\FileHandler' driver.
INFO - 2024-09-26 23:38:23 --> Session: Class initialized using 'CodeIgniter\Session\Handlers\FileHandler' driver.
INFO - 2024-09-26 23:38:30 --> Session: Class initialized using 'CodeIgniter\Session\Handlers\FileHandler' driver.
INFO - 2024-09-26 23:40:22 --> Session: Class initialized using 'CodeIgniter\Session\Handlers\FileHandler' driver.
INFO - 2024-09-26 23:40:26 --> Session: Class initialized using 'CodeIgniter\Session\Handlers\FileHandler' driver.
INFO - 2024-09-26 23:40:44 --> Session: Class initialized using 'CodeIgniter\Session\Handlers\FileHandler' driver.
INFO - 2024-09-26 23:40:48 --> Session: Class initialized using 'CodeIgniter\Session\Handlers\FileHandler' driver.
INFO - 2024-09-26 23:41:01 --> Session: Class initialized using 'CodeIgniter\Session\Handlers\FileHandler' driver.
INFO - 2024-09-26 23:41:08 --> Session: Class initialized using 'CodeIgniter\Session\Handlers\FileHandler' driver.
INFO - 2024-09-26 23:41:08 --> Session: Class initialized using 'CodeIgniter\Session\Handlers\FileHandler' driver.
INFO - 2024-09-26 23:41:08 --> Session: Class initialized using 'CodeIgniter\Session\Handlers\FileHandler' driver.
INFO - 2024-09-26 23:41:08 --> Session: Class initialized using 'CodeIgniter\Session\Handlers\FileHandler' driver.
INFO - 2024-09-26 23:42:20 --> Session: Class initialized using 'CodeIgniter\Session\Handlers\FileHandler' driver.
INFO - 2024-09-26 23:42:20 --> Session: Class initialized using 'CodeIgniter\Session\Handlers\FileHandler' driver.
INFO - 2024-09-26 23:42:21 --> Session: Class initialized using 'CodeIgniter\Session\Handlers\FileHandler' driver.
INFO - 2024-09-26 23:42:21 --> Session: Class initialized using 'CodeIgniter\Session\Handlers\FileHandler' driver.
INFO - 2024-09-26 23:43:02 --> Session: Class initialized using 'CodeIgniter\Session\Handlers\FileHandler' driver.
INFO - 2024-09-26 23:43:02 --> Session: Class initialized using 'CodeIgniter\Session\Handlers\FileHandler' driver.
INFO - 2024-09-26 23:43:02 --> Session: Class initialized using 'CodeIgniter\Session\Handlers\FileHandler' driver.
INFO - 2024-09-26 23:43:04 --> Session: Class initialized using 'CodeIgniter\Session\Handlers\FileHandler' driver.
INFO - 2024-09-26 23:43:04 --> Session: Class initialized using 'CodeIgniter\Session\Handlers\FileHandler' driver.
INFO - 2024-09-26 23:43:05 --> Session: Class initialized using 'CodeIgniter\Session\Handlers\FileHandler' driver.
INFO - 2024-09-26 23:43:27 --> Session: Class initialized using 'CodeIgniter\Session\Handlers\FileHandler' driver.
INFO - 2024-09-26 23:43:28 --> Session: Class initialized using 'CodeIgniter\Session\Handlers\FileHandler' driver.
INFO - 2024-09-26 23:43:28 --> Session: Class initialized using 'CodeIgniter\Session\Handlers\FileHandler' driver.
INFO - 2024-09-26 23:45:11 --> Session: Class initialized using 'CodeIgniter\Session\Handlers\FileHandler' driver.
INFO - 2024-09-26 23:45:12 --> Session: Class initialized using 'CodeIgniter\Session\Handlers\FileHandler' driver.
INFO - 2024-09-26 23:45:12 --> Session: Class initialized using 'CodeIgniter\Session\Handlers\FileHandler' driver.
INFO - 2024-09-26 23:45:14 --> Session: Class initialized using 'CodeIgniter\Session\Handlers\FileHandler' driver.
INFO - 2024-09-26 23:45:15 --> Session: Class initialized using 'CodeIgniter\Session\Handlers\FileHandler' driver.
INFO - 2024-09-26 23:45:15 --> Session: Class initialized using 'CodeIgniter\Session\Handlers\FileHandler' driver.
INFO - 2024-09-26 23:45:22 --> Session: Class initialized using 'CodeIgniter\Session\Handlers\FileHandler' driver.
INFO - 2024-09-26 23:45:22 --> Session: Class initialized using 'CodeIgniter\Session\Handlers\FileHandler' driver.
INFO - 2024-09-26 23:45:23 --> Session: Class initialized using 'CodeIgniter\Session\Handlers\FileHandler' driver.
INFO - 2024-09-26 23:45:55 --> Session: Class initialized using 'CodeIgniter\Session\Handlers\FileHandler' driver.
INFO - 2024-09-26 23:45:56 --> Session: Class initialized using 'CodeIgniter\Session\Handlers\FileHandler' driver.
INFO - 2024-09-26 23:45:57 --> Session: Class initialized using 'CodeIgniter\Session\Handlers\FileHandler' driver.
INFO - 2024-09-26 23:46:21 --> Session: Class initialized using 'CodeIgniter\Session\Handlers\FileHandler' driver.
INFO - 2024-09-26 23:46:21 --> Session: Class initialized using 'CodeIgniter\Session\Handlers\FileHandler' driver.
INFO - 2024-09-26 23:46:21 --> Session: Class initialized using 'CodeIgniter\Session\Handlers\FileHandler' driver.
INFO - 2024-09-26 23:46:25 --> Session: Class initialized using 'CodeIgniter\Session\Handlers\FileHandler' driver.
INFO - 2024-09-26 23:46:26 --> Session: Class initialized using 'CodeIgniter\Session\Handlers\FileHandler' driver.
INFO - 2024-09-26 23:46:26 --> Session: Class initialized using 'CodeIgniter\Session\Handlers\FileHandler' driver.
INFO - 2024-09-26 23:54:28 --> Session: Class initialized using 'CodeIgniter\Session\Handlers\FileHandler' driver.
INFO - 2024-09-26 23:54:28 --> Session: Class initialized using 'CodeIgniter\Session\Handlers\FileHandler' driver.
INFO - 2024-09-26 23:54:29 --> Session: Class initialized using 'CodeIgniter\Session\Handlers\FileHandler' driver.
INFO - 2024-09-26 23:54:33 --> Session: Class initialized using 'CodeIgniter\Session\Handlers\FileHandler' driver.
INFO - 2024-09-26 23:54:34 --> Session: Class initialized using 'CodeIgniter\Session\Handlers\FileHandler' driver.
INFO - 2024-09-26 23:54:34 --> Session: Class initialized using 'CodeIgniter\Session\Handlers\FileHandler' driver.
INFO - 2024-09-26 23:56:05 --> Session: Class initialized using 'CodeIgniter\Session\Handlers\FileHandler' driver.
INFO - 2024-09-26 23:56:06 --> Session: Class initialized using 'CodeIgniter\Session\Handlers\FileHandler' driver.
INFO - 2024-09-26 23:56:06 --> Session: Class initialized using 'CodeIgniter\Session\Handlers\FileHandler' driver.
INFO - 2024-09-26 23:58:45 --> Session: Class initialized using 'CodeIgniter\Session\Handlers\FileHandler' driver.
INFO - 2024-09-26 23:58:46 --> Session: Class initialized using 'CodeIgniter\Session\Handlers\FileHandler' driver.
INFO - 2024-09-26 23:58:46 --> Session: Class initialized using 'CodeIgniter\Session\Handlers\FileHandler' driver.
INFO - 2024-09-26 23:59:22 --> Session: Class initialized using 'CodeIgniter\Session\Handlers\FileHandler' driver.
INFO - 2024-09-26 23:59:23 --> Session: Class initialized using 'CodeIgniter\Session\Handlers\FileHandler' driver.
INFO - 2024-09-26 23:59:23 --> Session: Class initialized using 'CodeIgniter\Session\Handlers\FileHandler' driver.
INFO - 2024-09-26 23:59:25 --> Session: Class initialized using 'CodeIgniter\Session\Handlers\FileHandler' driver.
INFO - 2024-09-26 23:59:26 --> Session: Class initialized using 'CodeIgniter\Session\Handlers\FileHandler' driver.
INFO - 2024-09-26 23:59:26 --> Session: Class initialized using 'CodeIgniter\Session\Handlers\FileHandler' driver.
INFO - 2024-09-26 23:59:28 --> Session: Class initialized using 'CodeIgniter\Session\Handlers\FileHandler' driver.
INFO - 2024-09-26 23:59:37 --> Session: Class initialized using 'CodeIgniter\Session\Handlers\FileHandler' driver.
INFO - 2024-09-26 23:59:37 --> Session: Class initialized using 'CodeIgniter\Session\Handlers\FileHandler' driver.
INFO - 2024-09-26 23:59:38 --> Session: Class initialized using 'CodeIgniter\Session\Handlers\FileHandler' driver.
INFO - 2024-09-26 23:59:38 --> Session: Class initialized using 'CodeIgniter\Session\Handlers\FileHandler' driver.
INFO - 2024-09-26 23:59:42 --> Session: Class initialized using 'CodeIgniter\Session\Handlers\FileHandler' driver.
INFO - 2024-09-26 23:59:44 --> Session: Class initialized using 'CodeIgniter\Session\Handlers\FileHandler' driver.
INFO - 2024-09-26 23:59:44 --> Session: Class initialized using 'CodeIgniter\Session\Handlers\FileHandler' driver.
INFO - 2024-09-26 23:59:45 --> Session: Class initialized using 'CodeIgniter\Session\Handlers\FileHandler' driver.
INFO - 2024-09-26 23:59:45 --> Session: Class initialized using 'CodeIgniter\Session\Handlers\FileHandler' driver.
=======
INFO - 2024-09-26 00:00:00 --> Session: Class initialized using 'CodeIgniter\Session\Handlers\FileHandler' driver.
INFO - 2024-09-26 00:00:41 --> Session: Class initialized using 'CodeIgniter\Session\Handlers\FileHandler' driver.
INFO - 2024-09-26 00:01:22 --> Session: Class initialized using 'CodeIgniter\Session\Handlers\FileHandler' driver.
INFO - 2024-09-26 00:01:28 --> Session: Class initialized using 'CodeIgniter\Session\Handlers\FileHandler' driver.
INFO - 2024-09-26 00:02:04 --> Session: Class initialized using 'CodeIgniter\Session\Handlers\FileHandler' driver.
INFO - 2024-09-26 00:02:12 --> Session: Class initialized using 'CodeIgniter\Session\Handlers\FileHandler' driver.
INFO - 2024-09-26 00:02:35 --> Session: Class initialized using 'CodeIgniter\Session\Handlers\FileHandler' driver.
INFO - 2024-09-26 00:02:41 --> Session: Class initialized using 'CodeIgniter\Session\Handlers\FileHandler' driver.
INFO - 2024-09-26 00:03:19 --> Session: Class initialized using 'CodeIgniter\Session\Handlers\FileHandler' driver.
INFO - 2024-09-26 00:03:24 --> Session: Class initialized using 'CodeIgniter\Session\Handlers\FileHandler' driver.
INFO - 2024-09-26 00:03:26 --> Session: Class initialized using 'CodeIgniter\Session\Handlers\FileHandler' driver.
INFO - 2024-09-26 00:03:32 --> Session: Class initialized using 'CodeIgniter\Session\Handlers\FileHandler' driver.
INFO - 2024-09-26 00:03:45 --> Session: Class initialized using 'CodeIgniter\Session\Handlers\FileHandler' driver.
INFO - 2024-09-26 00:03:49 --> Session: Class initialized using 'CodeIgniter\Session\Handlers\FileHandler' driver.
INFO - 2024-09-26 00:13:20 --> Session: Class initialized using 'CodeIgniter\Session\Handlers\FileHandler' driver.
INFO - 2024-09-26 00:13:56 --> Session: Class initialized using 'CodeIgniter\Session\Handlers\FileHandler' driver.
INFO - 2024-09-26 00:14:16 --> Session: Class initialized using 'CodeIgniter\Session\Handlers\FileHandler' driver.
INFO - 2024-09-26 00:14:46 --> Session: Class initialized using 'CodeIgniter\Session\Handlers\FileHandler' driver.
INFO - 2024-09-26 00:14:47 --> Session: Class initialized using 'CodeIgniter\Session\Handlers\FileHandler' driver.
INFO - 2024-09-26 00:14:52 --> Session: Class initialized using 'CodeIgniter\Session\Handlers\FileHandler' driver.
INFO - 2024-09-26 00:14:58 --> Session: Class initialized using 'CodeIgniter\Session\Handlers\FileHandler' driver.
INFO - 2024-09-26 00:15:01 --> Session: Class initialized using 'CodeIgniter\Session\Handlers\FileHandler' driver.
INFO - 2024-09-26 00:15:08 --> Session: Class initialized using 'CodeIgniter\Session\Handlers\FileHandler' driver.
INFO - 2024-09-26 00:15:14 --> Session: Class initialized using 'CodeIgniter\Session\Handlers\FileHandler' driver.
INFO - 2024-09-26 00:15:20 --> Session: Class initialized using 'CodeIgniter\Session\Handlers\FileHandler' driver.
INFO - 2024-09-26 00:15:26 --> Session: Class initialized using 'CodeIgniter\Session\Handlers\FileHandler' driver.
INFO - 2024-09-26 00:15:40 --> Session: Class initialized using 'CodeIgniter\Session\Handlers\FileHandler' driver.
INFO - 2024-09-26 00:15:48 --> Session: Class initialized using 'CodeIgniter\Session\Handlers\FileHandler' driver.
INFO - 2024-09-26 00:25:39 --> Session: Class initialized using 'CodeIgniter\Session\Handlers\FileHandler' driver.
INFO - 2024-09-26 00:33:37 --> Session: Class initialized using 'CodeIgniter\Session\Handlers\FileHandler' driver.
INFO - 2024-09-26 00:33:43 --> Session: Class initialized using 'CodeIgniter\Session\Handlers\FileHandler' driver.
INFO - 2024-09-26 00:34:42 --> Session: Class initialized using 'CodeIgniter\Session\Handlers\FileHandler' driver.
INFO - 2024-09-26 00:43:00 --> Session: Class initialized using 'CodeIgniter\Session\Handlers\FileHandler' driver.
INFO - 2024-09-26 00:43:08 --> Session: Class initialized using 'CodeIgniter\Session\Handlers\FileHandler' driver.
INFO - 2024-09-26 00:43:50 --> Session: Class initialized using 'CodeIgniter\Session\Handlers\FileHandler' driver.
INFO - 2024-09-26 00:43:55 --> Session: Class initialized using 'CodeIgniter\Session\Handlers\FileHandler' driver.
INFO - 2024-09-26 00:44:09 --> Session: Class initialized using 'CodeIgniter\Session\Handlers\FileHandler' driver.
INFO - 2024-09-26 00:44:11 --> Session: Class initialized using 'CodeIgniter\Session\Handlers\FileHandler' driver.
INFO - 2024-09-26 00:45:20 --> Session: Class initialized using 'CodeIgniter\Session\Handlers\FileHandler' driver.
INFO - 2024-09-26 00:46:14 --> Session: Class initialized using 'CodeIgniter\Session\Handlers\FileHandler' driver.
INFO - 2024-09-26 00:46:34 --> Session: Class initialized using 'CodeIgniter\Session\Handlers\FileHandler' driver.
INFO - 2024-09-26 00:47:25 --> Session: Class initialized using 'CodeIgniter\Session\Handlers\FileHandler' driver.
INFO - 2024-09-26 00:47:31 --> Session: Class initialized using 'CodeIgniter\Session\Handlers\FileHandler' driver.
INFO - 2024-09-26 00:49:48 --> Session: Class initialized using 'CodeIgniter\Session\Handlers\FileHandler' driver.
INFO - 2024-09-26 00:49:53 --> Session: Class initialized using 'CodeIgniter\Session\Handlers\FileHandler' driver.
INFO - 2024-09-26 00:57:45 --> Session: Class initialized using 'CodeIgniter\Session\Handlers\FileHandler' driver.
INFO - 2024-09-26 00:58:04 --> Session: Class initialized using 'CodeIgniter\Session\Handlers\FileHandler' driver.
INFO - 2024-09-26 00:58:11 --> Session: Class initialized using 'CodeIgniter\Session\Handlers\FileHandler' driver.
INFO - 2024-09-26 00:58:15 --> Session: Class initialized using 'CodeIgniter\Session\Handlers\FileHandler' driver.
CRITICAL - 2024-09-26 00:58:15 --> ArgumentCountError: Too few arguments to function App\Controllers\ProductosLotes::index(), 0 passed in C:\laragon\www\prueba\SistemaControl\vendor\codeigniter4\framework\system\CodeIgniter.php on line 943 and exactly 1 expected
in APPPATH\Controllers\ProductosLotes.php on line 33.
 1 SYSTEMPATH\CodeIgniter.php(943): App\Controllers\ProductosLotes->index()
 2 SYSTEMPATH\CodeIgniter.php(503): CodeIgniter\CodeIgniter->runController(Object(App\Controllers\ProductosLotes))
 3 SYSTEMPATH\CodeIgniter.php(361): CodeIgniter\CodeIgniter->handleRequest(null, Object(Config\Cache), false)
 4 FCPATH\index.php(81): CodeIgniter\CodeIgniter->run()
INFO - 2024-09-26 01:01:44 --> Session: Class initialized using 'CodeIgniter\Session\Handlers\FileHandler' driver.
CRITICAL - 2024-09-26 01:01:44 --> ArgumentCountError: Too few arguments to function App\Controllers\ProductosLotes::index(), 0 passed in C:\laragon\www\prueba\SistemaControl\vendor\codeigniter4\framework\system\CodeIgniter.php on line 943 and exactly 1 expected
in APPPATH\Controllers\ProductosLotes.php on line 33.
 1 SYSTEMPATH\CodeIgniter.php(943): App\Controllers\ProductosLotes->index()
 2 SYSTEMPATH\CodeIgniter.php(503): CodeIgniter\CodeIgniter->runController(Object(App\Controllers\ProductosLotes))
 3 SYSTEMPATH\CodeIgniter.php(361): CodeIgniter\CodeIgniter->handleRequest(null, Object(Config\Cache), false)
 4 FCPATH\index.php(81): CodeIgniter\CodeIgniter->run()
INFO - 2024-09-26 01:01:54 --> Session: Class initialized using 'CodeIgniter\Session\Handlers\FileHandler' driver.
CRITICAL - 2024-09-26 01:01:54 --> ArgumentCountError: Too few arguments to function App\Controllers\ProductosLotes::index(), 0 passed in C:\laragon\www\prueba\SistemaControl\vendor\codeigniter4\framework\system\CodeIgniter.php on line 943 and exactly 1 expected
in APPPATH\Controllers\ProductosLotes.php on line 33.
 1 SYSTEMPATH\CodeIgniter.php(943): App\Controllers\ProductosLotes->index()
 2 SYSTEMPATH\CodeIgniter.php(503): CodeIgniter\CodeIgniter->runController(Object(App\Controllers\ProductosLotes))
 3 SYSTEMPATH\CodeIgniter.php(361): CodeIgniter\CodeIgniter->handleRequest(null, Object(Config\Cache), false)
 4 FCPATH\index.php(81): CodeIgniter\CodeIgniter->run()
INFO - 2024-09-26 01:02:21 --> Session: Class initialized using 'CodeIgniter\Session\Handlers\FileHandler' driver.
CRITICAL - 2024-09-26 01:02:21 --> ArgumentCountError: Too few arguments to function App\Controllers\ProductosLotes::index(), 0 passed in C:\laragon\www\prueba\SistemaControl\vendor\codeigniter4\framework\system\CodeIgniter.php on line 943 and exactly 1 expected
in APPPATH\Controllers\ProductosLotes.php on line 33.
 1 SYSTEMPATH\CodeIgniter.php(943): App\Controllers\ProductosLotes->index()
 2 SYSTEMPATH\CodeIgniter.php(503): CodeIgniter\CodeIgniter->runController(Object(App\Controllers\ProductosLotes))
 3 SYSTEMPATH\CodeIgniter.php(361): CodeIgniter\CodeIgniter->handleRequest(null, Object(Config\Cache), false)
 4 FCPATH\index.php(81): CodeIgniter\CodeIgniter->run()
INFO - 2024-09-26 01:11:59 --> Session: Class initialized using 'CodeIgniter\Session\Handlers\FileHandler' driver.
INFO - 2024-09-26 01:12:01 --> Session: Class initialized using 'CodeIgniter\Session\Handlers\FileHandler' driver.
INFO - 2024-09-26 01:12:12 --> Session: Class initialized using 'CodeIgniter\Session\Handlers\FileHandler' driver.
INFO - 2024-09-26 01:12:21 --> Session: Class initialized using 'CodeIgniter\Session\Handlers\FileHandler' driver.
INFO - 2024-09-26 01:15:05 --> Session: Class initialized using 'CodeIgniter\Session\Handlers\FileHandler' driver.
INFO - 2024-09-26 01:15:08 --> Session: Class initialized using 'CodeIgniter\Session\Handlers\FileHandler' driver.
INFO - 2024-09-26 01:17:57 --> Session: Class initialized using 'CodeIgniter\Session\Handlers\FileHandler' driver.
INFO - 2024-09-26 01:17:58 --> Session: Class initialized using 'CodeIgniter\Session\Handlers\FileHandler' driver.
INFO - 2024-09-26 01:18:10 --> Session: Class initialized using 'CodeIgniter\Session\Handlers\FileHandler' driver.
INFO - 2024-09-26 01:18:20 --> Session: Class initialized using 'CodeIgniter\Session\Handlers\FileHandler' driver.
INFO - 2024-09-26 01:18:22 --> Session: Class initialized using 'CodeIgniter\Session\Handlers\FileHandler' driver.
INFO - 2024-09-26 01:18:39 --> Session: Class initialized using 'CodeIgniter\Session\Handlers\FileHandler' driver.
INFO - 2024-09-26 01:18:41 --> Session: Class initialized using 'CodeIgniter\Session\Handlers\FileHandler' driver.
INFO - 2024-09-26 01:26:08 --> Session: Class initialized using 'CodeIgniter\Session\Handlers\FileHandler' driver.
INFO - 2024-09-26 17:28:20 --> Session: Class initialized using 'CodeIgniter\Session\Handlers\FileHandler' driver.
INFO - 2024-09-26 17:28:31 --> Session: Class initialized using 'CodeIgniter\Session\Handlers\FileHandler' driver.
INFO - 2024-09-26 17:28:31 --> Session: Class initialized using 'CodeIgniter\Session\Handlers\FileHandler' driver.
INFO - 2024-09-26 17:28:53 --> Session: Class initialized using 'CodeIgniter\Session\Handlers\FileHandler' driver.
INFO - 2024-09-26 17:28:55 --> Session: Class initialized using 'CodeIgniter\Session\Handlers\FileHandler' driver.
INFO - 2024-09-26 17:28:56 --> Session: Class initialized using 'CodeIgniter\Session\Handlers\FileHandler' driver.
INFO - 2024-09-26 17:28:57 --> Session: Class initialized using 'CodeIgniter\Session\Handlers\FileHandler' driver.
INFO - 2024-09-26 17:29:22 --> Session: Class initialized using 'CodeIgniter\Session\Handlers\FileHandler' driver.
INFO - 2024-09-26 17:29:34 --> Session: Class initialized using 'CodeIgniter\Session\Handlers\FileHandler' driver.
INFO - 2024-09-26 17:29:44 --> Session: Class initialized using 'CodeIgniter\Session\Handlers\FileHandler' driver.
INFO - 2024-09-26 17:29:49 --> Session: Class initialized using 'CodeIgniter\Session\Handlers\FileHandler' driver.
INFO - 2024-09-26 17:29:51 --> Session: Class initialized using 'CodeIgniter\Session\Handlers\FileHandler' driver.
INFO - 2024-09-26 17:30:35 --> Session: Class initialized using 'CodeIgniter\Session\Handlers\FileHandler' driver.
CRITICAL - 2024-09-26 17:30:35 --> ErrorException: Undefined array key "Usuario"
in APPPATH\Views\Bitacora\index.php on line 35.
 1 APPPATH\Views\Bitacora\index.php(35): CodeIgniter\Debug\Exceptions->errorHandler(2, 'Undefined array key "Usuario"', 'C:\\laragon\\www\\prueba\\SistemaControl\\app\\Views\\Bitacora\\index.php', 35)
 2 SYSTEMPATH\View\View.php(228): include('C:\\laragon\\www\\prueba\\SistemaControl\\app\\Views\\Bitacora\\index.php')
 3 SYSTEMPATH\View\View.php(231): CodeIgniter\View\View->CodeIgniter\View\{closure}()
 4 SYSTEMPATH\Common.php(1178): CodeIgniter\View\View->render('bitacora/index', [], true)
 5 APPPATH\Controllers\Bitacora.php(19): view('bitacora/index', [...])
 6 SYSTEMPATH\CodeIgniter.php(943): App\Controllers\Bitacora->index()
 7 SYSTEMPATH\CodeIgniter.php(503): CodeIgniter\CodeIgniter->runController(Object(App\Controllers\Bitacora))
 8 SYSTEMPATH\CodeIgniter.php(361): CodeIgniter\CodeIgniter->handleRequest(null, Object(Config\Cache), false)
 9 FCPATH\index.php(81): CodeIgniter\CodeIgniter->run()
INFO - 2024-09-26 17:30:43 --> Session: Class initialized using 'CodeIgniter\Session\Handlers\FileHandler' driver.
INFO - 2024-09-26 17:31:15 --> Session: Class initialized using 'CodeIgniter\Session\Handlers\FileHandler' driver.
INFO - 2024-09-26 17:31:16 --> Session: Class initialized using 'CodeIgniter\Session\Handlers\FileHandler' driver.
INFO - 2024-09-26 17:31:16 --> Session: Class initialized using 'CodeIgniter\Session\Handlers\FileHandler' driver.
INFO - 2024-09-26 20:39:56 --> Session: Class initialized using 'CodeIgniter\Session\Handlers\FileHandler' driver.
INFO - 2024-09-26 20:39:57 --> Session: Class initialized using 'CodeIgniter\Session\Handlers\FileHandler' driver.
INFO - 2024-09-26 20:41:03 --> Session: Class initialized using 'CodeIgniter\Session\Handlers\FileHandler' driver.
INFO - 2024-09-26 20:41:04 --> Session: Class initialized using 'CodeIgniter\Session\Handlers\FileHandler' driver.
INFO - 2024-09-26 20:41:05 --> Session: Class initialized using 'CodeIgniter\Session\Handlers\FileHandler' driver.
INFO - 2024-09-26 20:41:05 --> Session: Class initialized using 'CodeIgniter\Session\Handlers\FileHandler' driver.
INFO - 2024-09-26 20:41:23 --> Session: Class initialized using 'CodeIgniter\Session\Handlers\FileHandler' driver.
INFO - 2024-09-26 20:41:46 --> Session: Class initialized using 'CodeIgniter\Session\Handlers\FileHandler' driver.
INFO - 2024-09-26 20:42:02 --> Session: Class initialized using 'CodeIgniter\Session\Handlers\FileHandler' driver.
INFO - 2024-09-26 20:42:13 --> Session: Class initialized using 'CodeIgniter\Session\Handlers\FileHandler' driver.
INFO - 2024-09-26 20:42:17 --> Session: Class initialized using 'CodeIgniter\Session\Handlers\FileHandler' driver.
INFO - 2024-09-26 20:44:43 --> Session: Class initialized using 'CodeIgniter\Session\Handlers\FileHandler' driver.
INFO - 2024-09-26 20:48:37 --> Session: Class initialized using 'CodeIgniter\Session\Handlers\FileHandler' driver.
INFO - 2024-09-26 20:49:16 --> Session: Class initialized using 'CodeIgniter\Session\Handlers\FileHandler' driver.
CRITICAL - 2024-09-26 20:49:17 --> ErrorException: Attempt to read property "idProducto" on array
in APPPATH\Views\Reportes\productos_lotes.php on line 13.
 1 APPPATH\Views\Reportes\productos_lotes.php(13): CodeIgniter\Debug\Exceptions->errorHandler(2, 'Attempt to read property "idProducto" on array', 'C:\\laragon\\www\\prueba\\SistemaControl\\app\\Views\\Reportes\\productos_lotes.php', 13)
 2 SYSTEMPATH\View\View.php(228): include('C:\\laragon\\www\\prueba\\SistemaControl\\app\\Views\\Reportes\\productos_lotes.php')
 3 SYSTEMPATH\View\View.php(231): CodeIgniter\View\View->CodeIgniter\View\{closure}()
 4 SYSTEMPATH\Common.php(1178): CodeIgniter\View\View->render('Reportes/productos_lotes', [], true)
 5 APPPATH\Controllers\ProductosLotes.php(265): view('Reportes/productos_lotes', [...])
 6 SYSTEMPATH\CodeIgniter.php(943): App\Controllers\ProductosLotes->getLotes('1')
 7 SYSTEMPATH\CodeIgniter.php(503): CodeIgniter\CodeIgniter->runController(Object(App\Controllers\ProductosLotes))
 8 SYSTEMPATH\CodeIgniter.php(361): CodeIgniter\CodeIgniter->handleRequest(null, Object(Config\Cache), false)
 9 FCPATH\index.php(81): CodeIgniter\CodeIgniter->run()
INFO - 2024-09-26 20:51:40 --> Session: Class initialized using 'CodeIgniter\Session\Handlers\FileHandler' driver.
INFO - 2024-09-26 20:51:43 --> Session: Class initialized using 'CodeIgniter\Session\Handlers\FileHandler' driver.
INFO - 2024-09-26 20:51:46 --> Session: Class initialized using 'CodeIgniter\Session\Handlers\FileHandler' driver.
CRITICAL - 2024-09-26 20:51:46 --> ErrorException: Attempt to read property "idProducto" on array
in APPPATH\Views\Reportes\productos_lotes.php on line 13.
 1 APPPATH\Views\Reportes\productos_lotes.php(13): CodeIgniter\Debug\Exceptions->errorHandler(2, 'Attempt to read property "idProducto" on array', 'C:\\laragon\\www\\prueba\\SistemaControl\\app\\Views\\Reportes\\productos_lotes.php', 13)
 2 SYSTEMPATH\View\View.php(228): include('C:\\laragon\\www\\prueba\\SistemaControl\\app\\Views\\Reportes\\productos_lotes.php')
 3 SYSTEMPATH\View\View.php(231): CodeIgniter\View\View->CodeIgniter\View\{closure}()
 4 SYSTEMPATH\Common.php(1178): CodeIgniter\View\View->render('Reportes/productos_lotes', [], true)
 5 APPPATH\Controllers\ProductosLotes.php(245): view('Reportes/productos_lotes', [...])
 6 SYSTEMPATH\CodeIgniter.php(943): App\Controllers\ProductosLotes->getLotes()
 7 SYSTEMPATH\CodeIgniter.php(503): CodeIgniter\CodeIgniter->runController(Object(App\Controllers\ProductosLotes))
 8 SYSTEMPATH\CodeIgniter.php(361): CodeIgniter\CodeIgniter->handleRequest(null, Object(Config\Cache), false)
 9 FCPATH\index.php(81): CodeIgniter\CodeIgniter->run()
INFO - 2024-09-26 20:52:49 --> Session: Class initialized using 'CodeIgniter\Session\Handlers\FileHandler' driver.
INFO - 2024-09-26 20:53:14 --> Session: Class initialized using 'CodeIgniter\Session\Handlers\FileHandler' driver.
INFO - 2024-09-26 20:54:41 --> Session: Class initialized using 'CodeIgniter\Session\Handlers\FileHandler' driver.
INFO - 2024-09-26 20:55:33 --> Session: Class initialized using 'CodeIgniter\Session\Handlers\FileHandler' driver.
INFO - 2024-09-26 20:57:09 --> Session: Class initialized using 'CodeIgniter\Session\Handlers\FileHandler' driver.
INFO - 2024-09-26 20:59:19 --> Session: Class initialized using 'CodeIgniter\Session\Handlers\FileHandler' driver.
INFO - 2024-09-26 21:03:51 --> Session: Class initialized using 'CodeIgniter\Session\Handlers\FileHandler' driver.
INFO - 2024-09-26 21:03:53 --> Session: Class initialized using 'CodeIgniter\Session\Handlers\FileHandler' driver.
INFO - 2024-09-26 21:03:53 --> Session: Class initialized using 'CodeIgniter\Session\Handlers\FileHandler' driver.
INFO - 2024-09-26 21:04:39 --> Session: Class initialized using 'CodeIgniter\Session\Handlers\FileHandler' driver.
INFO - 2024-09-26 21:04:42 --> Session: Class initialized using 'CodeIgniter\Session\Handlers\FileHandler' driver.
INFO - 2024-09-26 21:04:42 --> Session: Class initialized using 'CodeIgniter\Session\Handlers\FileHandler' driver.
INFO - 2024-09-26 21:04:42 --> Session: Class initialized using 'CodeIgniter\Session\Handlers\FileHandler' driver.
INFO - 2024-09-26 21:04:48 --> Session: Class initialized using 'CodeIgniter\Session\Handlers\FileHandler' driver.
INFO - 2024-09-26 21:04:48 --> Session: Class initialized using 'CodeIgniter\Session\Handlers\FileHandler' driver.
INFO - 2024-09-26 21:05:29 --> Session: Class initialized using 'CodeIgniter\Session\Handlers\FileHandler' driver.
INFO - 2024-09-26 21:05:31 --> Session: Class initialized using 'CodeIgniter\Session\Handlers\FileHandler' driver.
INFO - 2024-09-26 21:05:32 --> Session: Class initialized using 'CodeIgniter\Session\Handlers\FileHandler' driver.
INFO - 2024-09-26 21:05:32 --> Session: Class initialized using 'CodeIgniter\Session\Handlers\FileHandler' driver.
INFO - 2024-09-26 21:05:34 --> Session: Class initialized using 'CodeIgniter\Session\Handlers\FileHandler' driver.
INFO - 2024-09-26 21:05:34 --> Session: Class initialized using 'CodeIgniter\Session\Handlers\FileHandler' driver.
INFO - 2024-09-26 21:05:36 --> Session: Class initialized using 'CodeIgniter\Session\Handlers\FileHandler' driver.
INFO - 2024-09-26 21:12:59 --> Session: Class initialized using 'CodeIgniter\Session\Handlers\FileHandler' driver.
INFO - 2024-09-26 21:15:15 --> Session: Class initialized using 'CodeIgniter\Session\Handlers\FileHandler' driver.
INFO - 2024-09-26 21:16:18 --> Session: Class initialized using 'CodeIgniter\Session\Handlers\FileHandler' driver.
INFO - 2024-09-26 21:16:42 --> Session: Class initialized using 'CodeIgniter\Session\Handlers\FileHandler' driver.
INFO - 2024-09-26 21:18:49 --> Session: Class initialized using 'CodeIgniter\Session\Handlers\FileHandler' driver.
INFO - 2024-09-26 21:20:00 --> Session: Class initialized using 'CodeIgniter\Session\Handlers\FileHandler' driver.
INFO - 2024-09-26 21:22:50 --> Session: Class initialized using 'CodeIgniter\Session\Handlers\FileHandler' driver.
INFO - 2024-09-26 21:24:41 --> Session: Class initialized using 'CodeIgniter\Session\Handlers\FileHandler' driver.
INFO - 2024-09-26 21:25:16 --> Session: Class initialized using 'CodeIgniter\Session\Handlers\FileHandler' driver.
INFO - 2024-09-26 21:26:26 --> Session: Class initialized using 'CodeIgniter\Session\Handlers\FileHandler' driver.
INFO - 2024-09-26 21:26:30 --> Session: Class initialized using 'CodeIgniter\Session\Handlers\FileHandler' driver.
INFO - 2024-09-26 21:27:20 --> Session: Class initialized using 'CodeIgniter\Session\Handlers\FileHandler' driver.
INFO - 2024-09-26 21:27:25 --> Session: Class initialized using 'CodeIgniter\Session\Handlers\FileHandler' driver.
INFO - 2024-09-26 21:29:15 --> Session: Class initialized using 'CodeIgniter\Session\Handlers\FileHandler' driver.
INFO - 2024-09-26 21:29:21 --> Session: Class initialized using 'CodeIgniter\Session\Handlers\FileHandler' driver.
INFO - 2024-09-26 21:29:44 --> Session: Class initialized using 'CodeIgniter\Session\Handlers\FileHandler' driver.
INFO - 2024-09-26 21:29:58 --> Session: Class initialized using 'CodeIgniter\Session\Handlers\FileHandler' driver.
INFO - 2024-09-26 21:49:17 --> Session: Class initialized using 'CodeIgniter\Session\Handlers\FileHandler' driver.
INFO - 2024-09-26 21:49:30 --> Session: Class initialized using 'CodeIgniter\Session\Handlers\FileHandler' driver.
INFO - 2024-09-26 21:49:59 --> Session: Class initialized using 'CodeIgniter\Session\Handlers\FileHandler' driver.
INFO - 2024-09-26 21:50:08 --> Session: Class initialized using 'CodeIgniter\Session\Handlers\FileHandler' driver.
INFO - 2024-09-26 21:50:36 --> Session: Class initialized using 'CodeIgniter\Session\Handlers\FileHandler' driver.
INFO - 2024-09-26 21:50:45 --> Session: Class initialized using 'CodeIgniter\Session\Handlers\FileHandler' driver.
INFO - 2024-09-26 21:52:42 --> Session: Class initialized using 'CodeIgniter\Session\Handlers\FileHandler' driver.
INFO - 2024-09-26 21:55:13 --> Session: Class initialized using 'CodeIgniter\Session\Handlers\FileHandler' driver.
INFO - 2024-09-26 21:55:20 --> Session: Class initialized using 'CodeIgniter\Session\Handlers\FileHandler' driver.
INFO - 2024-09-26 22:03:05 --> Session: Class initialized using 'CodeIgniter\Session\Handlers\FileHandler' driver.
INFO - 2024-09-26 22:05:32 --> Session: Class initialized using 'CodeIgniter\Session\Handlers\FileHandler' driver.
INFO - 2024-09-26 22:05:40 --> Session: Class initialized using 'CodeIgniter\Session\Handlers\FileHandler' driver.
INFO - 2024-09-26 22:05:44 --> Session: Class initialized using 'CodeIgniter\Session\Handlers\FileHandler' driver.
CRITICAL - 2024-09-26 22:05:45 --> ErrorException: Attempt to read property "codigoLote" on array
in APPPATH\Controllers\ReportelotesProductos.php on line 107.
 1 APPPATH\Controllers\ReportelotesProductos.php(107): CodeIgniter\Debug\Exceptions->errorHandler(2, 'Attempt to read property "codigoLote" on array', 'C:\\laragon\\www\\prueba\\SistemaControl\\app\\Controllers\\ReportelotesProductos.php', 107)
 2 SYSTEMPATH\CodeIgniter.php(943): App\Controllers\ReportelotesProductos->generarReporte('4')
 3 SYSTEMPATH\CodeIgniter.php(503): CodeIgniter\CodeIgniter->runController(Object(App\Controllers\ReportelotesProductos))
 4 SYSTEMPATH\CodeIgniter.php(361): CodeIgniter\CodeIgniter->handleRequest(null, Object(Config\Cache), false)
 5 FCPATH\index.php(81): CodeIgniter\CodeIgniter->run()
INFO - 2024-09-26 22:06:13 --> Session: Class initialized using 'CodeIgniter\Session\Handlers\FileHandler' driver.
INFO - 2024-09-26 22:10:05 --> Session: Class initialized using 'CodeIgniter\Session\Handlers\FileHandler' driver.
INFO - 2024-09-26 22:10:10 --> Session: Class initialized using 'CodeIgniter\Session\Handlers\FileHandler' driver.
INFO - 2024-09-26 22:10:12 --> Session: Class initialized using 'CodeIgniter\Session\Handlers\FileHandler' driver.
INFO - 2024-09-26 22:14:46 --> Session: Class initialized using 'CodeIgniter\Session\Handlers\FileHandler' driver.
INFO - 2024-09-26 22:15:39 --> Session: Class initialized using 'CodeIgniter\Session\Handlers\FileHandler' driver.
INFO - 2024-09-26 22:16:12 --> Session: Class initialized using 'CodeIgniter\Session\Handlers\FileHandler' driver.
INFO - 2024-09-26 22:16:42 --> Session: Class initialized using 'CodeIgniter\Session\Handlers\FileHandler' driver.
INFO - 2024-09-26 22:17:08 --> Session: Class initialized using 'CodeIgniter\Session\Handlers\FileHandler' driver.
INFO - 2024-09-26 22:26:48 --> Session: Class initialized using 'CodeIgniter\Session\Handlers\FileHandler' driver.
INFO - 2024-09-26 22:27:31 --> Session: Class initialized using 'CodeIgniter\Session\Handlers\FileHandler' driver.
INFO - 2024-09-26 22:29:03 --> Session: Class initialized using 'CodeIgniter\Session\Handlers\FileHandler' driver.
INFO - 2024-09-26 22:29:13 --> Session: Class initialized using 'CodeIgniter\Session\Handlers\FileHandler' driver.
INFO - 2024-09-26 22:29:20 --> Session: Class initialized using 'CodeIgniter\Session\Handlers\FileHandler' driver.
INFO - 2024-09-26 22:29:24 --> Session: Class initialized using 'CodeIgniter\Session\Handlers\FileHandler' driver.
WARNING - 2024-09-26 22:29:25 --> [DEPRECATED] utf8_decode(): Passing null to parameter #1 ($string) of type string is deprecated in APPPATH\Controllers\ReportePDF.php on line 307.
 1 APPPATH\Controllers\ReportePDF.php(307): utf8_decode(null)
 2 SYSTEMPATH\CodeIgniter.php(943): App\Controllers\ReportePDF->generarReporte()
 3 SYSTEMPATH\CodeIgniter.php(503): CodeIgniter\CodeIgniter->runController(Object(App\Controllers\ReportePDF))
 4 SYSTEMPATH\CodeIgniter.php(361): CodeIgniter\CodeIgniter->handleRequest(null, Object(Config\Cache), false)
 5 FCPATH\index.php(81): CodeIgniter\CodeIgniter->run()
WARNING - 2024-09-26 22:29:25 --> [DEPRECATED] utf8_decode(): Passing null to parameter #1 ($string) of type string is deprecated in APPPATH\Controllers\ReportePDF.php on line 307.
 1 APPPATH\Controllers\ReportePDF.php(307): utf8_decode(null)
 2 SYSTEMPATH\CodeIgniter.php(943): App\Controllers\ReportePDF->generarReporte()
 3 SYSTEMPATH\CodeIgniter.php(503): CodeIgniter\CodeIgniter->runController(Object(App\Controllers\ReportePDF))
 4 SYSTEMPATH\CodeIgniter.php(361): CodeIgniter\CodeIgniter->handleRequest(null, Object(Config\Cache), false)
 5 FCPATH\index.php(81): CodeIgniter\CodeIgniter->run()
WARNING - 2024-09-26 22:29:25 --> [DEPRECATED] utf8_decode(): Passing null to parameter #1 ($string) of type string is deprecated in APPPATH\Controllers\ReportePDF.php on line 293.
 1 APPPATH\Controllers\ReportePDF.php(293): utf8_decode(null)
 2 SYSTEMPATH\CodeIgniter.php(943): App\Controllers\ReportePDF->generarReporte()
 3 SYSTEMPATH\CodeIgniter.php(503): CodeIgniter\CodeIgniter->runController(Object(App\Controllers\ReportePDF))
 4 SYSTEMPATH\CodeIgniter.php(361): CodeIgniter\CodeIgniter->handleRequest(null, Object(Config\Cache), false)
 5 FCPATH\index.php(81): CodeIgniter\CodeIgniter->run()
INFO - 2024-09-26 22:34:22 --> Session: Class initialized using 'CodeIgniter\Session\Handlers\FileHandler' driver.
INFO - 2024-09-26 22:34:25 --> Session: Class initialized using 'CodeIgniter\Session\Handlers\FileHandler' driver.
INFO - 2024-09-26 22:34:38 --> Session: Class initialized using 'CodeIgniter\Session\Handlers\FileHandler' driver.
INFO - 2024-09-26 22:39:46 --> Session: Class initialized using 'CodeIgniter\Session\Handlers\FileHandler' driver.
INFO - 2024-09-26 22:39:48 --> Session: Class initialized using 'CodeIgniter\Session\Handlers\FileHandler' driver.
WARNING - 2024-09-26 22:39:49 --> [DEPRECATED] utf8_decode(): Passing null to parameter #1 ($string) of type string is deprecated in APPPATH\Controllers\ReportePDF.php on line 310.
 1 APPPATH\Controllers\ReportePDF.php(310): utf8_decode(null)
 2 SYSTEMPATH\CodeIgniter.php(943): App\Controllers\ReportePDF->generarReporte()
 3 SYSTEMPATH\CodeIgniter.php(503): CodeIgniter\CodeIgniter->runController(Object(App\Controllers\ReportePDF))
 4 SYSTEMPATH\CodeIgniter.php(361): CodeIgniter\CodeIgniter->handleRequest(null, Object(Config\Cache), false)
 5 FCPATH\index.php(81): CodeIgniter\CodeIgniter->run()
WARNING - 2024-09-26 22:39:49 --> [DEPRECATED] utf8_decode(): Passing null to parameter #1 ($string) of type string is deprecated in APPPATH\Controllers\ReportePDF.php on line 310.
 1 APPPATH\Controllers\ReportePDF.php(310): utf8_decode(null)
 2 SYSTEMPATH\CodeIgniter.php(943): App\Controllers\ReportePDF->generarReporte()
 3 SYSTEMPATH\CodeIgniter.php(503): CodeIgniter\CodeIgniter->runController(Object(App\Controllers\ReportePDF))
 4 SYSTEMPATH\CodeIgniter.php(361): CodeIgniter\CodeIgniter->handleRequest(null, Object(Config\Cache), false)
 5 FCPATH\index.php(81): CodeIgniter\CodeIgniter->run()
WARNING - 2024-09-26 22:39:49 --> [DEPRECATED] utf8_decode(): Passing null to parameter #1 ($string) of type string is deprecated in APPPATH\Controllers\ReportePDF.php on line 296.
 1 APPPATH\Controllers\ReportePDF.php(296): utf8_decode(null)
 2 SYSTEMPATH\CodeIgniter.php(943): App\Controllers\ReportePDF->generarReporte()
 3 SYSTEMPATH\CodeIgniter.php(503): CodeIgniter\CodeIgniter->runController(Object(App\Controllers\ReportePDF))
 4 SYSTEMPATH\CodeIgniter.php(361): CodeIgniter\CodeIgniter->handleRequest(null, Object(Config\Cache), false)
 5 FCPATH\index.php(81): CodeIgniter\CodeIgniter->run()
INFO - 2024-09-26 22:44:03 --> Session: Class initialized using 'CodeIgniter\Session\Handlers\FileHandler' driver.
WARNING - 2024-09-26 22:44:03 --> [DEPRECATED] utf8_decode(): Passing null to parameter #1 ($string) of type string is deprecated in APPPATH\Controllers\ReportePDF.php on line 307.
 1 APPPATH\Controllers\ReportePDF.php(307): utf8_decode(null)
 2 SYSTEMPATH\CodeIgniter.php(943): App\Controllers\ReportePDF->generarReporte()
 3 SYSTEMPATH\CodeIgniter.php(503): CodeIgniter\CodeIgniter->runController(Object(App\Controllers\ReportePDF))
 4 SYSTEMPATH\CodeIgniter.php(361): CodeIgniter\CodeIgniter->handleRequest(null, Object(Config\Cache), false)
 5 FCPATH\index.php(81): CodeIgniter\CodeIgniter->run()
WARNING - 2024-09-26 22:44:03 --> [DEPRECATED] utf8_decode(): Passing null to parameter #1 ($string) of type string is deprecated in APPPATH\Controllers\ReportePDF.php on line 307.
 1 APPPATH\Controllers\ReportePDF.php(307): utf8_decode(null)
 2 SYSTEMPATH\CodeIgniter.php(943): App\Controllers\ReportePDF->generarReporte()
 3 SYSTEMPATH\CodeIgniter.php(503): CodeIgniter\CodeIgniter->runController(Object(App\Controllers\ReportePDF))
 4 SYSTEMPATH\CodeIgniter.php(361): CodeIgniter\CodeIgniter->handleRequest(null, Object(Config\Cache), false)
 5 FCPATH\index.php(81): CodeIgniter\CodeIgniter->run()
WARNING - 2024-09-26 22:44:03 --> [DEPRECATED] utf8_decode(): Passing null to parameter #1 ($string) of type string is deprecated in APPPATH\Controllers\ReportePDF.php on line 293.
 1 APPPATH\Controllers\ReportePDF.php(293): utf8_decode(null)
 2 SYSTEMPATH\CodeIgniter.php(943): App\Controllers\ReportePDF->generarReporte()
 3 SYSTEMPATH\CodeIgniter.php(503): CodeIgniter\CodeIgniter->runController(Object(App\Controllers\ReportePDF))
 4 SYSTEMPATH\CodeIgniter.php(361): CodeIgniter\CodeIgniter->handleRequest(null, Object(Config\Cache), false)
 5 FCPATH\index.php(81): CodeIgniter\CodeIgniter->run()
INFO - 2024-09-26 22:44:27 --> Session: Class initialized using 'CodeIgniter\Session\Handlers\FileHandler' driver.
INFO - 2024-09-26 22:44:30 --> Session: Class initialized using 'CodeIgniter\Session\Handlers\FileHandler' driver.
INFO - 2024-09-26 22:44:33 --> Session: Class initialized using 'CodeIgniter\Session\Handlers\FileHandler' driver.
INFO - 2024-09-26 22:45:56 --> Session: Class initialized using 'CodeIgniter\Session\Handlers\FileHandler' driver.
INFO - 2024-09-26 22:49:07 --> Session: Class initialized using 'CodeIgniter\Session\Handlers\FileHandler' driver.
INFO - 2024-09-26 22:49:34 --> Session: Class initialized using 'CodeIgniter\Session\Handlers\FileHandler' driver.
INFO - 2024-09-26 22:49:38 --> Session: Class initialized using 'CodeIgniter\Session\Handlers\FileHandler' driver.
INFO - 2024-09-26 22:49:44 --> Session: Class initialized using 'CodeIgniter\Session\Handlers\FileHandler' driver.
INFO - 2024-09-26 22:49:47 --> Session: Class initialized using 'CodeIgniter\Session\Handlers\FileHandler' driver.
INFO - 2024-09-26 22:49:50 --> Session: Class initialized using 'CodeIgniter\Session\Handlers\FileHandler' driver.
INFO - 2024-09-26 22:49:54 --> Session: Class initialized using 'CodeIgniter\Session\Handlers\FileHandler' driver.
INFO - 2024-09-26 22:52:04 --> Session: Class initialized using 'CodeIgniter\Session\Handlers\FileHandler' driver.
INFO - 2024-09-26 22:52:15 --> Session: Class initialized using 'CodeIgniter\Session\Handlers\FileHandler' driver.
INFO - 2024-09-26 22:59:25 --> Session: Class initialized using 'CodeIgniter\Session\Handlers\FileHandler' driver.
INFO - 2024-09-26 22:59:34 --> Session: Class initialized using 'CodeIgniter\Session\Handlers\FileHandler' driver.
INFO - 2024-09-26 23:00:26 --> Session: Class initialized using 'CodeIgniter\Session\Handlers\FileHandler' driver.
INFO - 2024-09-26 23:00:44 --> Session: Class initialized using 'CodeIgniter\Session\Handlers\FileHandler' driver.
INFO - 2024-09-26 23:09:24 --> Session: Class initialized using 'CodeIgniter\Session\Handlers\FileHandler' driver.
INFO - 2024-09-26 23:10:04 --> Session: Class initialized using 'CodeIgniter\Session\Handlers\FileHandler' driver.
INFO - 2024-09-26 23:11:41 --> Session: Class initialized using 'CodeIgniter\Session\Handlers\FileHandler' driver.
INFO - 2024-09-26 23:21:13 --> Session: Class initialized using 'CodeIgniter\Session\Handlers\FileHandler' driver.
INFO - 2024-09-26 23:21:21 --> Session: Class initialized using 'CodeIgniter\Session\Handlers\FileHandler' driver.
INFO - 2024-09-26 23:22:17 --> Session: Class initialized using 'CodeIgniter\Session\Handlers\FileHandler' driver.
INFO - 2024-09-26 23:22:56 --> Session: Class initialized using 'CodeIgniter\Session\Handlers\FileHandler' driver.
INFO - 2024-09-26 23:23:24 --> Session: Class initialized using 'CodeIgniter\Session\Handlers\FileHandler' driver.
INFO - 2024-09-26 23:23:44 --> Session: Class initialized using 'CodeIgniter\Session\Handlers\FileHandler' driver.
INFO - 2024-09-26 23:23:47 --> Session: Class initialized using 'CodeIgniter\Session\Handlers\FileHandler' driver.
INFO - 2024-09-26 23:23:50 --> Session: Class initialized using 'CodeIgniter\Session\Handlers\FileHandler' driver.
INFO - 2024-09-26 23:24:05 --> Session: Class initialized using 'CodeIgniter\Session\Handlers\FileHandler' driver.
INFO - 2024-09-26 23:33:15 --> Session: Class initialized using 'CodeIgniter\Session\Handlers\FileHandler' driver.
INFO - 2024-09-26 23:33:24 --> Session: Class initialized using 'CodeIgniter\Session\Handlers\FileHandler' driver.
INFO - 2024-09-26 23:33:29 --> Session: Class initialized using 'CodeIgniter\Session\Handlers\FileHandler' driver.
WARNING - 2024-09-26 23:33:29 --> [DEPRECATED] utf8_decode(): Passing null to parameter #1 ($string) of type string is deprecated in APPPATH\Controllers\ReportePDF.php on line 307.
 1 APPPATH\Controllers\ReportePDF.php(307): utf8_decode(null)
 2 SYSTEMPATH\CodeIgniter.php(943): App\Controllers\ReportePDF->generarReporte()
 3 SYSTEMPATH\CodeIgniter.php(503): CodeIgniter\CodeIgniter->runController(Object(App\Controllers\ReportePDF))
 4 SYSTEMPATH\CodeIgniter.php(361): CodeIgniter\CodeIgniter->handleRequest(null, Object(Config\Cache), false)
 5 FCPATH\index.php(81): CodeIgniter\CodeIgniter->run()
WARNING - 2024-09-26 23:33:29 --> [DEPRECATED] utf8_decode(): Passing null to parameter #1 ($string) of type string is deprecated in APPPATH\Controllers\ReportePDF.php on line 307.
 1 APPPATH\Controllers\ReportePDF.php(307): utf8_decode(null)
 2 SYSTEMPATH\CodeIgniter.php(943): App\Controllers\ReportePDF->generarReporte()
 3 SYSTEMPATH\CodeIgniter.php(503): CodeIgniter\CodeIgniter->runController(Object(App\Controllers\ReportePDF))
 4 SYSTEMPATH\CodeIgniter.php(361): CodeIgniter\CodeIgniter->handleRequest(null, Object(Config\Cache), false)
 5 FCPATH\index.php(81): CodeIgniter\CodeIgniter->run()
WARNING - 2024-09-26 23:33:29 --> [DEPRECATED] utf8_decode(): Passing null to parameter #1 ($string) of type string is deprecated in APPPATH\Controllers\ReportePDF.php on line 293.
 1 APPPATH\Controllers\ReportePDF.php(293): utf8_decode(null)
 2 SYSTEMPATH\CodeIgniter.php(943): App\Controllers\ReportePDF->generarReporte()
 3 SYSTEMPATH\CodeIgniter.php(503): CodeIgniter\CodeIgniter->runController(Object(App\Controllers\ReportePDF))
 4 SYSTEMPATH\CodeIgniter.php(361): CodeIgniter\CodeIgniter->handleRequest(null, Object(Config\Cache), false)
 5 FCPATH\index.php(81): CodeIgniter\CodeIgniter->run()
INFO - 2024-09-26 23:34:49 --> Session: Class initialized using 'CodeIgniter\Session\Handlers\FileHandler' driver.
WARNING - 2024-09-26 23:34:49 --> [DEPRECATED] utf8_decode(): Passing null to parameter #1 ($string) of type string is deprecated in APPPATH\Controllers\ReportePDF.php on line 307.
 1 APPPATH\Controllers\ReportePDF.php(307): utf8_decode(null)
 2 SYSTEMPATH\CodeIgniter.php(943): App\Controllers\ReportePDF->generarReporte()
 3 SYSTEMPATH\CodeIgniter.php(503): CodeIgniter\CodeIgniter->runController(Object(App\Controllers\ReportePDF))
 4 SYSTEMPATH\CodeIgniter.php(361): CodeIgniter\CodeIgniter->handleRequest(null, Object(Config\Cache), false)
 5 FCPATH\index.php(81): CodeIgniter\CodeIgniter->run()
WARNING - 2024-09-26 23:34:49 --> [DEPRECATED] utf8_decode(): Passing null to parameter #1 ($string) of type string is deprecated in APPPATH\Controllers\ReportePDF.php on line 307.
 1 APPPATH\Controllers\ReportePDF.php(307): utf8_decode(null)
 2 SYSTEMPATH\CodeIgniter.php(943): App\Controllers\ReportePDF->generarReporte()
 3 SYSTEMPATH\CodeIgniter.php(503): CodeIgniter\CodeIgniter->runController(Object(App\Controllers\ReportePDF))
 4 SYSTEMPATH\CodeIgniter.php(361): CodeIgniter\CodeIgniter->handleRequest(null, Object(Config\Cache), false)
 5 FCPATH\index.php(81): CodeIgniter\CodeIgniter->run()
WARNING - 2024-09-26 23:34:49 --> [DEPRECATED] utf8_decode(): Passing null to parameter #1 ($string) of type string is deprecated in APPPATH\Controllers\ReportePDF.php on line 293.
 1 APPPATH\Controllers\ReportePDF.php(293): utf8_decode(null)
 2 SYSTEMPATH\CodeIgniter.php(943): App\Controllers\ReportePDF->generarReporte()
 3 SYSTEMPATH\CodeIgniter.php(503): CodeIgniter\CodeIgniter->runController(Object(App\Controllers\ReportePDF))
 4 SYSTEMPATH\CodeIgniter.php(361): CodeIgniter\CodeIgniter->handleRequest(null, Object(Config\Cache), false)
 5 FCPATH\index.php(81): CodeIgniter\CodeIgniter->run()
INFO - 2024-09-26 23:35:43 --> Session: Class initialized using 'CodeIgniter\Session\Handlers\FileHandler' driver.
WARNING - 2024-09-26 23:35:43 --> [DEPRECATED] utf8_decode(): Passing null to parameter #1 ($string) of type string is deprecated in APPPATH\Controllers\ReportePDF.php on line 307.
 1 APPPATH\Controllers\ReportePDF.php(307): utf8_decode(null)
 2 SYSTEMPATH\CodeIgniter.php(943): App\Controllers\ReportePDF->generarReporte()
 3 SYSTEMPATH\CodeIgniter.php(503): CodeIgniter\CodeIgniter->runController(Object(App\Controllers\ReportePDF))
 4 SYSTEMPATH\CodeIgniter.php(361): CodeIgniter\CodeIgniter->handleRequest(null, Object(Config\Cache), false)
 5 FCPATH\index.php(81): CodeIgniter\CodeIgniter->run()
WARNING - 2024-09-26 23:35:43 --> [DEPRECATED] utf8_decode(): Passing null to parameter #1 ($string) of type string is deprecated in APPPATH\Controllers\ReportePDF.php on line 307.
 1 APPPATH\Controllers\ReportePDF.php(307): utf8_decode(null)
 2 SYSTEMPATH\CodeIgniter.php(943): App\Controllers\ReportePDF->generarReporte()
 3 SYSTEMPATH\CodeIgniter.php(503): CodeIgniter\CodeIgniter->runController(Object(App\Controllers\ReportePDF))
 4 SYSTEMPATH\CodeIgniter.php(361): CodeIgniter\CodeIgniter->handleRequest(null, Object(Config\Cache), false)
 5 FCPATH\index.php(81): CodeIgniter\CodeIgniter->run()
WARNING - 2024-09-26 23:35:43 --> [DEPRECATED] utf8_decode(): Passing null to parameter #1 ($string) of type string is deprecated in APPPATH\Controllers\ReportePDF.php on line 293.
 1 APPPATH\Controllers\ReportePDF.php(293): utf8_decode(null)
 2 SYSTEMPATH\CodeIgniter.php(943): App\Controllers\ReportePDF->generarReporte()
 3 SYSTEMPATH\CodeIgniter.php(503): CodeIgniter\CodeIgniter->runController(Object(App\Controllers\ReportePDF))
 4 SYSTEMPATH\CodeIgniter.php(361): CodeIgniter\CodeIgniter->handleRequest(null, Object(Config\Cache), false)
 5 FCPATH\index.php(81): CodeIgniter\CodeIgniter->run()
INFO - 2024-09-26 23:37:12 --> Session: Class initialized using 'CodeIgniter\Session\Handlers\FileHandler' driver.
WARNING - 2024-09-26 23:37:12 --> [DEPRECATED] utf8_decode(): Passing null to parameter #1 ($string) of type string is deprecated in APPPATH\Controllers\ReportePDF.php on line 307.
 1 APPPATH\Controllers\ReportePDF.php(307): utf8_decode(null)
 2 SYSTEMPATH\CodeIgniter.php(943): App\Controllers\ReportePDF->generarReporte()
 3 SYSTEMPATH\CodeIgniter.php(503): CodeIgniter\CodeIgniter->runController(Object(App\Controllers\ReportePDF))
 4 SYSTEMPATH\CodeIgniter.php(361): CodeIgniter\CodeIgniter->handleRequest(null, Object(Config\Cache), false)
 5 FCPATH\index.php(81): CodeIgniter\CodeIgniter->run()
WARNING - 2024-09-26 23:37:12 --> [DEPRECATED] utf8_decode(): Passing null to parameter #1 ($string) of type string is deprecated in APPPATH\Controllers\ReportePDF.php on line 307.
 1 APPPATH\Controllers\ReportePDF.php(307): utf8_decode(null)
 2 SYSTEMPATH\CodeIgniter.php(943): App\Controllers\ReportePDF->generarReporte()
 3 SYSTEMPATH\CodeIgniter.php(503): CodeIgniter\CodeIgniter->runController(Object(App\Controllers\ReportePDF))
 4 SYSTEMPATH\CodeIgniter.php(361): CodeIgniter\CodeIgniter->handleRequest(null, Object(Config\Cache), false)
 5 FCPATH\index.php(81): CodeIgniter\CodeIgniter->run()
WARNING - 2024-09-26 23:37:12 --> [DEPRECATED] utf8_decode(): Passing null to parameter #1 ($string) of type string is deprecated in APPPATH\Controllers\ReportePDF.php on line 293.
 1 APPPATH\Controllers\ReportePDF.php(293): utf8_decode(null)
 2 SYSTEMPATH\CodeIgniter.php(943): App\Controllers\ReportePDF->generarReporte()
 3 SYSTEMPATH\CodeIgniter.php(503): CodeIgniter\CodeIgniter->runController(Object(App\Controllers\ReportePDF))
 4 SYSTEMPATH\CodeIgniter.php(361): CodeIgniter\CodeIgniter->handleRequest(null, Object(Config\Cache), false)
 5 FCPATH\index.php(81): CodeIgniter\CodeIgniter->run()
INFO - 2024-09-26 23:37:38 --> Session: Class initialized using 'CodeIgniter\Session\Handlers\FileHandler' driver.
WARNING - 2024-09-26 23:37:38 --> [DEPRECATED] utf8_decode(): Passing null to parameter #1 ($string) of type string is deprecated in APPPATH\Controllers\ReportePDF.php on line 307.
 1 APPPATH\Controllers\ReportePDF.php(307): utf8_decode(null)
 2 SYSTEMPATH\CodeIgniter.php(943): App\Controllers\ReportePDF->generarReporte()
 3 SYSTEMPATH\CodeIgniter.php(503): CodeIgniter\CodeIgniter->runController(Object(App\Controllers\ReportePDF))
 4 SYSTEMPATH\CodeIgniter.php(361): CodeIgniter\CodeIgniter->handleRequest(null, Object(Config\Cache), false)
 5 FCPATH\index.php(81): CodeIgniter\CodeIgniter->run()
WARNING - 2024-09-26 23:37:38 --> [DEPRECATED] utf8_decode(): Passing null to parameter #1 ($string) of type string is deprecated in APPPATH\Controllers\ReportePDF.php on line 307.
 1 APPPATH\Controllers\ReportePDF.php(307): utf8_decode(null)
 2 SYSTEMPATH\CodeIgniter.php(943): App\Controllers\ReportePDF->generarReporte()
 3 SYSTEMPATH\CodeIgniter.php(503): CodeIgniter\CodeIgniter->runController(Object(App\Controllers\ReportePDF))
 4 SYSTEMPATH\CodeIgniter.php(361): CodeIgniter\CodeIgniter->handleRequest(null, Object(Config\Cache), false)
 5 FCPATH\index.php(81): CodeIgniter\CodeIgniter->run()
WARNING - 2024-09-26 23:37:38 --> [DEPRECATED] utf8_decode(): Passing null to parameter #1 ($string) of type string is deprecated in APPPATH\Controllers\ReportePDF.php on line 293.
 1 APPPATH\Controllers\ReportePDF.php(293): utf8_decode(null)
 2 SYSTEMPATH\CodeIgniter.php(943): App\Controllers\ReportePDF->generarReporte()
 3 SYSTEMPATH\CodeIgniter.php(503): CodeIgniter\CodeIgniter->runController(Object(App\Controllers\ReportePDF))
 4 SYSTEMPATH\CodeIgniter.php(361): CodeIgniter\CodeIgniter->handleRequest(null, Object(Config\Cache), false)
 5 FCPATH\index.php(81): CodeIgniter\CodeIgniter->run()
INFO - 2024-09-26 23:37:58 --> Session: Class initialized using 'CodeIgniter\Session\Handlers\FileHandler' driver.
WARNING - 2024-09-26 23:37:58 --> [DEPRECATED] utf8_decode(): Passing null to parameter #1 ($string) of type string is deprecated in APPPATH\Controllers\ReportePDF.php on line 307.
 1 APPPATH\Controllers\ReportePDF.php(307): utf8_decode(null)
 2 SYSTEMPATH\CodeIgniter.php(943): App\Controllers\ReportePDF->generarReporte()
 3 SYSTEMPATH\CodeIgniter.php(503): CodeIgniter\CodeIgniter->runController(Object(App\Controllers\ReportePDF))
 4 SYSTEMPATH\CodeIgniter.php(361): CodeIgniter\CodeIgniter->handleRequest(null, Object(Config\Cache), false)
 5 FCPATH\index.php(81): CodeIgniter\CodeIgniter->run()
WARNING - 2024-09-26 23:37:58 --> [DEPRECATED] utf8_decode(): Passing null to parameter #1 ($string) of type string is deprecated in APPPATH\Controllers\ReportePDF.php on line 307.
 1 APPPATH\Controllers\ReportePDF.php(307): utf8_decode(null)
 2 SYSTEMPATH\CodeIgniter.php(943): App\Controllers\ReportePDF->generarReporte()
 3 SYSTEMPATH\CodeIgniter.php(503): CodeIgniter\CodeIgniter->runController(Object(App\Controllers\ReportePDF))
 4 SYSTEMPATH\CodeIgniter.php(361): CodeIgniter\CodeIgniter->handleRequest(null, Object(Config\Cache), false)
 5 FCPATH\index.php(81): CodeIgniter\CodeIgniter->run()
WARNING - 2024-09-26 23:37:58 --> [DEPRECATED] utf8_decode(): Passing null to parameter #1 ($string) of type string is deprecated in APPPATH\Controllers\ReportePDF.php on line 293.
 1 APPPATH\Controllers\ReportePDF.php(293): utf8_decode(null)
 2 SYSTEMPATH\CodeIgniter.php(943): App\Controllers\ReportePDF->generarReporte()
 3 SYSTEMPATH\CodeIgniter.php(503): CodeIgniter\CodeIgniter->runController(Object(App\Controllers\ReportePDF))
 4 SYSTEMPATH\CodeIgniter.php(361): CodeIgniter\CodeIgniter->handleRequest(null, Object(Config\Cache), false)
 5 FCPATH\index.php(81): CodeIgniter\CodeIgniter->run()
INFO - 2024-09-26 23:38:21 --> Session: Class initialized using 'CodeIgniter\Session\Handlers\FileHandler' driver.
WARNING - 2024-09-26 23:38:21 --> [DEPRECATED] utf8_decode(): Passing null to parameter #1 ($string) of type string is deprecated in APPPATH\Controllers\ReportePDF.php on line 307.
 1 APPPATH\Controllers\ReportePDF.php(307): utf8_decode(null)
 2 SYSTEMPATH\CodeIgniter.php(943): App\Controllers\ReportePDF->generarReporte()
 3 SYSTEMPATH\CodeIgniter.php(503): CodeIgniter\CodeIgniter->runController(Object(App\Controllers\ReportePDF))
 4 SYSTEMPATH\CodeIgniter.php(361): CodeIgniter\CodeIgniter->handleRequest(null, Object(Config\Cache), false)
 5 FCPATH\index.php(81): CodeIgniter\CodeIgniter->run()
WARNING - 2024-09-26 23:38:21 --> [DEPRECATED] utf8_decode(): Passing null to parameter #1 ($string) of type string is deprecated in APPPATH\Controllers\ReportePDF.php on line 307.
 1 APPPATH\Controllers\ReportePDF.php(307): utf8_decode(null)
 2 SYSTEMPATH\CodeIgniter.php(943): App\Controllers\ReportePDF->generarReporte()
 3 SYSTEMPATH\CodeIgniter.php(503): CodeIgniter\CodeIgniter->runController(Object(App\Controllers\ReportePDF))
 4 SYSTEMPATH\CodeIgniter.php(361): CodeIgniter\CodeIgniter->handleRequest(null, Object(Config\Cache), false)
 5 FCPATH\index.php(81): CodeIgniter\CodeIgniter->run()
WARNING - 2024-09-26 23:38:21 --> [DEPRECATED] utf8_decode(): Passing null to parameter #1 ($string) of type string is deprecated in APPPATH\Controllers\ReportePDF.php on line 293.
 1 APPPATH\Controllers\ReportePDF.php(293): utf8_decode(null)
 2 SYSTEMPATH\CodeIgniter.php(943): App\Controllers\ReportePDF->generarReporte()
 3 SYSTEMPATH\CodeIgniter.php(503): CodeIgniter\CodeIgniter->runController(Object(App\Controllers\ReportePDF))
 4 SYSTEMPATH\CodeIgniter.php(361): CodeIgniter\CodeIgniter->handleRequest(null, Object(Config\Cache), false)
 5 FCPATH\index.php(81): CodeIgniter\CodeIgniter->run()
INFO - 2024-09-26 23:38:36 --> Session: Class initialized using 'CodeIgniter\Session\Handlers\FileHandler' driver.
WARNING - 2024-09-26 23:38:36 --> [DEPRECATED] utf8_decode(): Passing null to parameter #1 ($string) of type string is deprecated in APPPATH\Controllers\ReportePDF.php on line 307.
 1 APPPATH\Controllers\ReportePDF.php(307): utf8_decode(null)
 2 SYSTEMPATH\CodeIgniter.php(943): App\Controllers\ReportePDF->generarReporte()
 3 SYSTEMPATH\CodeIgniter.php(503): CodeIgniter\CodeIgniter->runController(Object(App\Controllers\ReportePDF))
 4 SYSTEMPATH\CodeIgniter.php(361): CodeIgniter\CodeIgniter->handleRequest(null, Object(Config\Cache), false)
 5 FCPATH\index.php(81): CodeIgniter\CodeIgniter->run()
WARNING - 2024-09-26 23:38:36 --> [DEPRECATED] utf8_decode(): Passing null to parameter #1 ($string) of type string is deprecated in APPPATH\Controllers\ReportePDF.php on line 307.
 1 APPPATH\Controllers\ReportePDF.php(307): utf8_decode(null)
 2 SYSTEMPATH\CodeIgniter.php(943): App\Controllers\ReportePDF->generarReporte()
 3 SYSTEMPATH\CodeIgniter.php(503): CodeIgniter\CodeIgniter->runController(Object(App\Controllers\ReportePDF))
 4 SYSTEMPATH\CodeIgniter.php(361): CodeIgniter\CodeIgniter->handleRequest(null, Object(Config\Cache), false)
 5 FCPATH\index.php(81): CodeIgniter\CodeIgniter->run()
WARNING - 2024-09-26 23:38:36 --> [DEPRECATED] utf8_decode(): Passing null to parameter #1 ($string) of type string is deprecated in APPPATH\Controllers\ReportePDF.php on line 293.
 1 APPPATH\Controllers\ReportePDF.php(293): utf8_decode(null)
 2 SYSTEMPATH\CodeIgniter.php(943): App\Controllers\ReportePDF->generarReporte()
 3 SYSTEMPATH\CodeIgniter.php(503): CodeIgniter\CodeIgniter->runController(Object(App\Controllers\ReportePDF))
 4 SYSTEMPATH\CodeIgniter.php(361): CodeIgniter\CodeIgniter->handleRequest(null, Object(Config\Cache), false)
 5 FCPATH\index.php(81): CodeIgniter\CodeIgniter->run()
INFO - 2024-09-26 23:39:35 --> Session: Class initialized using 'CodeIgniter\Session\Handlers\FileHandler' driver.
INFO - 2024-09-26 23:40:51 --> Session: Class initialized using 'CodeIgniter\Session\Handlers\FileHandler' driver.
WARNING - 2024-09-26 23:40:51 --> [DEPRECATED] utf8_decode(): Passing null to parameter #1 ($string) of type string is deprecated in APPPATH\Controllers\ReportePDF.php on line 307.
 1 APPPATH\Controllers\ReportePDF.php(307): utf8_decode(null)
 2 SYSTEMPATH\CodeIgniter.php(943): App\Controllers\ReportePDF->generarReporte()
 3 SYSTEMPATH\CodeIgniter.php(503): CodeIgniter\CodeIgniter->runController(Object(App\Controllers\ReportePDF))
 4 SYSTEMPATH\CodeIgniter.php(361): CodeIgniter\CodeIgniter->handleRequest(null, Object(Config\Cache), false)
 5 FCPATH\index.php(81): CodeIgniter\CodeIgniter->run()
WARNING - 2024-09-26 23:40:51 --> [DEPRECATED] utf8_decode(): Passing null to parameter #1 ($string) of type string is deprecated in APPPATH\Controllers\ReportePDF.php on line 307.
 1 APPPATH\Controllers\ReportePDF.php(307): utf8_decode(null)
 2 SYSTEMPATH\CodeIgniter.php(943): App\Controllers\ReportePDF->generarReporte()
 3 SYSTEMPATH\CodeIgniter.php(503): CodeIgniter\CodeIgniter->runController(Object(App\Controllers\ReportePDF))
 4 SYSTEMPATH\CodeIgniter.php(361): CodeIgniter\CodeIgniter->handleRequest(null, Object(Config\Cache), false)
 5 FCPATH\index.php(81): CodeIgniter\CodeIgniter->run()
WARNING - 2024-09-26 23:40:51 --> [DEPRECATED] utf8_decode(): Passing null to parameter #1 ($string) of type string is deprecated in APPPATH\Controllers\ReportePDF.php on line 293.
 1 APPPATH\Controllers\ReportePDF.php(293): utf8_decode(null)
 2 SYSTEMPATH\CodeIgniter.php(943): App\Controllers\ReportePDF->generarReporte()
 3 SYSTEMPATH\CodeIgniter.php(503): CodeIgniter\CodeIgniter->runController(Object(App\Controllers\ReportePDF))
 4 SYSTEMPATH\CodeIgniter.php(361): CodeIgniter\CodeIgniter->handleRequest(null, Object(Config\Cache), false)
 5 FCPATH\index.php(81): CodeIgniter\CodeIgniter->run()
WARNING - 2024-09-26 23:40:51 --> [DEPRECATED] Function strftime() is deprecated in APPPATH\Controllers\ReportePDF.php on line 340.
 1 SYSTEMPATH\CodeIgniter.php(943): App\Controllers\ReportePDF->generarReporte()
 2 SYSTEMPATH\CodeIgniter.php(503): CodeIgniter\CodeIgniter->runController(Object(App\Controllers\ReportePDF))
 3 SYSTEMPATH\CodeIgniter.php(361): CodeIgniter\CodeIgniter->handleRequest(null, Object(Config\Cache), false)
 4 FCPATH\index.php(81): CodeIgniter\CodeIgniter->run()
INFO - 2024-09-26 23:42:07 --> Session: Class initialized using 'CodeIgniter\Session\Handlers\FileHandler' driver.
WARNING - 2024-09-26 23:42:07 --> [DEPRECATED] utf8_decode(): Passing null to parameter #1 ($string) of type string is deprecated in APPPATH\Controllers\ReportePDF.php on line 307.
 1 APPPATH\Controllers\ReportePDF.php(307): utf8_decode(null)
 2 SYSTEMPATH\CodeIgniter.php(943): App\Controllers\ReportePDF->generarReporte()
 3 SYSTEMPATH\CodeIgniter.php(503): CodeIgniter\CodeIgniter->runController(Object(App\Controllers\ReportePDF))
 4 SYSTEMPATH\CodeIgniter.php(361): CodeIgniter\CodeIgniter->handleRequest(null, Object(Config\Cache), false)
 5 FCPATH\index.php(81): CodeIgniter\CodeIgniter->run()
WARNING - 2024-09-26 23:42:07 --> [DEPRECATED] utf8_decode(): Passing null to parameter #1 ($string) of type string is deprecated in APPPATH\Controllers\ReportePDF.php on line 307.
 1 APPPATH\Controllers\ReportePDF.php(307): utf8_decode(null)
 2 SYSTEMPATH\CodeIgniter.php(943): App\Controllers\ReportePDF->generarReporte()
 3 SYSTEMPATH\CodeIgniter.php(503): CodeIgniter\CodeIgniter->runController(Object(App\Controllers\ReportePDF))
 4 SYSTEMPATH\CodeIgniter.php(361): CodeIgniter\CodeIgniter->handleRequest(null, Object(Config\Cache), false)
 5 FCPATH\index.php(81): CodeIgniter\CodeIgniter->run()
WARNING - 2024-09-26 23:42:07 --> [DEPRECATED] utf8_decode(): Passing null to parameter #1 ($string) of type string is deprecated in APPPATH\Controllers\ReportePDF.php on line 293.
 1 APPPATH\Controllers\ReportePDF.php(293): utf8_decode(null)
 2 SYSTEMPATH\CodeIgniter.php(943): App\Controllers\ReportePDF->generarReporte()
 3 SYSTEMPATH\CodeIgniter.php(503): CodeIgniter\CodeIgniter->runController(Object(App\Controllers\ReportePDF))
 4 SYSTEMPATH\CodeIgniter.php(361): CodeIgniter\CodeIgniter->handleRequest(null, Object(Config\Cache), false)
 5 FCPATH\index.php(81): CodeIgniter\CodeIgniter->run()
WARNING - 2024-09-26 23:42:07 --> [DEPRECATED] Function strftime() is deprecated in APPPATH\Controllers\ReportePDF.php on line 342.
 1 SYSTEMPATH\CodeIgniter.php(943): App\Controllers\ReportePDF->generarReporte()
 2 SYSTEMPATH\CodeIgniter.php(503): CodeIgniter\CodeIgniter->runController(Object(App\Controllers\ReportePDF))
 3 SYSTEMPATH\CodeIgniter.php(361): CodeIgniter\CodeIgniter->handleRequest(null, Object(Config\Cache), false)
 4 FCPATH\index.php(81): CodeIgniter\CodeIgniter->run()
INFO - 2024-09-26 23:43:50 --> Session: Class initialized using 'CodeIgniter\Session\Handlers\FileHandler' driver.
WARNING - 2024-09-26 23:43:50 --> [DEPRECATED] utf8_decode(): Passing null to parameter #1 ($string) of type string is deprecated in APPPATH\Controllers\ReportePDF.php on line 307.
 1 APPPATH\Controllers\ReportePDF.php(307): utf8_decode(null)
 2 SYSTEMPATH\CodeIgniter.php(943): App\Controllers\ReportePDF->generarReporte()
 3 SYSTEMPATH\CodeIgniter.php(503): CodeIgniter\CodeIgniter->runController(Object(App\Controllers\ReportePDF))
 4 SYSTEMPATH\CodeIgniter.php(361): CodeIgniter\CodeIgniter->handleRequest(null, Object(Config\Cache), false)
 5 FCPATH\index.php(81): CodeIgniter\CodeIgniter->run()
WARNING - 2024-09-26 23:43:50 --> [DEPRECATED] utf8_decode(): Passing null to parameter #1 ($string) of type string is deprecated in APPPATH\Controllers\ReportePDF.php on line 307.
 1 APPPATH\Controllers\ReportePDF.php(307): utf8_decode(null)
 2 SYSTEMPATH\CodeIgniter.php(943): App\Controllers\ReportePDF->generarReporte()
 3 SYSTEMPATH\CodeIgniter.php(503): CodeIgniter\CodeIgniter->runController(Object(App\Controllers\ReportePDF))
 4 SYSTEMPATH\CodeIgniter.php(361): CodeIgniter\CodeIgniter->handleRequest(null, Object(Config\Cache), false)
 5 FCPATH\index.php(81): CodeIgniter\CodeIgniter->run()
WARNING - 2024-09-26 23:43:50 --> [DEPRECATED] utf8_decode(): Passing null to parameter #1 ($string) of type string is deprecated in APPPATH\Controllers\ReportePDF.php on line 293.
 1 APPPATH\Controllers\ReportePDF.php(293): utf8_decode(null)
 2 SYSTEMPATH\CodeIgniter.php(943): App\Controllers\ReportePDF->generarReporte()
 3 SYSTEMPATH\CodeIgniter.php(503): CodeIgniter\CodeIgniter->runController(Object(App\Controllers\ReportePDF))
 4 SYSTEMPATH\CodeIgniter.php(361): CodeIgniter\CodeIgniter->handleRequest(null, Object(Config\Cache), false)
 5 FCPATH\index.php(81): CodeIgniter\CodeIgniter->run()
WARNING - 2024-09-26 23:43:50 --> [DEPRECATED] Function strftime() is deprecated in APPPATH\Controllers\ReportePDF.php on line 346.
 1 SYSTEMPATH\CodeIgniter.php(943): App\Controllers\ReportePDF->generarReporte()
 2 SYSTEMPATH\CodeIgniter.php(503): CodeIgniter\CodeIgniter->runController(Object(App\Controllers\ReportePDF))
 3 SYSTEMPATH\CodeIgniter.php(361): CodeIgniter\CodeIgniter->handleRequest(null, Object(Config\Cache), false)
 4 FCPATH\index.php(81): CodeIgniter\CodeIgniter->run()
INFO - 2024-09-26 23:49:37 --> Session: Class initialized using 'CodeIgniter\Session\Handlers\FileHandler' driver.
WARNING - 2024-09-26 23:49:37 --> [DEPRECATED] utf8_decode(): Passing null to parameter #1 ($string) of type string is deprecated in APPPATH\Controllers\ReportePDF.php on line 307.
 1 APPPATH\Controllers\ReportePDF.php(307): utf8_decode(null)
 2 SYSTEMPATH\CodeIgniter.php(943): App\Controllers\ReportePDF->generarReporte()
 3 SYSTEMPATH\CodeIgniter.php(503): CodeIgniter\CodeIgniter->runController(Object(App\Controllers\ReportePDF))
 4 SYSTEMPATH\CodeIgniter.php(361): CodeIgniter\CodeIgniter->handleRequest(null, Object(Config\Cache), false)
 5 FCPATH\index.php(81): CodeIgniter\CodeIgniter->run()
WARNING - 2024-09-26 23:49:37 --> [DEPRECATED] utf8_decode(): Passing null to parameter #1 ($string) of type string is deprecated in APPPATH\Controllers\ReportePDF.php on line 307.
 1 APPPATH\Controllers\ReportePDF.php(307): utf8_decode(null)
 2 SYSTEMPATH\CodeIgniter.php(943): App\Controllers\ReportePDF->generarReporte()
 3 SYSTEMPATH\CodeIgniter.php(503): CodeIgniter\CodeIgniter->runController(Object(App\Controllers\ReportePDF))
 4 SYSTEMPATH\CodeIgniter.php(361): CodeIgniter\CodeIgniter->handleRequest(null, Object(Config\Cache), false)
 5 FCPATH\index.php(81): CodeIgniter\CodeIgniter->run()
WARNING - 2024-09-26 23:49:37 --> [DEPRECATED] utf8_decode(): Passing null to parameter #1 ($string) of type string is deprecated in APPPATH\Controllers\ReportePDF.php on line 293.
 1 APPPATH\Controllers\ReportePDF.php(293): utf8_decode(null)
 2 SYSTEMPATH\CodeIgniter.php(943): App\Controllers\ReportePDF->generarReporte()
 3 SYSTEMPATH\CodeIgniter.php(503): CodeIgniter\CodeIgniter->runController(Object(App\Controllers\ReportePDF))
 4 SYSTEMPATH\CodeIgniter.php(361): CodeIgniter\CodeIgniter->handleRequest(null, Object(Config\Cache), false)
 5 FCPATH\index.php(81): CodeIgniter\CodeIgniter->run()
INFO - 2024-09-26 23:52:35 --> Session: Class initialized using 'CodeIgniter\Session\Handlers\FileHandler' driver.
INFO - 2024-09-26 23:55:00 --> Session: Class initialized using 'CodeIgniter\Session\Handlers\FileHandler' driver.
INFO - 2024-09-26 23:55:03 --> Session: Class initialized using 'CodeIgniter\Session\Handlers\FileHandler' driver.
INFO - 2024-09-26 23:55:06 --> Session: Class initialized using 'CodeIgniter\Session\Handlers\FileHandler' driver.
INFO - 2024-09-26 23:55:19 --> Session: Class initialized using 'CodeIgniter\Session\Handlers\FileHandler' driver.
INFO - 2024-09-26 23:55:29 --> Session: Class initialized using 'CodeIgniter\Session\Handlers\FileHandler' driver.
>>>>>>> Stashed changes
