INFO - 2024-09-11 09:36:44 --> Session: Class initialized using 'CodeIgniter\Session\Handlers\FileHandler' driver.
INFO - 2024-09-11 09:36:44 --> Session: Class initialized using 'CodeIgniter\Session\Handlers\FileHandler' driver.
INFO - 2024-09-11 09:37:50 --> Session: Class initialized using 'CodeIgniter\Session\Handlers\FileHandler' driver.
INFO - 2024-09-11 09:37:55 --> Session: Class initialized using 'CodeIgniter\Session\Handlers\FileHandler' driver.
INFO - 2024-09-11 09:38:30 --> Session: Class initialized using 'CodeIgniter\Session\Handlers\FileHandler' driver.
INFO - 2024-09-11 10:08:36 --> Session: Class initialized using 'CodeIgniter\Session\Handlers\FileHandler' driver.
INFO - 2024-09-11 10:08:45 --> Session: Class initialized using 'CodeIgniter\Session\Handlers\FileHandler' driver.
DEBUG - 2024-09-11 10:09:19 --> Método store() llamado
INFO - 2024-09-11 10:20:29 --> Session: Class initialized using 'CodeIgniter\Session\Handlers\FileHandler' driver.
INFO - 2024-09-11 10:20:33 --> Session: Class initialized using 'CodeIgniter\Session\Handlers\FileHandler' driver.
DEBUG - 2024-09-11 10:20:59 --> Método store() llamado
INFO - 2024-09-11 10:22:49 --> Session: Class initialized using 'CodeIgniter\Session\Handlers\FileHandler' driver.
INFO - 2024-09-11 10:22:52 --> Session: Class initialized using 'CodeIgniter\Session\Handlers\FileHandler' driver.
DEBUG - 2024-09-11 10:23:09 --> Método store() llamado
INFO - 2024-09-11 10:23:28 --> Session: Class initialized using 'CodeIgniter\Session\Handlers\FileHandler' driver.
INFO - 2024-09-11 10:23:31 --> Session: Class initialized using 'CodeIgniter\Session\Handlers\FileHandler' driver.
DEBUG - 2024-09-11 10:23:45 --> Método store() llamado
DEBUG - 2024-09-11 10:23:45 --> Datos del docente: {"nombreCompleto":"Rene Jose Alfaro Jimenez","nip":"2143242","escalafon":"23411","fechaIngreso":"2020-01-01","estado":"Activo","tipo":"Docente","cargo":null}
INFO - 2024-09-11 10:25:23 --> Session: Class initialized using 'CodeIgniter\Session\Handlers\FileHandler' driver.
INFO - 2024-09-11 10:25:29 --> Session: Class initialized using 'CodeIgniter\Session\Handlers\FileHandler' driver.
INFO - 2024-09-11 10:25:34 --> Session: Class initialized using 'CodeIgniter\Session\Handlers\FileHandler' driver.
INFO - 2024-09-11 10:37:35 --> Session: Class initialized using 'CodeIgniter\Session\Handlers\FileHandler' driver.
INFO - 2024-09-11 10:37:40 --> Session: Class initialized using 'CodeIgniter\Session\Handlers\FileHandler' driver.
ERROR - 2024-09-11 10:38:00 --> mysqli_sql_exception: Table 'sistema_control.docentes' doesn't exist in C:\laragon\www\prueba\SistemaControl\vendor\codeigniter4\framework\system\Database\MySQLi\Connection.php:306
Stack trace:
#0 C:\laragon\www\prueba\SistemaControl\vendor\codeigniter4\framework\system\Database\MySQLi\Connection.php(306): mysqli->query('SELECT 1\nFROM `...', 0)
#1 C:\laragon\www\prueba\SistemaControl\vendor\codeigniter4\framework\system\Database\BaseConnection.php(693): CodeIgniter\Database\MySQLi\Connection->execute('SELECT 1\nFROM `...')
#2 C:\laragon\www\prueba\SistemaControl\vendor\codeigniter4\framework\system\Database\BaseConnection.php(607): CodeIgniter\Database\BaseConnection->simpleQuery('SELECT 1\nFROM `...')
#3 C:\laragon\www\prueba\SistemaControl\vendor\codeigniter4\framework\system\Database\BaseBuilder.php(1616): CodeIgniter\Database\BaseConnection->query('SELECT 1\nFROM `...', Array, false)
#4 C:\laragon\www\prueba\SistemaControl\vendor\codeigniter4\framework\system\Validation\StrictRules\Rules.php(227): CodeIgniter\Database\BaseBuilder->get()
#5 C:\laragon\www\prueba\SistemaControl\vendor\codeigniter4\framework\system\Validation\Validation.php(328): CodeIgniter\Validation\StrictRules\Rules->is_unique('24325', 'nip', Array, NULL, 'nip')
#6 C:\laragon\www\prueba\SistemaControl\vendor\codeigniter4\framework\system\Validation\Validation.php(200): CodeIgniter\Validation\Validation->processRules('nip', 'nip', '24325', Array, Array)
#7 C:\laragon\www\prueba\SistemaControl\vendor\codeigniter4\framework\system\Controller.php(154): CodeIgniter\Validation\Validation->run()
#8 C:\laragon\www\prueba\SistemaControl\app\Controllers\Maestros.php(176): CodeIgniter\Controller->validate(Array)
#9 C:\laragon\www\prueba\SistemaControl\vendor\codeigniter4\framework\system\CodeIgniter.php(943): App\Controllers\Maestros->store()
#10 C:\laragon\www\prueba\SistemaControl\vendor\codeigniter4\framework\system\CodeIgniter.php(503): CodeIgniter\CodeIgniter->runController(Object(App\Controllers\Maestros))
#11 C:\laragon\www\prueba\SistemaControl\vendor\codeigniter4\framework\system\CodeIgniter.php(361): CodeIgniter\CodeIgniter->handleRequest(NULL, Object(Config\Cache), false)
#12 C:\laragon\www\prueba\SistemaControl\public\index.php(81): CodeIgniter\CodeIgniter->run()
#13 {main}
CRITICAL - 2024-09-11 10:38:00 --> CodeIgniter\Database\Exceptions\DatabaseException: Table 'sistema_control.docentes' doesn't exist
in SYSTEMPATH\Database\BaseConnection.php on line 647.
 1 SYSTEMPATH\Database\BaseBuilder.php(1616): CodeIgniter\Database\BaseConnection->query('SELECT 1
FROM `docentes`
WHERE `nip` = :nip:
 LIMIT 1', [...], false)
 2 SYSTEMPATH\Validation\StrictRules\Rules.php(227): CodeIgniter\Database\BaseBuilder->get()
 3 SYSTEMPATH\Validation\Validation.php(328): CodeIgniter\Validation\StrictRules\Rules->is_unique('24325', 'nip', [...], null, 'nip')
 4 SYSTEMPATH\Validation\Validation.php(200): CodeIgniter\Validation\Validation->processRules('nip', 'nip', '24325', [...], [...])
 5 SYSTEMPATH\Controller.php(154): CodeIgniter\Validation\Validation->run()
 6 APPPATH\Controllers\Maestros.php(176): CodeIgniter\Controller->validate([...])
 7 SYSTEMPATH\CodeIgniter.php(943): App\Controllers\Maestros->store()
 8 SYSTEMPATH\CodeIgniter.php(503): CodeIgniter\CodeIgniter->runController(Object(App\Controllers\Maestros))
 9 SYSTEMPATH\CodeIgniter.php(361): CodeIgniter\CodeIgniter->handleRequest(null, Object(Config\Cache), false)
10 FCPATH\index.php(81): CodeIgniter\CodeIgniter->run()
CRITICAL - 2024-09-11 10:38:00 --> [Caused by] CodeIgniter\Database\Exceptions\DatabaseException: Table 'sistema_control.docentes' doesn't exist
in SYSTEMPATH\Database\MySQLi\Connection.php on line 311.
 1 SYSTEMPATH\Database\BaseConnection.php(693): CodeIgniter\Database\MySQLi\Connection->execute('SELECT 1
FROM `docentes`
WHERE `nip` = \'24325\'
 LIMIT 1')
 2 SYSTEMPATH\Database\BaseConnection.php(607): CodeIgniter\Database\BaseConnection->simpleQuery('SELECT 1
FROM `docentes`
WHERE `nip` = \'24325\'
 LIMIT 1')
 3 SYSTEMPATH\Database\BaseBuilder.php(1616): CodeIgniter\Database\BaseConnection->query('SELECT 1
FROM `docentes`
WHERE `nip` = :nip:
 LIMIT 1', [...], false)
 4 SYSTEMPATH\Validation\StrictRules\Rules.php(227): CodeIgniter\Database\BaseBuilder->get()
 5 SYSTEMPATH\Validation\Validation.php(328): CodeIgniter\Validation\StrictRules\Rules->is_unique('24325', 'nip', [...], null, 'nip')
 6 SYSTEMPATH\Validation\Validation.php(200): CodeIgniter\Validation\Validation->processRules('nip', 'nip', '24325', [...], [...])
 7 SYSTEMPATH\Controller.php(154): CodeIgniter\Validation\Validation->run()
 8 APPPATH\Controllers\Maestros.php(176): CodeIgniter\Controller->validate([...])
 9 SYSTEMPATH\CodeIgniter.php(943): App\Controllers\Maestros->store()
10 SYSTEMPATH\CodeIgniter.php(503): CodeIgniter\CodeIgniter->runController(Object(App\Controllers\Maestros))
11 SYSTEMPATH\CodeIgniter.php(361): CodeIgniter\CodeIgniter->handleRequest(null, Object(Config\Cache), false)
12 FCPATH\index.php(81): CodeIgniter\CodeIgniter->run()
CRITICAL - 2024-09-11 10:38:00 --> [Caused by] mysqli_sql_exception: Table 'sistema_control.docentes' doesn't exist
in SYSTEMPATH\Database\MySQLi\Connection.php on line 306.
 1 SYSTEMPATH\Database\MySQLi\Connection.php(306): mysqli->query('SELECT 1
FROM `docentes`
WHERE `nip` = \'24325\'
 LIMIT 1', 0)
 2 SYSTEMPATH\Database\BaseConnection.php(693): CodeIgniter\Database\MySQLi\Connection->execute('SELECT 1
FROM `docentes`
WHERE `nip` = \'24325\'
 LIMIT 1')
 3 SYSTEMPATH\Database\BaseConnection.php(607): CodeIgniter\Database\BaseConnection->simpleQuery('SELECT 1
FROM `docentes`
WHERE `nip` = \'24325\'
 LIMIT 1')
 4 SYSTEMPATH\Database\BaseBuilder.php(1616): CodeIgniter\Database\BaseConnection->query('SELECT 1
FROM `docentes`
WHERE `nip` = :nip:
 LIMIT 1', [...], false)
 5 SYSTEMPATH\Validation\StrictRules\Rules.php(227): CodeIgniter\Database\BaseBuilder->get()
 6 SYSTEMPATH\Validation\Validation.php(328): CodeIgniter\Validation\StrictRules\Rules->is_unique('24325', 'nip', [...], null, 'nip')
 7 SYSTEMPATH\Validation\Validation.php(200): CodeIgniter\Validation\Validation->processRules('nip', 'nip', '24325', [...], [...])
 8 SYSTEMPATH\Controller.php(154): CodeIgniter\Validation\Validation->run()
 9 APPPATH\Controllers\Maestros.php(176): CodeIgniter\Controller->validate([...])
10 SYSTEMPATH\CodeIgniter.php(943): App\Controllers\Maestros->store()
11 SYSTEMPATH\CodeIgniter.php(503): CodeIgniter\CodeIgniter->runController(Object(App\Controllers\Maestros))
12 SYSTEMPATH\CodeIgniter.php(361): CodeIgniter\CodeIgniter->handleRequest(null, Object(Config\Cache), false)
13 FCPATH\index.php(81): CodeIgniter\CodeIgniter->run()
CRITICAL - 2024-09-11 10:46:07 --> ParseError: syntax error, unexpected token "return", expecting "function" or "const"
in APPPATH\Controllers\Maestros.php on line 110.
 1 SYSTEMPATH\Autoloader\Autoloader.php(290): CodeIgniter\Autoloader\Autoloader->includeFile('C:\\laragon\\www\\prueba\\SistemaControl\\app\\Controllers\\Maestros.php')
 2 SYSTEMPATH\Autoloader\Autoloader.php(266): CodeIgniter\Autoloader\Autoloader->loadInNamespace('App\\Controllers\\Maestros')
 3 [internal function]: CodeIgniter\Autoloader\Autoloader->loadClass('App\\Controllers\\Maestros')
 4 SYSTEMPATH\CodeIgniter.php(901): class_exists('\\App\\Controllers\\Maestros', true)
 5 SYSTEMPATH\CodeIgniter.php(490): CodeIgniter\CodeIgniter->startController()
 6 SYSTEMPATH\CodeIgniter.php(361): CodeIgniter\CodeIgniter->handleRequest(null, Object(Config\Cache), false)
 7 FCPATH\index.php(81): CodeIgniter\CodeIgniter->run()
INFO - 2024-09-11 10:49:36 --> Session: Class initialized using 'CodeIgniter\Session\Handlers\FileHandler' driver.
INFO - 2024-09-11 10:49:37 --> Session: Class initialized using 'CodeIgniter\Session\Handlers\FileHandler' driver.
INFO - 2024-09-11 10:49:57 --> Session: Class initialized using 'CodeIgniter\Session\Handlers\FileHandler' driver.
DEBUG - 2024-09-11 10:50:24 --> Método store() llamado
DEBUG - 2024-09-11 10:50:26 --> Datos del docente: {"nombreCompleto":"Priscila Torres","nip":"201992","escalafon":"0182919","fechaIngreso":"2020-01-01","estado":"Activo","tipo":"Docente","cargo":null}
INFO - 2024-09-11 10:55:54 --> Session: Class initialized using 'CodeIgniter\Session\Handlers\FileHandler' driver.
INFO - 2024-09-11 10:56:03 --> Session: Class initialized using 'CodeIgniter\Session\Handlers\FileHandler' driver.
ERROR - 2024-09-11 13:21:29 --> mysqli_sql_exception: Unknown column 'docente_grado.idGrado' in 'on clause' in C:\laragon\www\prueba\SistemaControl\vendor\codeigniter4\framework\system\Database\MySQLi\Connection.php:306
Stack trace:
#0 C:\laragon\www\prueba\SistemaControl\vendor\codeigniter4\framework\system\Database\MySQLi\Connection.php(306): mysqli->query('SELECT COUNT(*)...', 0)
#1 C:\laragon\www\prueba\SistemaControl\vendor\codeigniter4\framework\system\Database\BaseConnection.php(693): CodeIgniter\Database\MySQLi\Connection->execute('SELECT COUNT(*)...')
#2 C:\laragon\www\prueba\SistemaControl\vendor\codeigniter4\framework\system\Database\BaseConnection.php(607): CodeIgniter\Database\BaseConnection->simpleQuery('SELECT COUNT(*)...')
#3 C:\laragon\www\prueba\SistemaControl\vendor\codeigniter4\framework\system\Database\BaseBuilder.php(1700): CodeIgniter\Database\BaseConnection->query('SELECT COUNT(*)...', Array, false)
#4 C:\laragon\www\prueba\SistemaControl\app\Models\MaestroModel.php(145): CodeIgniter\Database\BaseBuilder->countAllResults()
#5 C:\laragon\www\prueba\SistemaControl\app\Controllers\Maestros.php(48): App\Models\MaestroModel->countFiltered(Array)
#6 C:\laragon\www\prueba\SistemaControl\vendor\codeigniter4\framework\system\CodeIgniter.php(943): App\Controllers\Maestros->index()
#7 C:\laragon\www\prueba\SistemaControl\vendor\codeigniter4\framework\system\CodeIgniter.php(503): CodeIgniter\CodeIgniter->runController(Object(App\Controllers\Maestros))
#8 C:\laragon\www\prueba\SistemaControl\vendor\codeigniter4\framework\system\CodeIgniter.php(361): CodeIgniter\CodeIgniter->handleRequest(NULL, Object(Config\Cache), false)
#9 C:\laragon\www\prueba\SistemaControl\public\index.php(81): CodeIgniter\CodeIgniter->run()
#10 {main}
CRITICAL - 2024-09-11 13:21:29 --> CodeIgniter\Database\Exceptions\DatabaseException: Unknown column 'docente_grado.idGrado' in 'on clause'
in SYSTEMPATH\Database\BaseConnection.php on line 647.
 1 SYSTEMPATH\Database\BaseBuilder.php(1700): CodeIgniter\Database\BaseConnection->query('SELECT COUNT(*) AS `numrows`
FROM `docente`
LEFT JOIN `docente_grado` ON `docente`.`idDocente` = `docente_grado`.`idDocente`
LEFT JOIN `grado` ON `docente_grado`.`idGrado` = `grado`.`idGrado`
WHERE `docente`.`estado` != :docente.estado:
AND `docente`.`estado` != :docente.estado.1:', [...], false)
 2 APPPATH\Models\MaestroModel.php(145): CodeIgniter\Database\BaseBuilder->countAllResults()
 3 APPPATH\Controllers\Maestros.php(48): App\Models\MaestroModel->countFiltered([...])
 4 SYSTEMPATH\CodeIgniter.php(943): App\Controllers\Maestros->index()
 5 SYSTEMPATH\CodeIgniter.php(503): CodeIgniter\CodeIgniter->runController(Object(App\Controllers\Maestros))
 6 SYSTEMPATH\CodeIgniter.php(361): CodeIgniter\CodeIgniter->handleRequest(null, Object(Config\Cache), false)
 7 FCPATH\index.php(81): CodeIgniter\CodeIgniter->run()
CRITICAL - 2024-09-11 13:21:29 --> [Caused by] CodeIgniter\Database\Exceptions\DatabaseException: Unknown column 'docente_grado.idGrado' in 'on clause'
in SYSTEMPATH\Database\MySQLi\Connection.php on line 311.
 1 SYSTEMPATH\Database\BaseConnection.php(693): CodeIgniter\Database\MySQLi\Connection->execute('SELECT COUNT(*) AS `numrows`
FROM `docente`
LEFT JOIN `docente_grado` ON `docente`.`idDocente` = `docente_grado`.`idDocente`
LEFT JOIN `grado` ON `docente_grado`.`idGrado` = `grado`.`idGrado`
WHERE `docente`.`estado` != \'Eliminado\'
AND `docente`.`estado` != \'Inactivo\'')
 2 SYSTEMPATH\Database\BaseConnection.php(607): CodeIgniter\Database\BaseConnection->simpleQuery('SELECT COUNT(*) AS `numrows`
FROM `docente`
LEFT JOIN `docente_grado` ON `docente`.`idDocente` = `docente_grado`.`idDocente`
LEFT JOIN `grado` ON `docente_grado`.`idGrado` = `grado`.`idGrado`
WHERE `docente`.`estado` != \'Eliminado\'
AND `docente`.`estado` != \'Inactivo\'')
 3 SYSTEMPATH\Database\BaseBuilder.php(1700): CodeIgniter\Database\BaseConnection->query('SELECT COUNT(*) AS `numrows`
FROM `docente`
LEFT JOIN `docente_grado` ON `docente`.`idDocente` = `docente_grado`.`idDocente`
LEFT JOIN `grado` ON `docente_grado`.`idGrado` = `grado`.`idGrado`
WHERE `docente`.`estado` != :docente.estado:
AND `docente`.`estado` != :docente.estado.1:', [...], false)
 4 APPPATH\Models\MaestroModel.php(145): CodeIgniter\Database\BaseBuilder->countAllResults()
 5 APPPATH\Controllers\Maestros.php(48): App\Models\MaestroModel->countFiltered([...])
 6 SYSTEMPATH\CodeIgniter.php(943): App\Controllers\Maestros->index()
 7 SYSTEMPATH\CodeIgniter.php(503): CodeIgniter\CodeIgniter->runController(Object(App\Controllers\Maestros))
 8 SYSTEMPATH\CodeIgniter.php(361): CodeIgniter\CodeIgniter->handleRequest(null, Object(Config\Cache), false)
 9 FCPATH\index.php(81): CodeIgniter\CodeIgniter->run()
CRITICAL - 2024-09-11 13:21:29 --> [Caused by] mysqli_sql_exception: Unknown column 'docente_grado.idGrado' in 'on clause'
in SYSTEMPATH\Database\MySQLi\Connection.php on line 306.
 1 SYSTEMPATH\Database\MySQLi\Connection.php(306): mysqli->query('SELECT COUNT(*) AS `numrows`
FROM `docente`
LEFT JOIN `docente_grado` ON `docente`.`idDocente` = `docente_grado`.`idDocente`
LEFT JOIN `grado` ON `docente_grado`.`idGrado` = `grado`.`idGrado`
WHERE `docente`.`estado` != \'Eliminado\'
AND `docente`.`estado` != \'Inactivo\'', 0)
 2 SYSTEMPATH\Database\BaseConnection.php(693): CodeIgniter\Database\MySQLi\Connection->execute('SELECT COUNT(*) AS `numrows`
FROM `docente`
LEFT JOIN `docente_grado` ON `docente`.`idDocente` = `docente_grado`.`idDocente`
LEFT JOIN `grado` ON `docente_grado`.`idGrado` = `grado`.`idGrado`
WHERE `docente`.`estado` != \'Eliminado\'
AND `docente`.`estado` != \'Inactivo\'')
 3 SYSTEMPATH\Database\BaseConnection.php(607): CodeIgniter\Database\BaseConnection->simpleQuery('SELECT COUNT(*) AS `numrows`
FROM `docente`
LEFT JOIN `docente_grado` ON `docente`.`idDocente` = `docente_grado`.`idDocente`
LEFT JOIN `grado` ON `docente_grado`.`idGrado` = `grado`.`idGrado`
WHERE `docente`.`estado` != \'Eliminado\'
AND `docente`.`estado` != \'Inactivo\'')
 4 SYSTEMPATH\Database\BaseBuilder.php(1700): CodeIgniter\Database\BaseConnection->query('SELECT COUNT(*) AS `numrows`
FROM `docente`
LEFT JOIN `docente_grado` ON `docente`.`idDocente` = `docente_grado`.`idDocente`
LEFT JOIN `grado` ON `docente_grado`.`idGrado` = `grado`.`idGrado`
WHERE `docente`.`estado` != :docente.estado:
AND `docente`.`estado` != :docente.estado.1:', [...], false)
 5 APPPATH\Models\MaestroModel.php(145): CodeIgniter\Database\BaseBuilder->countAllResults()
 6 APPPATH\Controllers\Maestros.php(48): App\Models\MaestroModel->countFiltered([...])
 7 SYSTEMPATH\CodeIgniter.php(943): App\Controllers\Maestros->index()
 8 SYSTEMPATH\CodeIgniter.php(503): CodeIgniter\CodeIgniter->runController(Object(App\Controllers\Maestros))
 9 SYSTEMPATH\CodeIgniter.php(361): CodeIgniter\CodeIgniter->handleRequest(null, Object(Config\Cache), false)
10 FCPATH\index.php(81): CodeIgniter\CodeIgniter->run()
INFO - 2024-09-11 13:25:00 --> Session: Class initialized using 'CodeIgniter\Session\Handlers\FileHandler' driver.
INFO - 2024-09-11 13:26:51 --> Session: Class initialized using 'CodeIgniter\Session\Handlers\FileHandler' driver.
INFO - 2024-09-11 13:28:52 --> Session: Class initialized using 'CodeIgniter\Session\Handlers\FileHandler' driver.
DEBUG - 2024-09-11 13:29:18 --> Método store() llamado
DEBUG - 2024-09-11 13:29:18 --> Datos del docente: {"nombreCompleto":"Pablo Lopez","nip":"29871","escalafon":"972989","fechaIngreso":"2019-01-01","estado":"Activo","tipo":"Docente","cargo":null}
INFO - 2024-09-11 13:29:24 --> Session: Class initialized using 'CodeIgniter\Session\Handlers\FileHandler' driver.
INFO - 2024-09-11 13:29:28 --> Session: Class initialized using 'CodeIgniter\Session\Handlers\FileHandler' driver.
INFO - 2024-09-11 13:38:27 --> Session: Class initialized using 'CodeIgniter\Session\Handlers\FileHandler' driver.
INFO - 2024-09-11 13:38:31 --> Session: Class initialized using 'CodeIgniter\Session\Handlers\FileHandler' driver.
DEBUG - 2024-09-11 13:38:50 --> Método store() llamado
DEBUG - 2024-09-11 13:38:50 --> Datos del docente: {"nombreCompleto":"Sofia Pe\u00f1a","nip":"299388","escalafon":"239892","fechaIngreso":"2019-01-01","estado":"Activo","tipo":"Docente","cargo":null}
ERROR - 2024-09-11 13:38:50 --> mysqli_sql_exception: Cannot add or update a child row: a foreign key constraint fails (`sistema_control`.`docente`, CONSTRAINT `fk_grado` FOREIGN KEY (`idGrado`) REFERENCES `grado` (`idGrado`)) in C:\laragon\www\prueba\SistemaControl\vendor\codeigniter4\framework\system\Database\MySQLi\Connection.php:306
Stack trace:
#0 C:\laragon\www\prueba\SistemaControl\vendor\codeigniter4\framework\system\Database\MySQLi\Connection.php(306): mysqli->query('INSERT INTO `do...', 0)
#1 C:\laragon\www\prueba\SistemaControl\vendor\codeigniter4\framework\system\Database\BaseConnection.php(693): CodeIgniter\Database\MySQLi\Connection->execute('INSERT INTO `do...')
#2 C:\laragon\www\prueba\SistemaControl\vendor\codeigniter4\framework\system\Database\BaseConnection.php(607): CodeIgniter\Database\BaseConnection->simpleQuery('INSERT INTO `do...')
#3 C:\laragon\www\prueba\SistemaControl\vendor\codeigniter4\framework\system\Database\BaseBuilder.php(2307): CodeIgniter\Database\BaseConnection->query('INSERT INTO `do...', Array, false)
#4 C:\laragon\www\prueba\SistemaControl\vendor\codeigniter4\framework\system\Model.php(327): CodeIgniter\Database\BaseBuilder->insert()
#5 C:\laragon\www\prueba\SistemaControl\vendor\codeigniter4\framework\system\BaseModel.php(805): CodeIgniter\Model->doInsert(Array)
#6 C:\laragon\www\prueba\SistemaControl\vendor\codeigniter4\framework\system\Model.php(749): CodeIgniter\BaseModel->insert(Array, true)
#7 C:\laragon\www\prueba\SistemaControl\app\Controllers\Maestros.php(212): CodeIgniter\Model->insert(Array)
#8 C:\laragon\www\prueba\SistemaControl\vendor\codeigniter4\framework\system\CodeIgniter.php(943): App\Controllers\Maestros->store()
#9 C:\laragon\www\prueba\SistemaControl\vendor\codeigniter4\framework\system\CodeIgniter.php(503): CodeIgniter\CodeIgniter->runController(Object(App\Controllers\Maestros))
#10 C:\laragon\www\prueba\SistemaControl\vendor\codeigniter4\framework\system\CodeIgniter.php(361): CodeIgniter\CodeIgniter->handleRequest(NULL, Object(Config\Cache), false)
#11 C:\laragon\www\prueba\SistemaControl\public\index.php(81): CodeIgniter\CodeIgniter->run()
#12 {main}
CRITICAL - 2024-09-11 13:38:50 --> CodeIgniter\Database\Exceptions\DatabaseException: Cannot add or update a child row: a foreign key constraint fails (`sistema_control`.`docente`, CONSTRAINT `fk_grado` FOREIGN KEY (`idGrado`) REFERENCES `grado` (`idGrado`))
in SYSTEMPATH\Database\BaseConnection.php on line 647.
 1 SYSTEMPATH\Database\BaseBuilder.php(2307): CodeIgniter\Database\BaseConnection->query('INSERT INTO `docente` (`nombreCompleto`, `nip`, `escalafon`, `fechaIngreso`, `estado`, `tipo`, `cargo`) VALUES (:nombreCompleto:, :nip:, :escalafon:, :fechaIngreso:, :estado:, :tipo:, :cargo:)', [...], false)
 2 SYSTEMPATH\Model.php(327): CodeIgniter\Database\BaseBuilder->insert()
 3 SYSTEMPATH\BaseModel.php(805): CodeIgniter\Model->doInsert([...])
 4 SYSTEMPATH\Model.php(749): CodeIgniter\BaseModel->insert([...], true)
 5 APPPATH\Controllers\Maestros.php(212): CodeIgniter\Model->insert([...])
 6 SYSTEMPATH\CodeIgniter.php(943): App\Controllers\Maestros->store()
 7 SYSTEMPATH\CodeIgniter.php(503): CodeIgniter\CodeIgniter->runController(Object(App\Controllers\Maestros))
 8 SYSTEMPATH\CodeIgniter.php(361): CodeIgniter\CodeIgniter->handleRequest(null, Object(Config\Cache), false)
 9 FCPATH\index.php(81): CodeIgniter\CodeIgniter->run()
CRITICAL - 2024-09-11 13:38:50 --> [Caused by] CodeIgniter\Database\Exceptions\DatabaseException: Cannot add or update a child row: a foreign key constraint fails (`sistema_control`.`docente`, CONSTRAINT `fk_grado` FOREIGN KEY (`idGrado`) REFERENCES `grado` (`idGrado`))
in SYSTEMPATH\Database\MySQLi\Connection.php on line 311.
 1 SYSTEMPATH\Database\BaseConnection.php(693): CodeIgniter\Database\MySQLi\Connection->execute('INSERT INTO `docente` (`nombreCompleto`, `nip`, `escalafon`, `fechaIngreso`, `estado`, `tipo`, `cargo`) VALUES (\'Sofia Peña\', \'299388\', \'239892\', \'2019-01-01\', \'Activo\', \'Docente\', NULL)')
 2 SYSTEMPATH\Database\BaseConnection.php(607): CodeIgniter\Database\BaseConnection->simpleQuery('INSERT INTO `docente` (`nombreCompleto`, `nip`, `escalafon`, `fechaIngreso`, `estado`, `tipo`, `cargo`) VALUES (\'Sofia Peña\', \'299388\', \'239892\', \'2019-01-01\', \'Activo\', \'Docente\', NULL)')
 3 SYSTEMPATH\Database\BaseBuilder.php(2307): CodeIgniter\Database\BaseConnection->query('INSERT INTO `docente` (`nombreCompleto`, `nip`, `escalafon`, `fechaIngreso`, `estado`, `tipo`, `cargo`) VALUES (:nombreCompleto:, :nip:, :escalafon:, :fechaIngreso:, :estado:, :tipo:, :cargo:)', [...], false)
 4 SYSTEMPATH\Model.php(327): CodeIgniter\Database\BaseBuilder->insert()
 5 SYSTEMPATH\BaseModel.php(805): CodeIgniter\Model->doInsert([...])
 6 SYSTEMPATH\Model.php(749): CodeIgniter\BaseModel->insert([...], true)
 7 APPPATH\Controllers\Maestros.php(212): CodeIgniter\Model->insert([...])
 8 SYSTEMPATH\CodeIgniter.php(943): App\Controllers\Maestros->store()
 9 SYSTEMPATH\CodeIgniter.php(503): CodeIgniter\CodeIgniter->runController(Object(App\Controllers\Maestros))
10 SYSTEMPATH\CodeIgniter.php(361): CodeIgniter\CodeIgniter->handleRequest(null, Object(Config\Cache), false)
11 FCPATH\index.php(81): CodeIgniter\CodeIgniter->run()
CRITICAL - 2024-09-11 13:38:50 --> [Caused by] mysqli_sql_exception: Cannot add or update a child row: a foreign key constraint fails (`sistema_control`.`docente`, CONSTRAINT `fk_grado` FOREIGN KEY (`idGrado`) REFERENCES `grado` (`idGrado`))
in SYSTEMPATH\Database\MySQLi\Connection.php on line 306.
 1 SYSTEMPATH\Database\MySQLi\Connection.php(306): mysqli->query('INSERT INTO `docente` (`nombreCompleto`, `nip`, `escalafon`, `fechaIngreso`, `estado`, `tipo`, `cargo`) VALUES (\'Sofia Peña\', \'299388\', \'239892\', \'2019-01-01\', \'Activo\', \'Docente\', NULL)', 0)
 2 SYSTEMPATH\Database\BaseConnection.php(693): CodeIgniter\Database\MySQLi\Connection->execute('INSERT INTO `docente` (`nombreCompleto`, `nip`, `escalafon`, `fechaIngreso`, `estado`, `tipo`, `cargo`) VALUES (\'Sofia Peña\', \'299388\', \'239892\', \'2019-01-01\', \'Activo\', \'Docente\', NULL)')
 3 SYSTEMPATH\Database\BaseConnection.php(607): CodeIgniter\Database\BaseConnection->simpleQuery('INSERT INTO `docente` (`nombreCompleto`, `nip`, `escalafon`, `fechaIngreso`, `estado`, `tipo`, `cargo`) VALUES (\'Sofia Peña\', \'299388\', \'239892\', \'2019-01-01\', \'Activo\', \'Docente\', NULL)')
 4 SYSTEMPATH\Database\BaseBuilder.php(2307): CodeIgniter\Database\BaseConnection->query('INSERT INTO `docente` (`nombreCompleto`, `nip`, `escalafon`, `fechaIngreso`, `estado`, `tipo`, `cargo`) VALUES (:nombreCompleto:, :nip:, :escalafon:, :fechaIngreso:, :estado:, :tipo:, :cargo:)', [...], false)
 5 SYSTEMPATH\Model.php(327): CodeIgniter\Database\BaseBuilder->insert()
 6 SYSTEMPATH\BaseModel.php(805): CodeIgniter\Model->doInsert([...])
 7 SYSTEMPATH\Model.php(749): CodeIgniter\BaseModel->insert([...], true)
 8 APPPATH\Controllers\Maestros.php(212): CodeIgniter\Model->insert([...])
 9 SYSTEMPATH\CodeIgniter.php(943): App\Controllers\Maestros->store()
10 SYSTEMPATH\CodeIgniter.php(503): CodeIgniter\CodeIgniter->runController(Object(App\Controllers\Maestros))
11 SYSTEMPATH\CodeIgniter.php(361): CodeIgniter\CodeIgniter->handleRequest(null, Object(Config\Cache), false)
12 FCPATH\index.php(81): CodeIgniter\CodeIgniter->run()
INFO - 2024-09-11 13:41:39 --> Session: Class initialized using 'CodeIgniter\Session\Handlers\FileHandler' driver.
DEBUG - 2024-09-11 13:42:02 --> Método store() llamado
DEBUG - 2024-09-11 13:42:02 --> Datos del docente: {"nombreCompleto":"Juan Lopez","nip":"12414","escalafon":"3411","fechaIngreso":"2019-01-01","estado":"Activo","tipo":"Docente","cargo":null}
ERROR - 2024-09-11 13:42:02 --> mysqli_sql_exception: Cannot add or update a child row: a foreign key constraint fails (`sistema_control`.`docente`, CONSTRAINT `fk_grado` FOREIGN KEY (`idGrado`) REFERENCES `grado` (`idGrado`)) in C:\laragon\www\prueba\SistemaControl\vendor\codeigniter4\framework\system\Database\MySQLi\Connection.php:306
Stack trace:
#0 C:\laragon\www\prueba\SistemaControl\vendor\codeigniter4\framework\system\Database\MySQLi\Connection.php(306): mysqli->query('INSERT INTO `do...', 0)
#1 C:\laragon\www\prueba\SistemaControl\vendor\codeigniter4\framework\system\Database\BaseConnection.php(693): CodeIgniter\Database\MySQLi\Connection->execute('INSERT INTO `do...')
#2 C:\laragon\www\prueba\SistemaControl\vendor\codeigniter4\framework\system\Database\BaseConnection.php(607): CodeIgniter\Database\BaseConnection->simpleQuery('INSERT INTO `do...')
#3 C:\laragon\www\prueba\SistemaControl\vendor\codeigniter4\framework\system\Database\BaseBuilder.php(2307): CodeIgniter\Database\BaseConnection->query('INSERT INTO `do...', Array, false)
#4 C:\laragon\www\prueba\SistemaControl\vendor\codeigniter4\framework\system\Model.php(327): CodeIgniter\Database\BaseBuilder->insert()
#5 C:\laragon\www\prueba\SistemaControl\vendor\codeigniter4\framework\system\BaseModel.php(805): CodeIgniter\Model->doInsert(Array)
#6 C:\laragon\www\prueba\SistemaControl\vendor\codeigniter4\framework\system\Model.php(749): CodeIgniter\BaseModel->insert(Array, true)
#7 C:\laragon\www\prueba\SistemaControl\app\Controllers\Maestros.php(212): CodeIgniter\Model->insert(Array)
#8 C:\laragon\www\prueba\SistemaControl\vendor\codeigniter4\framework\system\CodeIgniter.php(943): App\Controllers\Maestros->store()
#9 C:\laragon\www\prueba\SistemaControl\vendor\codeigniter4\framework\system\CodeIgniter.php(503): CodeIgniter\CodeIgniter->runController(Object(App\Controllers\Maestros))
#10 C:\laragon\www\prueba\SistemaControl\vendor\codeigniter4\framework\system\CodeIgniter.php(361): CodeIgniter\CodeIgniter->handleRequest(NULL, Object(Config\Cache), false)
#11 C:\laragon\www\prueba\SistemaControl\public\index.php(81): CodeIgniter\CodeIgniter->run()
#12 {main}
CRITICAL - 2024-09-11 13:42:02 --> CodeIgniter\Database\Exceptions\DatabaseException: Cannot add or update a child row: a foreign key constraint fails (`sistema_control`.`docente`, CONSTRAINT `fk_grado` FOREIGN KEY (`idGrado`) REFERENCES `grado` (`idGrado`))
in SYSTEMPATH\Database\BaseConnection.php on line 647.
 1 SYSTEMPATH\Database\BaseBuilder.php(2307): CodeIgniter\Database\BaseConnection->query('INSERT INTO `docente` (`nombreCompleto`, `nip`, `escalafon`, `fechaIngreso`, `estado`, `tipo`, `cargo`) VALUES (:nombreCompleto:, :nip:, :escalafon:, :fechaIngreso:, :estado:, :tipo:, :cargo:)', [...], false)
 2 SYSTEMPATH\Model.php(327): CodeIgniter\Database\BaseBuilder->insert()
 3 SYSTEMPATH\BaseModel.php(805): CodeIgniter\Model->doInsert([...])
 4 SYSTEMPATH\Model.php(749): CodeIgniter\BaseModel->insert([...], true)
 5 APPPATH\Controllers\Maestros.php(212): CodeIgniter\Model->insert([...])
 6 SYSTEMPATH\CodeIgniter.php(943): App\Controllers\Maestros->store()
 7 SYSTEMPATH\CodeIgniter.php(503): CodeIgniter\CodeIgniter->runController(Object(App\Controllers\Maestros))
 8 SYSTEMPATH\CodeIgniter.php(361): CodeIgniter\CodeIgniter->handleRequest(null, Object(Config\Cache), false)
 9 FCPATH\index.php(81): CodeIgniter\CodeIgniter->run()
CRITICAL - 2024-09-11 13:42:02 --> [Caused by] CodeIgniter\Database\Exceptions\DatabaseException: Cannot add or update a child row: a foreign key constraint fails (`sistema_control`.`docente`, CONSTRAINT `fk_grado` FOREIGN KEY (`idGrado`) REFERENCES `grado` (`idGrado`))
in SYSTEMPATH\Database\MySQLi\Connection.php on line 311.
 1 SYSTEMPATH\Database\BaseConnection.php(693): CodeIgniter\Database\MySQLi\Connection->execute('INSERT INTO `docente` (`nombreCompleto`, `nip`, `escalafon`, `fechaIngreso`, `estado`, `tipo`, `cargo`) VALUES (\'Juan Lopez\', \'12414\', \'3411\', \'2019-01-01\', \'Activo\', \'Docente\', NULL)')
 2 SYSTEMPATH\Database\BaseConnection.php(607): CodeIgniter\Database\BaseConnection->simpleQuery('INSERT INTO `docente` (`nombreCompleto`, `nip`, `escalafon`, `fechaIngreso`, `estado`, `tipo`, `cargo`) VALUES (\'Juan Lopez\', \'12414\', \'3411\', \'2019-01-01\', \'Activo\', \'Docente\', NULL)')
 3 SYSTEMPATH\Database\BaseBuilder.php(2307): CodeIgniter\Database\BaseConnection->query('INSERT INTO `docente` (`nombreCompleto`, `nip`, `escalafon`, `fechaIngreso`, `estado`, `tipo`, `cargo`) VALUES (:nombreCompleto:, :nip:, :escalafon:, :fechaIngreso:, :estado:, :tipo:, :cargo:)', [...], false)
 4 SYSTEMPATH\Model.php(327): CodeIgniter\Database\BaseBuilder->insert()
 5 SYSTEMPATH\BaseModel.php(805): CodeIgniter\Model->doInsert([...])
 6 SYSTEMPATH\Model.php(749): CodeIgniter\BaseModel->insert([...], true)
 7 APPPATH\Controllers\Maestros.php(212): CodeIgniter\Model->insert([...])
 8 SYSTEMPATH\CodeIgniter.php(943): App\Controllers\Maestros->store()
 9 SYSTEMPATH\CodeIgniter.php(503): CodeIgniter\CodeIgniter->runController(Object(App\Controllers\Maestros))
10 SYSTEMPATH\CodeIgniter.php(361): CodeIgniter\CodeIgniter->handleRequest(null, Object(Config\Cache), false)
11 FCPATH\index.php(81): CodeIgniter\CodeIgniter->run()
CRITICAL - 2024-09-11 13:42:02 --> [Caused by] mysqli_sql_exception: Cannot add or update a child row: a foreign key constraint fails (`sistema_control`.`docente`, CONSTRAINT `fk_grado` FOREIGN KEY (`idGrado`) REFERENCES `grado` (`idGrado`))
in SYSTEMPATH\Database\MySQLi\Connection.php on line 306.
 1 SYSTEMPATH\Database\MySQLi\Connection.php(306): mysqli->query('INSERT INTO `docente` (`nombreCompleto`, `nip`, `escalafon`, `fechaIngreso`, `estado`, `tipo`, `cargo`) VALUES (\'Juan Lopez\', \'12414\', \'3411\', \'2019-01-01\', \'Activo\', \'Docente\', NULL)', 0)
 2 SYSTEMPATH\Database\BaseConnection.php(693): CodeIgniter\Database\MySQLi\Connection->execute('INSERT INTO `docente` (`nombreCompleto`, `nip`, `escalafon`, `fechaIngreso`, `estado`, `tipo`, `cargo`) VALUES (\'Juan Lopez\', \'12414\', \'3411\', \'2019-01-01\', \'Activo\', \'Docente\', NULL)')
 3 SYSTEMPATH\Database\BaseConnection.php(607): CodeIgniter\Database\BaseConnection->simpleQuery('INSERT INTO `docente` (`nombreCompleto`, `nip`, `escalafon`, `fechaIngreso`, `estado`, `tipo`, `cargo`) VALUES (\'Juan Lopez\', \'12414\', \'3411\', \'2019-01-01\', \'Activo\', \'Docente\', NULL)')
 4 SYSTEMPATH\Database\BaseBuilder.php(2307): CodeIgniter\Database\BaseConnection->query('INSERT INTO `docente` (`nombreCompleto`, `nip`, `escalafon`, `fechaIngreso`, `estado`, `tipo`, `cargo`) VALUES (:nombreCompleto:, :nip:, :escalafon:, :fechaIngreso:, :estado:, :tipo:, :cargo:)', [...], false)
 5 SYSTEMPATH\Model.php(327): CodeIgniter\Database\BaseBuilder->insert()
 6 SYSTEMPATH\BaseModel.php(805): CodeIgniter\Model->doInsert([...])
 7 SYSTEMPATH\Model.php(749): CodeIgniter\BaseModel->insert([...], true)
 8 APPPATH\Controllers\Maestros.php(212): CodeIgniter\Model->insert([...])
 9 SYSTEMPATH\CodeIgniter.php(943): App\Controllers\Maestros->store()
10 SYSTEMPATH\CodeIgniter.php(503): CodeIgniter\CodeIgniter->runController(Object(App\Controllers\Maestros))
11 SYSTEMPATH\CodeIgniter.php(361): CodeIgniter\CodeIgniter->handleRequest(null, Object(Config\Cache), false)
12 FCPATH\index.php(81): CodeIgniter\CodeIgniter->run()
DEBUG - 2024-09-11 13:46:27 --> Método store() llamado
DEBUG - 2024-09-11 13:46:27 --> Datos del docente: {"nombreCompleto":"Juan Lopez","nip":"12414","escalafon":"3411","fechaIngreso":"2019-01-01","estado":"Activo","tipo":"Docente","cargo":null}
ERROR - 2024-09-11 13:46:27 --> mysqli_sql_exception: Cannot add or update a child row: a foreign key constraint fails (`sistema_control`.`docente`, CONSTRAINT `fk_grado` FOREIGN KEY (`idGrado`) REFERENCES `grado` (`idGrado`)) in C:\laragon\www\prueba\SistemaControl\vendor\codeigniter4\framework\system\Database\MySQLi\Connection.php:306
Stack trace:
#0 C:\laragon\www\prueba\SistemaControl\vendor\codeigniter4\framework\system\Database\MySQLi\Connection.php(306): mysqli->query('INSERT INTO `do...', 0)
#1 C:\laragon\www\prueba\SistemaControl\vendor\codeigniter4\framework\system\Database\BaseConnection.php(693): CodeIgniter\Database\MySQLi\Connection->execute('INSERT INTO `do...')
#2 C:\laragon\www\prueba\SistemaControl\vendor\codeigniter4\framework\system\Database\BaseConnection.php(607): CodeIgniter\Database\BaseConnection->simpleQuery('INSERT INTO `do...')
#3 C:\laragon\www\prueba\SistemaControl\vendor\codeigniter4\framework\system\Database\BaseBuilder.php(2307): CodeIgniter\Database\BaseConnection->query('INSERT INTO `do...', Array, false)
#4 C:\laragon\www\prueba\SistemaControl\vendor\codeigniter4\framework\system\Model.php(327): CodeIgniter\Database\BaseBuilder->insert()
#5 C:\laragon\www\prueba\SistemaControl\vendor\codeigniter4\framework\system\BaseModel.php(805): CodeIgniter\Model->doInsert(Array)
#6 C:\laragon\www\prueba\SistemaControl\vendor\codeigniter4\framework\system\Model.php(749): CodeIgniter\BaseModel->insert(Array, true)
#7 C:\laragon\www\prueba\SistemaControl\app\Controllers\Maestros.php(225): CodeIgniter\Model->insert(Array)
#8 C:\laragon\www\prueba\SistemaControl\vendor\codeigniter4\framework\system\CodeIgniter.php(943): App\Controllers\Maestros->store()
#9 C:\laragon\www\prueba\SistemaControl\vendor\codeigniter4\framework\system\CodeIgniter.php(503): CodeIgniter\CodeIgniter->runController(Object(App\Controllers\Maestros))
#10 C:\laragon\www\prueba\SistemaControl\vendor\codeigniter4\framework\system\CodeIgniter.php(361): CodeIgniter\CodeIgniter->handleRequest(NULL, Object(Config\Cache), false)
#11 C:\laragon\www\prueba\SistemaControl\public\index.php(81): CodeIgniter\CodeIgniter->run()
#12 {main}
CRITICAL - 2024-09-11 13:46:27 --> CodeIgniter\Database\Exceptions\DatabaseException: Cannot add or update a child row: a foreign key constraint fails (`sistema_control`.`docente`, CONSTRAINT `fk_grado` FOREIGN KEY (`idGrado`) REFERENCES `grado` (`idGrado`))
in SYSTEMPATH\Database\BaseConnection.php on line 647.
 1 SYSTEMPATH\Database\BaseBuilder.php(2307): CodeIgniter\Database\BaseConnection->query('INSERT INTO `docente` (`nombreCompleto`, `nip`, `escalafon`, `fechaIngreso`, `estado`, `tipo`, `cargo`) VALUES (:nombreCompleto:, :nip:, :escalafon:, :fechaIngreso:, :estado:, :tipo:, :cargo:)', [...], false)
 2 SYSTEMPATH\Model.php(327): CodeIgniter\Database\BaseBuilder->insert()
 3 SYSTEMPATH\BaseModel.php(805): CodeIgniter\Model->doInsert([...])
 4 SYSTEMPATH\Model.php(749): CodeIgniter\BaseModel->insert([...], true)
 5 APPPATH\Controllers\Maestros.php(225): CodeIgniter\Model->insert([...])
 6 SYSTEMPATH\CodeIgniter.php(943): App\Controllers\Maestros->store()
 7 SYSTEMPATH\CodeIgniter.php(503): CodeIgniter\CodeIgniter->runController(Object(App\Controllers\Maestros))
 8 SYSTEMPATH\CodeIgniter.php(361): CodeIgniter\CodeIgniter->handleRequest(null, Object(Config\Cache), false)
 9 FCPATH\index.php(81): CodeIgniter\CodeIgniter->run()
CRITICAL - 2024-09-11 13:46:27 --> [Caused by] CodeIgniter\Database\Exceptions\DatabaseException: Cannot add or update a child row: a foreign key constraint fails (`sistema_control`.`docente`, CONSTRAINT `fk_grado` FOREIGN KEY (`idGrado`) REFERENCES `grado` (`idGrado`))
in SYSTEMPATH\Database\MySQLi\Connection.php on line 311.
 1 SYSTEMPATH\Database\BaseConnection.php(693): CodeIgniter\Database\MySQLi\Connection->execute('INSERT INTO `docente` (`nombreCompleto`, `nip`, `escalafon`, `fechaIngreso`, `estado`, `tipo`, `cargo`) VALUES (\'Juan Lopez\', \'12414\', \'3411\', \'2019-01-01\', \'Activo\', \'Docente\', NULL)')
 2 SYSTEMPATH\Database\BaseConnection.php(607): CodeIgniter\Database\BaseConnection->simpleQuery('INSERT INTO `docente` (`nombreCompleto`, `nip`, `escalafon`, `fechaIngreso`, `estado`, `tipo`, `cargo`) VALUES (\'Juan Lopez\', \'12414\', \'3411\', \'2019-01-01\', \'Activo\', \'Docente\', NULL)')
 3 SYSTEMPATH\Database\BaseBuilder.php(2307): CodeIgniter\Database\BaseConnection->query('INSERT INTO `docente` (`nombreCompleto`, `nip`, `escalafon`, `fechaIngreso`, `estado`, `tipo`, `cargo`) VALUES (:nombreCompleto:, :nip:, :escalafon:, :fechaIngreso:, :estado:, :tipo:, :cargo:)', [...], false)
 4 SYSTEMPATH\Model.php(327): CodeIgniter\Database\BaseBuilder->insert()
 5 SYSTEMPATH\BaseModel.php(805): CodeIgniter\Model->doInsert([...])
 6 SYSTEMPATH\Model.php(749): CodeIgniter\BaseModel->insert([...], true)
 7 APPPATH\Controllers\Maestros.php(225): CodeIgniter\Model->insert([...])
 8 SYSTEMPATH\CodeIgniter.php(943): App\Controllers\Maestros->store()
 9 SYSTEMPATH\CodeIgniter.php(503): CodeIgniter\CodeIgniter->runController(Object(App\Controllers\Maestros))
10 SYSTEMPATH\CodeIgniter.php(361): CodeIgniter\CodeIgniter->handleRequest(null, Object(Config\Cache), false)
11 FCPATH\index.php(81): CodeIgniter\CodeIgniter->run()
CRITICAL - 2024-09-11 13:46:27 --> [Caused by] mysqli_sql_exception: Cannot add or update a child row: a foreign key constraint fails (`sistema_control`.`docente`, CONSTRAINT `fk_grado` FOREIGN KEY (`idGrado`) REFERENCES `grado` (`idGrado`))
in SYSTEMPATH\Database\MySQLi\Connection.php on line 306.
 1 SYSTEMPATH\Database\MySQLi\Connection.php(306): mysqli->query('INSERT INTO `docente` (`nombreCompleto`, `nip`, `escalafon`, `fechaIngreso`, `estado`, `tipo`, `cargo`) VALUES (\'Juan Lopez\', \'12414\', \'3411\', \'2019-01-01\', \'Activo\', \'Docente\', NULL)', 0)
 2 SYSTEMPATH\Database\BaseConnection.php(693): CodeIgniter\Database\MySQLi\Connection->execute('INSERT INTO `docente` (`nombreCompleto`, `nip`, `escalafon`, `fechaIngreso`, `estado`, `tipo`, `cargo`) VALUES (\'Juan Lopez\', \'12414\', \'3411\', \'2019-01-01\', \'Activo\', \'Docente\', NULL)')
 3 SYSTEMPATH\Database\BaseConnection.php(607): CodeIgniter\Database\BaseConnection->simpleQuery('INSERT INTO `docente` (`nombreCompleto`, `nip`, `escalafon`, `fechaIngreso`, `estado`, `tipo`, `cargo`) VALUES (\'Juan Lopez\', \'12414\', \'3411\', \'2019-01-01\', \'Activo\', \'Docente\', NULL)')
 4 SYSTEMPATH\Database\BaseBuilder.php(2307): CodeIgniter\Database\BaseConnection->query('INSERT INTO `docente` (`nombreCompleto`, `nip`, `escalafon`, `fechaIngreso`, `estado`, `tipo`, `cargo`) VALUES (:nombreCompleto:, :nip:, :escalafon:, :fechaIngreso:, :estado:, :tipo:, :cargo:)', [...], false)
 5 SYSTEMPATH\Model.php(327): CodeIgniter\Database\BaseBuilder->insert()
 6 SYSTEMPATH\BaseModel.php(805): CodeIgniter\Model->doInsert([...])
 7 SYSTEMPATH\Model.php(749): CodeIgniter\BaseModel->insert([...], true)
 8 APPPATH\Controllers\Maestros.php(225): CodeIgniter\Model->insert([...])
 9 SYSTEMPATH\CodeIgniter.php(943): App\Controllers\Maestros->store()
10 SYSTEMPATH\CodeIgniter.php(503): CodeIgniter\CodeIgniter->runController(Object(App\Controllers\Maestros))
11 SYSTEMPATH\CodeIgniter.php(361): CodeIgniter\CodeIgniter->handleRequest(null, Object(Config\Cache), false)
12 FCPATH\index.php(81): CodeIgniter\CodeIgniter->run()
INFO - 2024-09-11 13:46:31 --> Session: Class initialized using 'CodeIgniter\Session\Handlers\FileHandler' driver.
DEBUG - 2024-09-11 13:46:44 --> Método store() llamado
DEBUG - 2024-09-11 13:46:44 --> Datos del docente: {"nombreCompleto":"Walter","nip":"3113","escalafon":"13314","fechaIngreso":"2020-01-01","estado":"Activo","tipo":"Docente","cargo":null}
ERROR - 2024-09-11 13:46:44 --> mysqli_sql_exception: Cannot add or update a child row: a foreign key constraint fails (`sistema_control`.`docente`, CONSTRAINT `fk_grado` FOREIGN KEY (`idGrado`) REFERENCES `grado` (`idGrado`)) in C:\laragon\www\prueba\SistemaControl\vendor\codeigniter4\framework\system\Database\MySQLi\Connection.php:306
Stack trace:
#0 C:\laragon\www\prueba\SistemaControl\vendor\codeigniter4\framework\system\Database\MySQLi\Connection.php(306): mysqli->query('INSERT INTO `do...', 0)
#1 C:\laragon\www\prueba\SistemaControl\vendor\codeigniter4\framework\system\Database\BaseConnection.php(693): CodeIgniter\Database\MySQLi\Connection->execute('INSERT INTO `do...')
#2 C:\laragon\www\prueba\SistemaControl\vendor\codeigniter4\framework\system\Database\BaseConnection.php(607): CodeIgniter\Database\BaseConnection->simpleQuery('INSERT INTO `do...')
#3 C:\laragon\www\prueba\SistemaControl\vendor\codeigniter4\framework\system\Database\BaseBuilder.php(2307): CodeIgniter\Database\BaseConnection->query('INSERT INTO `do...', Array, false)
#4 C:\laragon\www\prueba\SistemaControl\vendor\codeigniter4\framework\system\Model.php(327): CodeIgniter\Database\BaseBuilder->insert()
#5 C:\laragon\www\prueba\SistemaControl\vendor\codeigniter4\framework\system\BaseModel.php(805): CodeIgniter\Model->doInsert(Array)
#6 C:\laragon\www\prueba\SistemaControl\vendor\codeigniter4\framework\system\Model.php(749): CodeIgniter\BaseModel->insert(Array, true)
#7 C:\laragon\www\prueba\SistemaControl\app\Controllers\Maestros.php(225): CodeIgniter\Model->insert(Array)
#8 C:\laragon\www\prueba\SistemaControl\vendor\codeigniter4\framework\system\CodeIgniter.php(943): App\Controllers\Maestros->store()
#9 C:\laragon\www\prueba\SistemaControl\vendor\codeigniter4\framework\system\CodeIgniter.php(503): CodeIgniter\CodeIgniter->runController(Object(App\Controllers\Maestros))
#10 C:\laragon\www\prueba\SistemaControl\vendor\codeigniter4\framework\system\CodeIgniter.php(361): CodeIgniter\CodeIgniter->handleRequest(NULL, Object(Config\Cache), false)
#11 C:\laragon\www\prueba\SistemaControl\public\index.php(81): CodeIgniter\CodeIgniter->run()
#12 {main}
CRITICAL - 2024-09-11 13:46:44 --> CodeIgniter\Database\Exceptions\DatabaseException: Cannot add or update a child row: a foreign key constraint fails (`sistema_control`.`docente`, CONSTRAINT `fk_grado` FOREIGN KEY (`idGrado`) REFERENCES `grado` (`idGrado`))
in SYSTEMPATH\Database\BaseConnection.php on line 647.
 1 SYSTEMPATH\Database\BaseBuilder.php(2307): CodeIgniter\Database\BaseConnection->query('INSERT INTO `docente` (`nombreCompleto`, `nip`, `escalafon`, `fechaIngreso`, `estado`, `tipo`, `cargo`) VALUES (:nombreCompleto:, :nip:, :escalafon:, :fechaIngreso:, :estado:, :tipo:, :cargo:)', [...], false)
 2 SYSTEMPATH\Model.php(327): CodeIgniter\Database\BaseBuilder->insert()
 3 SYSTEMPATH\BaseModel.php(805): CodeIgniter\Model->doInsert([...])
 4 SYSTEMPATH\Model.php(749): CodeIgniter\BaseModel->insert([...], true)
 5 APPPATH\Controllers\Maestros.php(225): CodeIgniter\Model->insert([...])
 6 SYSTEMPATH\CodeIgniter.php(943): App\Controllers\Maestros->store()
 7 SYSTEMPATH\CodeIgniter.php(503): CodeIgniter\CodeIgniter->runController(Object(App\Controllers\Maestros))
 8 SYSTEMPATH\CodeIgniter.php(361): CodeIgniter\CodeIgniter->handleRequest(null, Object(Config\Cache), false)
 9 FCPATH\index.php(81): CodeIgniter\CodeIgniter->run()
CRITICAL - 2024-09-11 13:46:44 --> [Caused by] CodeIgniter\Database\Exceptions\DatabaseException: Cannot add or update a child row: a foreign key constraint fails (`sistema_control`.`docente`, CONSTRAINT `fk_grado` FOREIGN KEY (`idGrado`) REFERENCES `grado` (`idGrado`))
in SYSTEMPATH\Database\MySQLi\Connection.php on line 311.
 1 SYSTEMPATH\Database\BaseConnection.php(693): CodeIgniter\Database\MySQLi\Connection->execute('INSERT INTO `docente` (`nombreCompleto`, `nip`, `escalafon`, `fechaIngreso`, `estado`, `tipo`, `cargo`) VALUES (\'Walter\', \'3113\', \'13314\', \'2020-01-01\', \'Activo\', \'Docente\', NULL)')
 2 SYSTEMPATH\Database\BaseConnection.php(607): CodeIgniter\Database\BaseConnection->simpleQuery('INSERT INTO `docente` (`nombreCompleto`, `nip`, `escalafon`, `fechaIngreso`, `estado`, `tipo`, `cargo`) VALUES (\'Walter\', \'3113\', \'13314\', \'2020-01-01\', \'Activo\', \'Docente\', NULL)')
 3 SYSTEMPATH\Database\BaseBuilder.php(2307): CodeIgniter\Database\BaseConnection->query('INSERT INTO `docente` (`nombreCompleto`, `nip`, `escalafon`, `fechaIngreso`, `estado`, `tipo`, `cargo`) VALUES (:nombreCompleto:, :nip:, :escalafon:, :fechaIngreso:, :estado:, :tipo:, :cargo:)', [...], false)
 4 SYSTEMPATH\Model.php(327): CodeIgniter\Database\BaseBuilder->insert()
 5 SYSTEMPATH\BaseModel.php(805): CodeIgniter\Model->doInsert([...])
 6 SYSTEMPATH\Model.php(749): CodeIgniter\BaseModel->insert([...], true)
 7 APPPATH\Controllers\Maestros.php(225): CodeIgniter\Model->insert([...])
 8 SYSTEMPATH\CodeIgniter.php(943): App\Controllers\Maestros->store()
 9 SYSTEMPATH\CodeIgniter.php(503): CodeIgniter\CodeIgniter->runController(Object(App\Controllers\Maestros))
10 SYSTEMPATH\CodeIgniter.php(361): CodeIgniter\CodeIgniter->handleRequest(null, Object(Config\Cache), false)
11 FCPATH\index.php(81): CodeIgniter\CodeIgniter->run()
CRITICAL - 2024-09-11 13:46:44 --> [Caused by] mysqli_sql_exception: Cannot add or update a child row: a foreign key constraint fails (`sistema_control`.`docente`, CONSTRAINT `fk_grado` FOREIGN KEY (`idGrado`) REFERENCES `grado` (`idGrado`))
in SYSTEMPATH\Database\MySQLi\Connection.php on line 306.
 1 SYSTEMPATH\Database\MySQLi\Connection.php(306): mysqli->query('INSERT INTO `docente` (`nombreCompleto`, `nip`, `escalafon`, `fechaIngreso`, `estado`, `tipo`, `cargo`) VALUES (\'Walter\', \'3113\', \'13314\', \'2020-01-01\', \'Activo\', \'Docente\', NULL)', 0)
 2 SYSTEMPATH\Database\BaseConnection.php(693): CodeIgniter\Database\MySQLi\Connection->execute('INSERT INTO `docente` (`nombreCompleto`, `nip`, `escalafon`, `fechaIngreso`, `estado`, `tipo`, `cargo`) VALUES (\'Walter\', \'3113\', \'13314\', \'2020-01-01\', \'Activo\', \'Docente\', NULL)')
 3 SYSTEMPATH\Database\BaseConnection.php(607): CodeIgniter\Database\BaseConnection->simpleQuery('INSERT INTO `docente` (`nombreCompleto`, `nip`, `escalafon`, `fechaIngreso`, `estado`, `tipo`, `cargo`) VALUES (\'Walter\', \'3113\', \'13314\', \'2020-01-01\', \'Activo\', \'Docente\', NULL)')
 4 SYSTEMPATH\Database\BaseBuilder.php(2307): CodeIgniter\Database\BaseConnection->query('INSERT INTO `docente` (`nombreCompleto`, `nip`, `escalafon`, `fechaIngreso`, `estado`, `tipo`, `cargo`) VALUES (:nombreCompleto:, :nip:, :escalafon:, :fechaIngreso:, :estado:, :tipo:, :cargo:)', [...], false)
 5 SYSTEMPATH\Model.php(327): CodeIgniter\Database\BaseBuilder->insert()
 6 SYSTEMPATH\BaseModel.php(805): CodeIgniter\Model->doInsert([...])
 7 SYSTEMPATH\Model.php(749): CodeIgniter\BaseModel->insert([...], true)
 8 APPPATH\Controllers\Maestros.php(225): CodeIgniter\Model->insert([...])
 9 SYSTEMPATH\CodeIgniter.php(943): App\Controllers\Maestros->store()
10 SYSTEMPATH\CodeIgniter.php(503): CodeIgniter\CodeIgniter->runController(Object(App\Controllers\Maestros))
11 SYSTEMPATH\CodeIgniter.php(361): CodeIgniter\CodeIgniter->handleRequest(null, Object(Config\Cache), false)
12 FCPATH\index.php(81): CodeIgniter\CodeIgniter->run()
CRITICAL - 2024-09-11 13:52:01 --> CodeIgniter\View\Exceptions\ViewException: Invalid file: "docentes/create.php"
in SYSTEMPATH\Exceptions\FrameworkException.php on line 39.
 1 SYSTEMPATH\View\View.php(216): CodeIgniter\Exceptions\FrameworkException::forInvalidFile('docentes/create.php')
 2 SYSTEMPATH\Common.php(1178): CodeIgniter\View\View->render('docentes/create', [], true)
 3 APPPATH\Controllers\Maestros.php(123): view('docentes/create', [...])
 4 SYSTEMPATH\CodeIgniter.php(943): App\Controllers\Maestros->create()
 5 SYSTEMPATH\CodeIgniter.php(503): CodeIgniter\CodeIgniter->runController(Object(App\Controllers\Maestros))
 6 SYSTEMPATH\CodeIgniter.php(361): CodeIgniter\CodeIgniter->handleRequest(null, Object(Config\Cache), false)
 7 FCPATH\index.php(81): CodeIgniter\CodeIgniter->run()
CRITICAL - 2024-09-11 13:53:58 --> CodeIgniter\View\Exceptions\ViewException: Invalid file: "docentes/create.php"
in SYSTEMPATH\Exceptions\FrameworkException.php on line 39.
 1 SYSTEMPATH\View\View.php(216): CodeIgniter\Exceptions\FrameworkException::forInvalidFile('docentes/create.php')
 2 SYSTEMPATH\Common.php(1178): CodeIgniter\View\View->render('docentes/create', [], true)
 3 APPPATH\Controllers\Maestros.php(123): view('docentes/create', [...])
 4 SYSTEMPATH\CodeIgniter.php(943): App\Controllers\Maestros->create()
 5 SYSTEMPATH\CodeIgniter.php(503): CodeIgniter\CodeIgniter->runController(Object(App\Controllers\Maestros))
 6 SYSTEMPATH\CodeIgniter.php(361): CodeIgniter\CodeIgniter->handleRequest(null, Object(Config\Cache), false)
 7 FCPATH\index.php(81): CodeIgniter\CodeIgniter->run()
CRITICAL - 2024-09-11 13:56:06 --> CodeIgniter\View\Exceptions\ViewException: Invalid file: "docentes/create.php"
in SYSTEMPATH\Exceptions\FrameworkException.php on line 39.
 1 SYSTEMPATH\View\View.php(216): CodeIgniter\Exceptions\FrameworkException::forInvalidFile('docentes/create.php')
 2 SYSTEMPATH\Common.php(1178): CodeIgniter\View\View->render('docentes/create', [], true)
 3 APPPATH\Controllers\Maestros.php(123): view('docentes/create', [...])
 4 SYSTEMPATH\CodeIgniter.php(943): App\Controllers\Maestros->create()
 5 SYSTEMPATH\CodeIgniter.php(503): CodeIgniter\CodeIgniter->runController(Object(App\Controllers\Maestros))
 6 SYSTEMPATH\CodeIgniter.php(361): CodeIgniter\CodeIgniter->handleRequest(null, Object(Config\Cache), false)
 7 FCPATH\index.php(81): CodeIgniter\CodeIgniter->run()
CRITICAL - 2024-09-11 13:56:19 --> CodeIgniter\View\Exceptions\ViewException: Invalid file: "docente/create.php"
in SYSTEMPATH\Exceptions\FrameworkException.php on line 39.
 1 SYSTEMPATH\View\View.php(216): CodeIgniter\Exceptions\FrameworkException::forInvalidFile('docente/create.php')
 2 SYSTEMPATH\Common.php(1178): CodeIgniter\View\View->render('docente/create', [], true)
 3 APPPATH\Controllers\Maestros.php(123): view('docente/create', [...])
 4 SYSTEMPATH\CodeIgniter.php(943): App\Controllers\Maestros->create()
 5 SYSTEMPATH\CodeIgniter.php(503): CodeIgniter\CodeIgniter->runController(Object(App\Controllers\Maestros))
 6 SYSTEMPATH\CodeIgniter.php(361): CodeIgniter\CodeIgniter->handleRequest(null, Object(Config\Cache), false)
 7 FCPATH\index.php(81): CodeIgniter\CodeIgniter->run()
INFO - 2024-09-11 13:56:57 --> Session: Class initialized using 'CodeIgniter\Session\Handlers\FileHandler' driver.
DEBUG - 2024-09-11 13:57:44 --> Método store() llamado
DEBUG - 2024-09-11 13:57:44 --> Datos del docente: {"nombreCompleto":"Walter","nip":"98765","escalafon":"876","fechaIngreso":"2020-01-01","estado":"Activo","tipo":"Docente","cargo":null}
ERROR - 2024-09-11 13:57:44 --> mysqli_sql_exception: Cannot add or update a child row: a foreign key constraint fails (`sistema_control`.`docente`, CONSTRAINT `fk_grado` FOREIGN KEY (`idGrado`) REFERENCES `grado` (`idGrado`)) in C:\laragon\www\prueba\SistemaControl\vendor\codeigniter4\framework\system\Database\MySQLi\Connection.php:306
Stack trace:
#0 C:\laragon\www\prueba\SistemaControl\vendor\codeigniter4\framework\system\Database\MySQLi\Connection.php(306): mysqli->query('INSERT INTO `do...', 0)
#1 C:\laragon\www\prueba\SistemaControl\vendor\codeigniter4\framework\system\Database\BaseConnection.php(693): CodeIgniter\Database\MySQLi\Connection->execute('INSERT INTO `do...')
#2 C:\laragon\www\prueba\SistemaControl\vendor\codeigniter4\framework\system\Database\BaseConnection.php(607): CodeIgniter\Database\BaseConnection->simpleQuery('INSERT INTO `do...')
#3 C:\laragon\www\prueba\SistemaControl\vendor\codeigniter4\framework\system\Database\BaseBuilder.php(2307): CodeIgniter\Database\BaseConnection->query('INSERT INTO `do...', Array, false)
#4 C:\laragon\www\prueba\SistemaControl\vendor\codeigniter4\framework\system\Model.php(327): CodeIgniter\Database\BaseBuilder->insert()
#5 C:\laragon\www\prueba\SistemaControl\vendor\codeigniter4\framework\system\BaseModel.php(805): CodeIgniter\Model->doInsert(Array)
#6 C:\laragon\www\prueba\SistemaControl\vendor\codeigniter4\framework\system\Model.php(749): CodeIgniter\BaseModel->insert(Array, true)
#7 C:\laragon\www\prueba\SistemaControl\app\Controllers\Maestros.php(227): CodeIgniter\Model->insert(Array)
#8 C:\laragon\www\prueba\SistemaControl\vendor\codeigniter4\framework\system\CodeIgniter.php(943): App\Controllers\Maestros->store()
#9 C:\laragon\www\prueba\SistemaControl\vendor\codeigniter4\framework\system\CodeIgniter.php(503): CodeIgniter\CodeIgniter->runController(Object(App\Controllers\Maestros))
#10 C:\laragon\www\prueba\SistemaControl\vendor\codeigniter4\framework\system\CodeIgniter.php(361): CodeIgniter\CodeIgniter->handleRequest(NULL, Object(Config\Cache), false)
#11 C:\laragon\www\prueba\SistemaControl\public\index.php(81): CodeIgniter\CodeIgniter->run()
#12 {main}
CRITICAL - 2024-09-11 13:57:44 --> CodeIgniter\Database\Exceptions\DatabaseException: Cannot add or update a child row: a foreign key constraint fails (`sistema_control`.`docente`, CONSTRAINT `fk_grado` FOREIGN KEY (`idGrado`) REFERENCES `grado` (`idGrado`))
in SYSTEMPATH\Database\BaseConnection.php on line 647.
 1 SYSTEMPATH\Database\BaseBuilder.php(2307): CodeIgniter\Database\BaseConnection->query('INSERT INTO `docente` (`nombreCompleto`, `nip`, `escalafon`, `fechaIngreso`, `estado`, `tipo`, `cargo`) VALUES (:nombreCompleto:, :nip:, :escalafon:, :fechaIngreso:, :estado:, :tipo:, :cargo:)', [...], false)
 2 SYSTEMPATH\Model.php(327): CodeIgniter\Database\BaseBuilder->insert()
 3 SYSTEMPATH\BaseModel.php(805): CodeIgniter\Model->doInsert([...])
 4 SYSTEMPATH\Model.php(749): CodeIgniter\BaseModel->insert([...], true)
 5 APPPATH\Controllers\Maestros.php(227): CodeIgniter\Model->insert([...])
 6 SYSTEMPATH\CodeIgniter.php(943): App\Controllers\Maestros->store()
 7 SYSTEMPATH\CodeIgniter.php(503): CodeIgniter\CodeIgniter->runController(Object(App\Controllers\Maestros))
 8 SYSTEMPATH\CodeIgniter.php(361): CodeIgniter\CodeIgniter->handleRequest(null, Object(Config\Cache), false)
 9 FCPATH\index.php(81): CodeIgniter\CodeIgniter->run()
CRITICAL - 2024-09-11 13:57:44 --> [Caused by] CodeIgniter\Database\Exceptions\DatabaseException: Cannot add or update a child row: a foreign key constraint fails (`sistema_control`.`docente`, CONSTRAINT `fk_grado` FOREIGN KEY (`idGrado`) REFERENCES `grado` (`idGrado`))
in SYSTEMPATH\Database\MySQLi\Connection.php on line 311.
 1 SYSTEMPATH\Database\BaseConnection.php(693): CodeIgniter\Database\MySQLi\Connection->execute('INSERT INTO `docente` (`nombreCompleto`, `nip`, `escalafon`, `fechaIngreso`, `estado`, `tipo`, `cargo`) VALUES (\'Walter\', \'98765\', \'876\', \'2020-01-01\', \'Activo\', \'Docente\', NULL)')
 2 SYSTEMPATH\Database\BaseConnection.php(607): CodeIgniter\Database\BaseConnection->simpleQuery('INSERT INTO `docente` (`nombreCompleto`, `nip`, `escalafon`, `fechaIngreso`, `estado`, `tipo`, `cargo`) VALUES (\'Walter\', \'98765\', \'876\', \'2020-01-01\', \'Activo\', \'Docente\', NULL)')
 3 SYSTEMPATH\Database\BaseBuilder.php(2307): CodeIgniter\Database\BaseConnection->query('INSERT INTO `docente` (`nombreCompleto`, `nip`, `escalafon`, `fechaIngreso`, `estado`, `tipo`, `cargo`) VALUES (:nombreCompleto:, :nip:, :escalafon:, :fechaIngreso:, :estado:, :tipo:, :cargo:)', [...], false)
 4 SYSTEMPATH\Model.php(327): CodeIgniter\Database\BaseBuilder->insert()
 5 SYSTEMPATH\BaseModel.php(805): CodeIgniter\Model->doInsert([...])
 6 SYSTEMPATH\Model.php(749): CodeIgniter\BaseModel->insert([...], true)
 7 APPPATH\Controllers\Maestros.php(227): CodeIgniter\Model->insert([...])
 8 SYSTEMPATH\CodeIgniter.php(943): App\Controllers\Maestros->store()
 9 SYSTEMPATH\CodeIgniter.php(503): CodeIgniter\CodeIgniter->runController(Object(App\Controllers\Maestros))
10 SYSTEMPATH\CodeIgniter.php(361): CodeIgniter\CodeIgniter->handleRequest(null, Object(Config\Cache), false)
11 FCPATH\index.php(81): CodeIgniter\CodeIgniter->run()
CRITICAL - 2024-09-11 13:57:44 --> [Caused by] mysqli_sql_exception: Cannot add or update a child row: a foreign key constraint fails (`sistema_control`.`docente`, CONSTRAINT `fk_grado` FOREIGN KEY (`idGrado`) REFERENCES `grado` (`idGrado`))
in SYSTEMPATH\Database\MySQLi\Connection.php on line 306.
 1 SYSTEMPATH\Database\MySQLi\Connection.php(306): mysqli->query('INSERT INTO `docente` (`nombreCompleto`, `nip`, `escalafon`, `fechaIngreso`, `estado`, `tipo`, `cargo`) VALUES (\'Walter\', \'98765\', \'876\', \'2020-01-01\', \'Activo\', \'Docente\', NULL)', 0)
 2 SYSTEMPATH\Database\BaseConnection.php(693): CodeIgniter\Database\MySQLi\Connection->execute('INSERT INTO `docente` (`nombreCompleto`, `nip`, `escalafon`, `fechaIngreso`, `estado`, `tipo`, `cargo`) VALUES (\'Walter\', \'98765\', \'876\', \'2020-01-01\', \'Activo\', \'Docente\', NULL)')
 3 SYSTEMPATH\Database\BaseConnection.php(607): CodeIgniter\Database\BaseConnection->simpleQuery('INSERT INTO `docente` (`nombreCompleto`, `nip`, `escalafon`, `fechaIngreso`, `estado`, `tipo`, `cargo`) VALUES (\'Walter\', \'98765\', \'876\', \'2020-01-01\', \'Activo\', \'Docente\', NULL)')
 4 SYSTEMPATH\Database\BaseBuilder.php(2307): CodeIgniter\Database\BaseConnection->query('INSERT INTO `docente` (`nombreCompleto`, `nip`, `escalafon`, `fechaIngreso`, `estado`, `tipo`, `cargo`) VALUES (:nombreCompleto:, :nip:, :escalafon:, :fechaIngreso:, :estado:, :tipo:, :cargo:)', [...], false)
 5 SYSTEMPATH\Model.php(327): CodeIgniter\Database\BaseBuilder->insert()
 6 SYSTEMPATH\BaseModel.php(805): CodeIgniter\Model->doInsert([...])
 7 SYSTEMPATH\Model.php(749): CodeIgniter\BaseModel->insert([...], true)
 8 APPPATH\Controllers\Maestros.php(227): CodeIgniter\Model->insert([...])
 9 SYSTEMPATH\CodeIgniter.php(943): App\Controllers\Maestros->store()
10 SYSTEMPATH\CodeIgniter.php(503): CodeIgniter\CodeIgniter->runController(Object(App\Controllers\Maestros))
11 SYSTEMPATH\CodeIgniter.php(361): CodeIgniter\CodeIgniter->handleRequest(null, Object(Config\Cache), false)
12 FCPATH\index.php(81): CodeIgniter\CodeIgniter->run()
CRITICAL - 2024-09-11 14:00:36 --> CodeIgniter\View\Exceptions\ViewException: Invalid file: "docente/create.php"
in SYSTEMPATH\Exceptions\FrameworkException.php on line 39.
 1 SYSTEMPATH\View\View.php(216): CodeIgniter\Exceptions\FrameworkException::forInvalidFile('docente/create.php')
 2 SYSTEMPATH\Common.php(1178): CodeIgniter\View\View->render('docente/create', [], true)
 3 APPPATH\Controllers\Maestros.php(124): view('docente/create', [...])
 4 SYSTEMPATH\CodeIgniter.php(943): App\Controllers\Maestros->create()
 5 SYSTEMPATH\CodeIgniter.php(503): CodeIgniter\CodeIgniter->runController(Object(App\Controllers\Maestros))
 6 SYSTEMPATH\CodeIgniter.php(361): CodeIgniter\CodeIgniter->handleRequest(null, Object(Config\Cache), false)
 7 FCPATH\index.php(81): CodeIgniter\CodeIgniter->run()
INFO - 2024-09-11 14:03:30 --> Session: Class initialized using 'CodeIgniter\Session\Handlers\FileHandler' driver.
DEBUG - 2024-09-11 14:03:55 --> Método store() llamado
DEBUG - 2024-09-11 14:03:55 --> Datos del docente: {"nombreCompleto":"Walter","nip":"2435","escalafon":"2552","fechaIngreso":"2020-01-01","estado":"Activo","tipo":"Docente","cargo":null}
ERROR - 2024-09-11 14:03:55 --> mysqli_sql_exception: Cannot add or update a child row: a foreign key constraint fails (`sistema_control`.`docente`, CONSTRAINT `fk_grado` FOREIGN KEY (`idGrado`) REFERENCES `grado` (`idGrado`)) in C:\laragon\www\prueba\SistemaControl\vendor\codeigniter4\framework\system\Database\MySQLi\Connection.php:306
Stack trace:
#0 C:\laragon\www\prueba\SistemaControl\vendor\codeigniter4\framework\system\Database\MySQLi\Connection.php(306): mysqli->query('INSERT INTO `do...', 0)
#1 C:\laragon\www\prueba\SistemaControl\vendor\codeigniter4\framework\system\Database\BaseConnection.php(693): CodeIgniter\Database\MySQLi\Connection->execute('INSERT INTO `do...')
#2 C:\laragon\www\prueba\SistemaControl\vendor\codeigniter4\framework\system\Database\BaseConnection.php(607): CodeIgniter\Database\BaseConnection->simpleQuery('INSERT INTO `do...')
#3 C:\laragon\www\prueba\SistemaControl\vendor\codeigniter4\framework\system\Database\BaseBuilder.php(2307): CodeIgniter\Database\BaseConnection->query('INSERT INTO `do...', Array, false)
#4 C:\laragon\www\prueba\SistemaControl\vendor\codeigniter4\framework\system\Model.php(327): CodeIgniter\Database\BaseBuilder->insert()
#5 C:\laragon\www\prueba\SistemaControl\vendor\codeigniter4\framework\system\BaseModel.php(805): CodeIgniter\Model->doInsert(Array)
#6 C:\laragon\www\prueba\SistemaControl\vendor\codeigniter4\framework\system\Model.php(749): CodeIgniter\BaseModel->insert(Array, true)
#7 C:\laragon\www\prueba\SistemaControl\app\Controllers\Maestros.php(229): CodeIgniter\Model->insert(Array)
#8 C:\laragon\www\prueba\SistemaControl\vendor\codeigniter4\framework\system\CodeIgniter.php(943): App\Controllers\Maestros->store()
#9 C:\laragon\www\prueba\SistemaControl\vendor\codeigniter4\framework\system\CodeIgniter.php(503): CodeIgniter\CodeIgniter->runController(Object(App\Controllers\Maestros))
#10 C:\laragon\www\prueba\SistemaControl\vendor\codeigniter4\framework\system\CodeIgniter.php(361): CodeIgniter\CodeIgniter->handleRequest(NULL, Object(Config\Cache), false)
#11 C:\laragon\www\prueba\SistemaControl\public\index.php(81): CodeIgniter\CodeIgniter->run()
#12 {main}
CRITICAL - 2024-09-11 14:03:55 --> CodeIgniter\Database\Exceptions\DatabaseException: Cannot add or update a child row: a foreign key constraint fails (`sistema_control`.`docente`, CONSTRAINT `fk_grado` FOREIGN KEY (`idGrado`) REFERENCES `grado` (`idGrado`))
in SYSTEMPATH\Database\BaseConnection.php on line 647.
 1 SYSTEMPATH\Database\BaseBuilder.php(2307): CodeIgniter\Database\BaseConnection->query('INSERT INTO `docente` (`nombreCompleto`, `nip`, `escalafon`, `fechaIngreso`, `estado`, `tipo`, `cargo`) VALUES (:nombreCompleto:, :nip:, :escalafon:, :fechaIngreso:, :estado:, :tipo:, :cargo:)', [...], false)
 2 SYSTEMPATH\Model.php(327): CodeIgniter\Database\BaseBuilder->insert()
 3 SYSTEMPATH\BaseModel.php(805): CodeIgniter\Model->doInsert([...])
 4 SYSTEMPATH\Model.php(749): CodeIgniter\BaseModel->insert([...], true)
 5 APPPATH\Controllers\Maestros.php(229): CodeIgniter\Model->insert([...])
 6 SYSTEMPATH\CodeIgniter.php(943): App\Controllers\Maestros->store()
 7 SYSTEMPATH\CodeIgniter.php(503): CodeIgniter\CodeIgniter->runController(Object(App\Controllers\Maestros))
 8 SYSTEMPATH\CodeIgniter.php(361): CodeIgniter\CodeIgniter->handleRequest(null, Object(Config\Cache), false)
 9 FCPATH\index.php(81): CodeIgniter\CodeIgniter->run()
CRITICAL - 2024-09-11 14:03:55 --> [Caused by] CodeIgniter\Database\Exceptions\DatabaseException: Cannot add or update a child row: a foreign key constraint fails (`sistema_control`.`docente`, CONSTRAINT `fk_grado` FOREIGN KEY (`idGrado`) REFERENCES `grado` (`idGrado`))
in SYSTEMPATH\Database\MySQLi\Connection.php on line 311.
 1 SYSTEMPATH\Database\BaseConnection.php(693): CodeIgniter\Database\MySQLi\Connection->execute('INSERT INTO `docente` (`nombreCompleto`, `nip`, `escalafon`, `fechaIngreso`, `estado`, `tipo`, `cargo`) VALUES (\'Walter\', \'2435\', \'2552\', \'2020-01-01\', \'Activo\', \'Docente\', NULL)')
 2 SYSTEMPATH\Database\BaseConnection.php(607): CodeIgniter\Database\BaseConnection->simpleQuery('INSERT INTO `docente` (`nombreCompleto`, `nip`, `escalafon`, `fechaIngreso`, `estado`, `tipo`, `cargo`) VALUES (\'Walter\', \'2435\', \'2552\', \'2020-01-01\', \'Activo\', \'Docente\', NULL)')
 3 SYSTEMPATH\Database\BaseBuilder.php(2307): CodeIgniter\Database\BaseConnection->query('INSERT INTO `docente` (`nombreCompleto`, `nip`, `escalafon`, `fechaIngreso`, `estado`, `tipo`, `cargo`) VALUES (:nombreCompleto:, :nip:, :escalafon:, :fechaIngreso:, :estado:, :tipo:, :cargo:)', [...], false)
 4 SYSTEMPATH\Model.php(327): CodeIgniter\Database\BaseBuilder->insert()
 5 SYSTEMPATH\BaseModel.php(805): CodeIgniter\Model->doInsert([...])
 6 SYSTEMPATH\Model.php(749): CodeIgniter\BaseModel->insert([...], true)
 7 APPPATH\Controllers\Maestros.php(229): CodeIgniter\Model->insert([...])
 8 SYSTEMPATH\CodeIgniter.php(943): App\Controllers\Maestros->store()
 9 SYSTEMPATH\CodeIgniter.php(503): CodeIgniter\CodeIgniter->runController(Object(App\Controllers\Maestros))
10 SYSTEMPATH\CodeIgniter.php(361): CodeIgniter\CodeIgniter->handleRequest(null, Object(Config\Cache), false)
11 FCPATH\index.php(81): CodeIgniter\CodeIgniter->run()
CRITICAL - 2024-09-11 14:03:55 --> [Caused by] mysqli_sql_exception: Cannot add or update a child row: a foreign key constraint fails (`sistema_control`.`docente`, CONSTRAINT `fk_grado` FOREIGN KEY (`idGrado`) REFERENCES `grado` (`idGrado`))
in SYSTEMPATH\Database\MySQLi\Connection.php on line 306.
 1 SYSTEMPATH\Database\MySQLi\Connection.php(306): mysqli->query('INSERT INTO `docente` (`nombreCompleto`, `nip`, `escalafon`, `fechaIngreso`, `estado`, `tipo`, `cargo`) VALUES (\'Walter\', \'2435\', \'2552\', \'2020-01-01\', \'Activo\', \'Docente\', NULL)', 0)
 2 SYSTEMPATH\Database\BaseConnection.php(693): CodeIgniter\Database\MySQLi\Connection->execute('INSERT INTO `docente` (`nombreCompleto`, `nip`, `escalafon`, `fechaIngreso`, `estado`, `tipo`, `cargo`) VALUES (\'Walter\', \'2435\', \'2552\', \'2020-01-01\', \'Activo\', \'Docente\', NULL)')
 3 SYSTEMPATH\Database\BaseConnection.php(607): CodeIgniter\Database\BaseConnection->simpleQuery('INSERT INTO `docente` (`nombreCompleto`, `nip`, `escalafon`, `fechaIngreso`, `estado`, `tipo`, `cargo`) VALUES (\'Walter\', \'2435\', \'2552\', \'2020-01-01\', \'Activo\', \'Docente\', NULL)')
 4 SYSTEMPATH\Database\BaseBuilder.php(2307): CodeIgniter\Database\BaseConnection->query('INSERT INTO `docente` (`nombreCompleto`, `nip`, `escalafon`, `fechaIngreso`, `estado`, `tipo`, `cargo`) VALUES (:nombreCompleto:, :nip:, :escalafon:, :fechaIngreso:, :estado:, :tipo:, :cargo:)', [...], false)
 5 SYSTEMPATH\Model.php(327): CodeIgniter\Database\BaseBuilder->insert()
 6 SYSTEMPATH\BaseModel.php(805): CodeIgniter\Model->doInsert([...])
 7 SYSTEMPATH\Model.php(749): CodeIgniter\BaseModel->insert([...], true)
 8 APPPATH\Controllers\Maestros.php(229): CodeIgniter\Model->insert([...])
 9 SYSTEMPATH\CodeIgniter.php(943): App\Controllers\Maestros->store()
10 SYSTEMPATH\CodeIgniter.php(503): CodeIgniter\CodeIgniter->runController(Object(App\Controllers\Maestros))
11 SYSTEMPATH\CodeIgniter.php(361): CodeIgniter\CodeIgniter->handleRequest(null, Object(Config\Cache), false)
12 FCPATH\index.php(81): CodeIgniter\CodeIgniter->run()
INFO - 2024-09-11 14:09:25 --> Session: Class initialized using 'CodeIgniter\Session\Handlers\FileHandler' driver.
DEBUG - 2024-09-11 14:09:42 --> Método store() llamado
DEBUG - 2024-09-11 14:09:42 --> Datos del docente: {"nombreCompleto":"Maribel Urbina","nip":"3252","escalafon":"25532","fechaIngreso":"2020-01-09","estado":"Activo","tipo":"Docente","cargo":null}
ERROR - 2024-09-11 14:09:42 --> mysqli_sql_exception: Cannot add or update a child row: a foreign key constraint fails (`sistema_control`.`docente`, CONSTRAINT `fk_grado` FOREIGN KEY (`idGrado`) REFERENCES `grado` (`idGrado`)) in C:\laragon\www\prueba\SistemaControl\vendor\codeigniter4\framework\system\Database\MySQLi\Connection.php:306
Stack trace:
#0 C:\laragon\www\prueba\SistemaControl\vendor\codeigniter4\framework\system\Database\MySQLi\Connection.php(306): mysqli->query('INSERT INTO `do...', 0)
#1 C:\laragon\www\prueba\SistemaControl\vendor\codeigniter4\framework\system\Database\BaseConnection.php(693): CodeIgniter\Database\MySQLi\Connection->execute('INSERT INTO `do...')
#2 C:\laragon\www\prueba\SistemaControl\vendor\codeigniter4\framework\system\Database\BaseConnection.php(607): CodeIgniter\Database\BaseConnection->simpleQuery('INSERT INTO `do...')
#3 C:\laragon\www\prueba\SistemaControl\vendor\codeigniter4\framework\system\Database\BaseBuilder.php(2307): CodeIgniter\Database\BaseConnection->query('INSERT INTO `do...', Array, false)
#4 C:\laragon\www\prueba\SistemaControl\vendor\codeigniter4\framework\system\Model.php(327): CodeIgniter\Database\BaseBuilder->insert()
#5 C:\laragon\www\prueba\SistemaControl\vendor\codeigniter4\framework\system\BaseModel.php(805): CodeIgniter\Model->doInsert(Array)
#6 C:\laragon\www\prueba\SistemaControl\vendor\codeigniter4\framework\system\Model.php(749): CodeIgniter\BaseModel->insert(Array, true)
#7 C:\laragon\www\prueba\SistemaControl\app\Controllers\Maestros.php(225): CodeIgniter\Model->insert(Array)
#8 C:\laragon\www\prueba\SistemaControl\vendor\codeigniter4\framework\system\CodeIgniter.php(943): App\Controllers\Maestros->store()
#9 C:\laragon\www\prueba\SistemaControl\vendor\codeigniter4\framework\system\CodeIgniter.php(503): CodeIgniter\CodeIgniter->runController(Object(App\Controllers\Maestros))
#10 C:\laragon\www\prueba\SistemaControl\vendor\codeigniter4\framework\system\CodeIgniter.php(361): CodeIgniter\CodeIgniter->handleRequest(NULL, Object(Config\Cache), false)
#11 C:\laragon\www\prueba\SistemaControl\public\index.php(81): CodeIgniter\CodeIgniter->run()
#12 {main}
CRITICAL - 2024-09-11 14:09:42 --> CodeIgniter\Database\Exceptions\DatabaseException: Cannot add or update a child row: a foreign key constraint fails (`sistema_control`.`docente`, CONSTRAINT `fk_grado` FOREIGN KEY (`idGrado`) REFERENCES `grado` (`idGrado`))
in SYSTEMPATH\Database\BaseConnection.php on line 647.
 1 SYSTEMPATH\Database\BaseBuilder.php(2307): CodeIgniter\Database\BaseConnection->query('INSERT INTO `docente` (`nombreCompleto`, `nip`, `escalafon`, `fechaIngreso`, `estado`, `tipo`, `cargo`) VALUES (:nombreCompleto:, :nip:, :escalafon:, :fechaIngreso:, :estado:, :tipo:, :cargo:)', [...], false)
 2 SYSTEMPATH\Model.php(327): CodeIgniter\Database\BaseBuilder->insert()
 3 SYSTEMPATH\BaseModel.php(805): CodeIgniter\Model->doInsert([...])
 4 SYSTEMPATH\Model.php(749): CodeIgniter\BaseModel->insert([...], true)
 5 APPPATH\Controllers\Maestros.php(225): CodeIgniter\Model->insert([...])
 6 SYSTEMPATH\CodeIgniter.php(943): App\Controllers\Maestros->store()
 7 SYSTEMPATH\CodeIgniter.php(503): CodeIgniter\CodeIgniter->runController(Object(App\Controllers\Maestros))
 8 SYSTEMPATH\CodeIgniter.php(361): CodeIgniter\CodeIgniter->handleRequest(null, Object(Config\Cache), false)
 9 FCPATH\index.php(81): CodeIgniter\CodeIgniter->run()
CRITICAL - 2024-09-11 14:09:42 --> [Caused by] CodeIgniter\Database\Exceptions\DatabaseException: Cannot add or update a child row: a foreign key constraint fails (`sistema_control`.`docente`, CONSTRAINT `fk_grado` FOREIGN KEY (`idGrado`) REFERENCES `grado` (`idGrado`))
in SYSTEMPATH\Database\MySQLi\Connection.php on line 311.
 1 SYSTEMPATH\Database\BaseConnection.php(693): CodeIgniter\Database\MySQLi\Connection->execute('INSERT INTO `docente` (`nombreCompleto`, `nip`, `escalafon`, `fechaIngreso`, `estado`, `tipo`, `cargo`) VALUES (\'Maribel Urbina\', \'3252\', \'25532\', \'2020-01-09\', \'Activo\', \'Docente\', NULL)')
 2 SYSTEMPATH\Database\BaseConnection.php(607): CodeIgniter\Database\BaseConnection->simpleQuery('INSERT INTO `docente` (`nombreCompleto`, `nip`, `escalafon`, `fechaIngreso`, `estado`, `tipo`, `cargo`) VALUES (\'Maribel Urbina\', \'3252\', \'25532\', \'2020-01-09\', \'Activo\', \'Docente\', NULL)')
 3 SYSTEMPATH\Database\BaseBuilder.php(2307): CodeIgniter\Database\BaseConnection->query('INSERT INTO `docente` (`nombreCompleto`, `nip`, `escalafon`, `fechaIngreso`, `estado`, `tipo`, `cargo`) VALUES (:nombreCompleto:, :nip:, :escalafon:, :fechaIngreso:, :estado:, :tipo:, :cargo:)', [...], false)
 4 SYSTEMPATH\Model.php(327): CodeIgniter\Database\BaseBuilder->insert()
 5 SYSTEMPATH\BaseModel.php(805): CodeIgniter\Model->doInsert([...])
 6 SYSTEMPATH\Model.php(749): CodeIgniter\BaseModel->insert([...], true)
 7 APPPATH\Controllers\Maestros.php(225): CodeIgniter\Model->insert([...])
 8 SYSTEMPATH\CodeIgniter.php(943): App\Controllers\Maestros->store()
 9 SYSTEMPATH\CodeIgniter.php(503): CodeIgniter\CodeIgniter->runController(Object(App\Controllers\Maestros))
10 SYSTEMPATH\CodeIgniter.php(361): CodeIgniter\CodeIgniter->handleRequest(null, Object(Config\Cache), false)
11 FCPATH\index.php(81): CodeIgniter\CodeIgniter->run()
CRITICAL - 2024-09-11 14:09:42 --> [Caused by] mysqli_sql_exception: Cannot add or update a child row: a foreign key constraint fails (`sistema_control`.`docente`, CONSTRAINT `fk_grado` FOREIGN KEY (`idGrado`) REFERENCES `grado` (`idGrado`))
in SYSTEMPATH\Database\MySQLi\Connection.php on line 306.
 1 SYSTEMPATH\Database\MySQLi\Connection.php(306): mysqli->query('INSERT INTO `docente` (`nombreCompleto`, `nip`, `escalafon`, `fechaIngreso`, `estado`, `tipo`, `cargo`) VALUES (\'Maribel Urbina\', \'3252\', \'25532\', \'2020-01-09\', \'Activo\', \'Docente\', NULL)', 0)
 2 SYSTEMPATH\Database\BaseConnection.php(693): CodeIgniter\Database\MySQLi\Connection->execute('INSERT INTO `docente` (`nombreCompleto`, `nip`, `escalafon`, `fechaIngreso`, `estado`, `tipo`, `cargo`) VALUES (\'Maribel Urbina\', \'3252\', \'25532\', \'2020-01-09\', \'Activo\', \'Docente\', NULL)')
 3 SYSTEMPATH\Database\BaseConnection.php(607): CodeIgniter\Database\BaseConnection->simpleQuery('INSERT INTO `docente` (`nombreCompleto`, `nip`, `escalafon`, `fechaIngreso`, `estado`, `tipo`, `cargo`) VALUES (\'Maribel Urbina\', \'3252\', \'25532\', \'2020-01-09\', \'Activo\', \'Docente\', NULL)')
 4 SYSTEMPATH\Database\BaseBuilder.php(2307): CodeIgniter\Database\BaseConnection->query('INSERT INTO `docente` (`nombreCompleto`, `nip`, `escalafon`, `fechaIngreso`, `estado`, `tipo`, `cargo`) VALUES (:nombreCompleto:, :nip:, :escalafon:, :fechaIngreso:, :estado:, :tipo:, :cargo:)', [...], false)
 5 SYSTEMPATH\Model.php(327): CodeIgniter\Database\BaseBuilder->insert()
 6 SYSTEMPATH\BaseModel.php(805): CodeIgniter\Model->doInsert([...])
 7 SYSTEMPATH\Model.php(749): CodeIgniter\BaseModel->insert([...], true)
 8 APPPATH\Controllers\Maestros.php(225): CodeIgniter\Model->insert([...])
 9 SYSTEMPATH\CodeIgniter.php(943): App\Controllers\Maestros->store()
10 SYSTEMPATH\CodeIgniter.php(503): CodeIgniter\CodeIgniter->runController(Object(App\Controllers\Maestros))
11 SYSTEMPATH\CodeIgniter.php(361): CodeIgniter\CodeIgniter->handleRequest(null, Object(Config\Cache), false)
12 FCPATH\index.php(81): CodeIgniter\CodeIgniter->run()
DEBUG - 2024-09-11 14:10:06 --> Método store() llamado
DEBUG - 2024-09-11 14:10:06 --> Datos del docente: {"nombreCompleto":"Maribel Urbina","nip":"3252","escalafon":"25532","fechaIngreso":"2020-01-09","estado":"Activo","tipo":"Docente","cargo":null}
ERROR - 2024-09-11 14:10:06 --> mysqli_sql_exception: Cannot add or update a child row: a foreign key constraint fails (`sistema_control`.`docente`, CONSTRAINT `fk_grado` FOREIGN KEY (`idGrado`) REFERENCES `grado` (`idGrado`)) in C:\laragon\www\prueba\SistemaControl\vendor\codeigniter4\framework\system\Database\MySQLi\Connection.php:306
Stack trace:
#0 C:\laragon\www\prueba\SistemaControl\vendor\codeigniter4\framework\system\Database\MySQLi\Connection.php(306): mysqli->query('INSERT INTO `do...', 0)
#1 C:\laragon\www\prueba\SistemaControl\vendor\codeigniter4\framework\system\Database\BaseConnection.php(693): CodeIgniter\Database\MySQLi\Connection->execute('INSERT INTO `do...')
#2 C:\laragon\www\prueba\SistemaControl\vendor\codeigniter4\framework\system\Database\BaseConnection.php(607): CodeIgniter\Database\BaseConnection->simpleQuery('INSERT INTO `do...')
#3 C:\laragon\www\prueba\SistemaControl\vendor\codeigniter4\framework\system\Database\BaseBuilder.php(2307): CodeIgniter\Database\BaseConnection->query('INSERT INTO `do...', Array, false)
#4 C:\laragon\www\prueba\SistemaControl\vendor\codeigniter4\framework\system\Model.php(327): CodeIgniter\Database\BaseBuilder->insert()
#5 C:\laragon\www\prueba\SistemaControl\vendor\codeigniter4\framework\system\BaseModel.php(805): CodeIgniter\Model->doInsert(Array)
#6 C:\laragon\www\prueba\SistemaControl\vendor\codeigniter4\framework\system\Model.php(749): CodeIgniter\BaseModel->insert(Array, true)
#7 C:\laragon\www\prueba\SistemaControl\app\Controllers\Maestros.php(225): CodeIgniter\Model->insert(Array)
#8 C:\laragon\www\prueba\SistemaControl\vendor\codeigniter4\framework\system\CodeIgniter.php(943): App\Controllers\Maestros->store()
#9 C:\laragon\www\prueba\SistemaControl\vendor\codeigniter4\framework\system\CodeIgniter.php(503): CodeIgniter\CodeIgniter->runController(Object(App\Controllers\Maestros))
#10 C:\laragon\www\prueba\SistemaControl\vendor\codeigniter4\framework\system\CodeIgniter.php(361): CodeIgniter\CodeIgniter->handleRequest(NULL, Object(Config\Cache), false)
#11 C:\laragon\www\prueba\SistemaControl\public\index.php(81): CodeIgniter\CodeIgniter->run()
#12 {main}
CRITICAL - 2024-09-11 14:10:06 --> CodeIgniter\Database\Exceptions\DatabaseException: Cannot add or update a child row: a foreign key constraint fails (`sistema_control`.`docente`, CONSTRAINT `fk_grado` FOREIGN KEY (`idGrado`) REFERENCES `grado` (`idGrado`))
in SYSTEMPATH\Database\BaseConnection.php on line 647.
 1 SYSTEMPATH\Database\BaseBuilder.php(2307): CodeIgniter\Database\BaseConnection->query('INSERT INTO `docente` (`nombreCompleto`, `nip`, `escalafon`, `fechaIngreso`, `estado`, `tipo`, `cargo`) VALUES (:nombreCompleto:, :nip:, :escalafon:, :fechaIngreso:, :estado:, :tipo:, :cargo:)', [...], false)
 2 SYSTEMPATH\Model.php(327): CodeIgniter\Database\BaseBuilder->insert()
 3 SYSTEMPATH\BaseModel.php(805): CodeIgniter\Model->doInsert([...])
 4 SYSTEMPATH\Model.php(749): CodeIgniter\BaseModel->insert([...], true)
 5 APPPATH\Controllers\Maestros.php(225): CodeIgniter\Model->insert([...])
 6 SYSTEMPATH\CodeIgniter.php(943): App\Controllers\Maestros->store()
 7 SYSTEMPATH\CodeIgniter.php(503): CodeIgniter\CodeIgniter->runController(Object(App\Controllers\Maestros))
 8 SYSTEMPATH\CodeIgniter.php(361): CodeIgniter\CodeIgniter->handleRequest(null, Object(Config\Cache), false)
 9 FCPATH\index.php(81): CodeIgniter\CodeIgniter->run()
CRITICAL - 2024-09-11 14:10:06 --> [Caused by] CodeIgniter\Database\Exceptions\DatabaseException: Cannot add or update a child row: a foreign key constraint fails (`sistema_control`.`docente`, CONSTRAINT `fk_grado` FOREIGN KEY (`idGrado`) REFERENCES `grado` (`idGrado`))
in SYSTEMPATH\Database\MySQLi\Connection.php on line 311.
 1 SYSTEMPATH\Database\BaseConnection.php(693): CodeIgniter\Database\MySQLi\Connection->execute('INSERT INTO `docente` (`nombreCompleto`, `nip`, `escalafon`, `fechaIngreso`, `estado`, `tipo`, `cargo`) VALUES (\'Maribel Urbina\', \'3252\', \'25532\', \'2020-01-09\', \'Activo\', \'Docente\', NULL)')
 2 SYSTEMPATH\Database\BaseConnection.php(607): CodeIgniter\Database\BaseConnection->simpleQuery('INSERT INTO `docente` (`nombreCompleto`, `nip`, `escalafon`, `fechaIngreso`, `estado`, `tipo`, `cargo`) VALUES (\'Maribel Urbina\', \'3252\', \'25532\', \'2020-01-09\', \'Activo\', \'Docente\', NULL)')
 3 SYSTEMPATH\Database\BaseBuilder.php(2307): CodeIgniter\Database\BaseConnection->query('INSERT INTO `docente` (`nombreCompleto`, `nip`, `escalafon`, `fechaIngreso`, `estado`, `tipo`, `cargo`) VALUES (:nombreCompleto:, :nip:, :escalafon:, :fechaIngreso:, :estado:, :tipo:, :cargo:)', [...], false)
 4 SYSTEMPATH\Model.php(327): CodeIgniter\Database\BaseBuilder->insert()
 5 SYSTEMPATH\BaseModel.php(805): CodeIgniter\Model->doInsert([...])
 6 SYSTEMPATH\Model.php(749): CodeIgniter\BaseModel->insert([...], true)
 7 APPPATH\Controllers\Maestros.php(225): CodeIgniter\Model->insert([...])
 8 SYSTEMPATH\CodeIgniter.php(943): App\Controllers\Maestros->store()
 9 SYSTEMPATH\CodeIgniter.php(503): CodeIgniter\CodeIgniter->runController(Object(App\Controllers\Maestros))
10 SYSTEMPATH\CodeIgniter.php(361): CodeIgniter\CodeIgniter->handleRequest(null, Object(Config\Cache), false)
11 FCPATH\index.php(81): CodeIgniter\CodeIgniter->run()
CRITICAL - 2024-09-11 14:10:06 --> [Caused by] mysqli_sql_exception: Cannot add or update a child row: a foreign key constraint fails (`sistema_control`.`docente`, CONSTRAINT `fk_grado` FOREIGN KEY (`idGrado`) REFERENCES `grado` (`idGrado`))
in SYSTEMPATH\Database\MySQLi\Connection.php on line 306.
 1 SYSTEMPATH\Database\MySQLi\Connection.php(306): mysqli->query('INSERT INTO `docente` (`nombreCompleto`, `nip`, `escalafon`, `fechaIngreso`, `estado`, `tipo`, `cargo`) VALUES (\'Maribel Urbina\', \'3252\', \'25532\', \'2020-01-09\', \'Activo\', \'Docente\', NULL)', 0)
 2 SYSTEMPATH\Database\BaseConnection.php(693): CodeIgniter\Database\MySQLi\Connection->execute('INSERT INTO `docente` (`nombreCompleto`, `nip`, `escalafon`, `fechaIngreso`, `estado`, `tipo`, `cargo`) VALUES (\'Maribel Urbina\', \'3252\', \'25532\', \'2020-01-09\', \'Activo\', \'Docente\', NULL)')
 3 SYSTEMPATH\Database\BaseConnection.php(607): CodeIgniter\Database\BaseConnection->simpleQuery('INSERT INTO `docente` (`nombreCompleto`, `nip`, `escalafon`, `fechaIngreso`, `estado`, `tipo`, `cargo`) VALUES (\'Maribel Urbina\', \'3252\', \'25532\', \'2020-01-09\', \'Activo\', \'Docente\', NULL)')
 4 SYSTEMPATH\Database\BaseBuilder.php(2307): CodeIgniter\Database\BaseConnection->query('INSERT INTO `docente` (`nombreCompleto`, `nip`, `escalafon`, `fechaIngreso`, `estado`, `tipo`, `cargo`) VALUES (:nombreCompleto:, :nip:, :escalafon:, :fechaIngreso:, :estado:, :tipo:, :cargo:)', [...], false)
 5 SYSTEMPATH\Model.php(327): CodeIgniter\Database\BaseBuilder->insert()
 6 SYSTEMPATH\BaseModel.php(805): CodeIgniter\Model->doInsert([...])
 7 SYSTEMPATH\Model.php(749): CodeIgniter\BaseModel->insert([...], true)
 8 APPPATH\Controllers\Maestros.php(225): CodeIgniter\Model->insert([...])
 9 SYSTEMPATH\CodeIgniter.php(943): App\Controllers\Maestros->store()
10 SYSTEMPATH\CodeIgniter.php(503): CodeIgniter\CodeIgniter->runController(Object(App\Controllers\Maestros))
11 SYSTEMPATH\CodeIgniter.php(361): CodeIgniter\CodeIgniter->handleRequest(null, Object(Config\Cache), false)
12 FCPATH\index.php(81): CodeIgniter\CodeIgniter->run()
INFO - 2024-09-11 14:28:55 --> Session: Class initialized using 'CodeIgniter\Session\Handlers\FileHandler' driver.
DEBUG - 2024-09-11 14:29:09 --> Método store() llamado
DEBUG - 2024-09-11 14:29:09 --> Datos del docente: {"nombreCompleto":"Maribel Urbina","nip":"2343","escalafon":"23432","fechaIngreso":"2020-01-01","estado":"Activo","tipo":"Docente","cargo":null}
ERROR - 2024-09-11 14:29:09 --> mysqli_sql_exception: Cannot add or update a child row: a foreign key constraint fails (`sistema_control`.`docente`, CONSTRAINT `fk_grado` FOREIGN KEY (`idGrado`) REFERENCES `grado` (`idGrado`)) in C:\laragon\www\prueba\SistemaControl\vendor\codeigniter4\framework\system\Database\MySQLi\Connection.php:306
Stack trace:
#0 C:\laragon\www\prueba\SistemaControl\vendor\codeigniter4\framework\system\Database\MySQLi\Connection.php(306): mysqli->query('INSERT INTO `do...', 0)
#1 C:\laragon\www\prueba\SistemaControl\vendor\codeigniter4\framework\system\Database\BaseConnection.php(693): CodeIgniter\Database\MySQLi\Connection->execute('INSERT INTO `do...')
#2 C:\laragon\www\prueba\SistemaControl\vendor\codeigniter4\framework\system\Database\BaseConnection.php(607): CodeIgniter\Database\BaseConnection->simpleQuery('INSERT INTO `do...')
#3 C:\laragon\www\prueba\SistemaControl\vendor\codeigniter4\framework\system\Database\BaseBuilder.php(2307): CodeIgniter\Database\BaseConnection->query('INSERT INTO `do...', Array, false)
#4 C:\laragon\www\prueba\SistemaControl\vendor\codeigniter4\framework\system\Model.php(327): CodeIgniter\Database\BaseBuilder->insert()
#5 C:\laragon\www\prueba\SistemaControl\vendor\codeigniter4\framework\system\BaseModel.php(805): CodeIgniter\Model->doInsert(Array)
#6 C:\laragon\www\prueba\SistemaControl\vendor\codeigniter4\framework\system\Model.php(749): CodeIgniter\BaseModel->insert(Array, true)
#7 C:\laragon\www\prueba\SistemaControl\app\Controllers\Maestros.php(226): CodeIgniter\Model->insert(Array)
#8 C:\laragon\www\prueba\SistemaControl\vendor\codeigniter4\framework\system\CodeIgniter.php(943): App\Controllers\Maestros->store()
#9 C:\laragon\www\prueba\SistemaControl\vendor\codeigniter4\framework\system\CodeIgniter.php(503): CodeIgniter\CodeIgniter->runController(Object(App\Controllers\Maestros))
#10 C:\laragon\www\prueba\SistemaControl\vendor\codeigniter4\framework\system\CodeIgniter.php(361): CodeIgniter\CodeIgniter->handleRequest(NULL, Object(Config\Cache), false)
#11 C:\laragon\www\prueba\SistemaControl\public\index.php(81): CodeIgniter\CodeIgniter->run()
#12 {main}
CRITICAL - 2024-09-11 14:29:09 --> CodeIgniter\Database\Exceptions\DatabaseException: Cannot add or update a child row: a foreign key constraint fails (`sistema_control`.`docente`, CONSTRAINT `fk_grado` FOREIGN KEY (`idGrado`) REFERENCES `grado` (`idGrado`))
in SYSTEMPATH\Database\BaseConnection.php on line 647.
 1 SYSTEMPATH\Database\BaseBuilder.php(2307): CodeIgniter\Database\BaseConnection->query('INSERT INTO `docente` (`nombreCompleto`, `nip`, `escalafon`, `fechaIngreso`, `estado`, `tipo`, `cargo`) VALUES (:nombreCompleto:, :nip:, :escalafon:, :fechaIngreso:, :estado:, :tipo:, :cargo:)', [...], false)
 2 SYSTEMPATH\Model.php(327): CodeIgniter\Database\BaseBuilder->insert()
 3 SYSTEMPATH\BaseModel.php(805): CodeIgniter\Model->doInsert([...])
 4 SYSTEMPATH\Model.php(749): CodeIgniter\BaseModel->insert([...], true)
 5 APPPATH\Controllers\Maestros.php(226): CodeIgniter\Model->insert([...])
 6 SYSTEMPATH\CodeIgniter.php(943): App\Controllers\Maestros->store()
 7 SYSTEMPATH\CodeIgniter.php(503): CodeIgniter\CodeIgniter->runController(Object(App\Controllers\Maestros))
 8 SYSTEMPATH\CodeIgniter.php(361): CodeIgniter\CodeIgniter->handleRequest(null, Object(Config\Cache), false)
 9 FCPATH\index.php(81): CodeIgniter\CodeIgniter->run()
CRITICAL - 2024-09-11 14:29:09 --> [Caused by] CodeIgniter\Database\Exceptions\DatabaseException: Cannot add or update a child row: a foreign key constraint fails (`sistema_control`.`docente`, CONSTRAINT `fk_grado` FOREIGN KEY (`idGrado`) REFERENCES `grado` (`idGrado`))
in SYSTEMPATH\Database\MySQLi\Connection.php on line 311.
 1 SYSTEMPATH\Database\BaseConnection.php(693): CodeIgniter\Database\MySQLi\Connection->execute('INSERT INTO `docente` (`nombreCompleto`, `nip`, `escalafon`, `fechaIngreso`, `estado`, `tipo`, `cargo`) VALUES (\'Maribel Urbina\', \'2343\', \'23432\', \'2020-01-01\', \'Activo\', \'Docente\', NULL)')
 2 SYSTEMPATH\Database\BaseConnection.php(607): CodeIgniter\Database\BaseConnection->simpleQuery('INSERT INTO `docente` (`nombreCompleto`, `nip`, `escalafon`, `fechaIngreso`, `estado`, `tipo`, `cargo`) VALUES (\'Maribel Urbina\', \'2343\', \'23432\', \'2020-01-01\', \'Activo\', \'Docente\', NULL)')
 3 SYSTEMPATH\Database\BaseBuilder.php(2307): CodeIgniter\Database\BaseConnection->query('INSERT INTO `docente` (`nombreCompleto`, `nip`, `escalafon`, `fechaIngreso`, `estado`, `tipo`, `cargo`) VALUES (:nombreCompleto:, :nip:, :escalafon:, :fechaIngreso:, :estado:, :tipo:, :cargo:)', [...], false)
 4 SYSTEMPATH\Model.php(327): CodeIgniter\Database\BaseBuilder->insert()
 5 SYSTEMPATH\BaseModel.php(805): CodeIgniter\Model->doInsert([...])
 6 SYSTEMPATH\Model.php(749): CodeIgniter\BaseModel->insert([...], true)
 7 APPPATH\Controllers\Maestros.php(226): CodeIgniter\Model->insert([...])
 8 SYSTEMPATH\CodeIgniter.php(943): App\Controllers\Maestros->store()
 9 SYSTEMPATH\CodeIgniter.php(503): CodeIgniter\CodeIgniter->runController(Object(App\Controllers\Maestros))
10 SYSTEMPATH\CodeIgniter.php(361): CodeIgniter\CodeIgniter->handleRequest(null, Object(Config\Cache), false)
11 FCPATH\index.php(81): CodeIgniter\CodeIgniter->run()
CRITICAL - 2024-09-11 14:29:09 --> [Caused by] mysqli_sql_exception: Cannot add or update a child row: a foreign key constraint fails (`sistema_control`.`docente`, CONSTRAINT `fk_grado` FOREIGN KEY (`idGrado`) REFERENCES `grado` (`idGrado`))
in SYSTEMPATH\Database\MySQLi\Connection.php on line 306.
 1 SYSTEMPATH\Database\MySQLi\Connection.php(306): mysqli->query('INSERT INTO `docente` (`nombreCompleto`, `nip`, `escalafon`, `fechaIngreso`, `estado`, `tipo`, `cargo`) VALUES (\'Maribel Urbina\', \'2343\', \'23432\', \'2020-01-01\', \'Activo\', \'Docente\', NULL)', 0)
 2 SYSTEMPATH\Database\BaseConnection.php(693): CodeIgniter\Database\MySQLi\Connection->execute('INSERT INTO `docente` (`nombreCompleto`, `nip`, `escalafon`, `fechaIngreso`, `estado`, `tipo`, `cargo`) VALUES (\'Maribel Urbina\', \'2343\', \'23432\', \'2020-01-01\', \'Activo\', \'Docente\', NULL)')
 3 SYSTEMPATH\Database\BaseConnection.php(607): CodeIgniter\Database\BaseConnection->simpleQuery('INSERT INTO `docente` (`nombreCompleto`, `nip`, `escalafon`, `fechaIngreso`, `estado`, `tipo`, `cargo`) VALUES (\'Maribel Urbina\', \'2343\', \'23432\', \'2020-01-01\', \'Activo\', \'Docente\', NULL)')
 4 SYSTEMPATH\Database\BaseBuilder.php(2307): CodeIgniter\Database\BaseConnection->query('INSERT INTO `docente` (`nombreCompleto`, `nip`, `escalafon`, `fechaIngreso`, `estado`, `tipo`, `cargo`) VALUES (:nombreCompleto:, :nip:, :escalafon:, :fechaIngreso:, :estado:, :tipo:, :cargo:)', [...], false)
 5 SYSTEMPATH\Model.php(327): CodeIgniter\Database\BaseBuilder->insert()
 6 SYSTEMPATH\BaseModel.php(805): CodeIgniter\Model->doInsert([...])
 7 SYSTEMPATH\Model.php(749): CodeIgniter\BaseModel->insert([...], true)
 8 APPPATH\Controllers\Maestros.php(226): CodeIgniter\Model->insert([...])
 9 SYSTEMPATH\CodeIgniter.php(943): App\Controllers\Maestros->store()
10 SYSTEMPATH\CodeIgniter.php(503): CodeIgniter\CodeIgniter->runController(Object(App\Controllers\Maestros))
11 SYSTEMPATH\CodeIgniter.php(361): CodeIgniter\CodeIgniter->handleRequest(null, Object(Config\Cache), false)
12 FCPATH\index.php(81): CodeIgniter\CodeIgniter->run()
DEBUG - 2024-09-11 14:35:31 --> Método store() llamado
DEBUG - 2024-09-11 14:35:32 --> Datos del docente: {"nombreCompleto":"Maribel Urbina","nip":"2343","escalafon":"23432","fechaIngreso":"2020-01-01","estado":"Activo","tipo":"Docente","cargo":null,"idGrado":null}
ERROR - 2024-09-11 14:35:32 --> mysqli_sql_exception: Column 'idGrado' cannot be null in C:\laragon\www\prueba\SistemaControl\vendor\codeigniter4\framework\system\Database\MySQLi\Connection.php:306
Stack trace:
#0 C:\laragon\www\prueba\SistemaControl\vendor\codeigniter4\framework\system\Database\MySQLi\Connection.php(306): mysqli->query('INSERT INTO `do...', 0)
#1 C:\laragon\www\prueba\SistemaControl\vendor\codeigniter4\framework\system\Database\BaseConnection.php(693): CodeIgniter\Database\MySQLi\Connection->execute('INSERT INTO `do...')
#2 C:\laragon\www\prueba\SistemaControl\vendor\codeigniter4\framework\system\Database\BaseConnection.php(607): CodeIgniter\Database\BaseConnection->simpleQuery('INSERT INTO `do...')
#3 C:\laragon\www\prueba\SistemaControl\vendor\codeigniter4\framework\system\Database\BaseBuilder.php(2307): CodeIgniter\Database\BaseConnection->query('INSERT INTO `do...', Array, false)
#4 C:\laragon\www\prueba\SistemaControl\vendor\codeigniter4\framework\system\Model.php(327): CodeIgniter\Database\BaseBuilder->insert()
#5 C:\laragon\www\prueba\SistemaControl\vendor\codeigniter4\framework\system\BaseModel.php(805): CodeIgniter\Model->doInsert(Array)
#6 C:\laragon\www\prueba\SistemaControl\vendor\codeigniter4\framework\system\Model.php(749): CodeIgniter\BaseModel->insert(Array, true)
#7 C:\laragon\www\prueba\SistemaControl\app\Controllers\Maestros.php(228): CodeIgniter\Model->insert(Array)
#8 C:\laragon\www\prueba\SistemaControl\vendor\codeigniter4\framework\system\CodeIgniter.php(943): App\Controllers\Maestros->store()
#9 C:\laragon\www\prueba\SistemaControl\vendor\codeigniter4\framework\system\CodeIgniter.php(503): CodeIgniter\CodeIgniter->runController(Object(App\Controllers\Maestros))
#10 C:\laragon\www\prueba\SistemaControl\vendor\codeigniter4\framework\system\CodeIgniter.php(361): CodeIgniter\CodeIgniter->handleRequest(NULL, Object(Config\Cache), false)
#11 C:\laragon\www\prueba\SistemaControl\public\index.php(81): CodeIgniter\CodeIgniter->run()
#12 {main}
CRITICAL - 2024-09-11 14:35:32 --> CodeIgniter\Database\Exceptions\DatabaseException: Column 'idGrado' cannot be null
in SYSTEMPATH\Database\BaseConnection.php on line 647.
 1 SYSTEMPATH\Database\BaseBuilder.php(2307): CodeIgniter\Database\BaseConnection->query('INSERT INTO `docente` (`nombreCompleto`, `nip`, `escalafon`, `fechaIngreso`, `estado`, `tipo`, `cargo`, `idGrado`) VALUES (:nombreCompleto:, :nip:, :escalafon:, :fechaIngreso:, :estado:, :tipo:, :cargo:, :idGrado:)', [...], false)
 2 SYSTEMPATH\Model.php(327): CodeIgniter\Database\BaseBuilder->insert()
 3 SYSTEMPATH\BaseModel.php(805): CodeIgniter\Model->doInsert([...])
 4 SYSTEMPATH\Model.php(749): CodeIgniter\BaseModel->insert([...], true)
 5 APPPATH\Controllers\Maestros.php(228): CodeIgniter\Model->insert([...])
 6 SYSTEMPATH\CodeIgniter.php(943): App\Controllers\Maestros->store()
 7 SYSTEMPATH\CodeIgniter.php(503): CodeIgniter\CodeIgniter->runController(Object(App\Controllers\Maestros))
 8 SYSTEMPATH\CodeIgniter.php(361): CodeIgniter\CodeIgniter->handleRequest(null, Object(Config\Cache), false)
 9 FCPATH\index.php(81): CodeIgniter\CodeIgniter->run()
CRITICAL - 2024-09-11 14:35:32 --> [Caused by] CodeIgniter\Database\Exceptions\DatabaseException: Column 'idGrado' cannot be null
in SYSTEMPATH\Database\MySQLi\Connection.php on line 311.
 1 SYSTEMPATH\Database\BaseConnection.php(693): CodeIgniter\Database\MySQLi\Connection->execute('INSERT INTO `docente` (`nombreCompleto`, `nip`, `escalafon`, `fechaIngreso`, `estado`, `tipo`, `cargo`, `idGrado`) VALUES (\'Maribel Urbina\', \'2343\', \'23432\', \'2020-01-01\', \'Activo\', \'Docente\', NULL, NULL)')
 2 SYSTEMPATH\Database\BaseConnection.php(607): CodeIgniter\Database\BaseConnection->simpleQuery('INSERT INTO `docente` (`nombreCompleto`, `nip`, `escalafon`, `fechaIngreso`, `estado`, `tipo`, `cargo`, `idGrado`) VALUES (\'Maribel Urbina\', \'2343\', \'23432\', \'2020-01-01\', \'Activo\', \'Docente\', NULL, NULL)')
 3 SYSTEMPATH\Database\BaseBuilder.php(2307): CodeIgniter\Database\BaseConnection->query('INSERT INTO `docente` (`nombreCompleto`, `nip`, `escalafon`, `fechaIngreso`, `estado`, `tipo`, `cargo`, `idGrado`) VALUES (:nombreCompleto:, :nip:, :escalafon:, :fechaIngreso:, :estado:, :tipo:, :cargo:, :idGrado:)', [...], false)
 4 SYSTEMPATH\Model.php(327): CodeIgniter\Database\BaseBuilder->insert()
 5 SYSTEMPATH\BaseModel.php(805): CodeIgniter\Model->doInsert([...])
 6 SYSTEMPATH\Model.php(749): CodeIgniter\BaseModel->insert([...], true)
 7 APPPATH\Controllers\Maestros.php(228): CodeIgniter\Model->insert([...])
 8 SYSTEMPATH\CodeIgniter.php(943): App\Controllers\Maestros->store()
 9 SYSTEMPATH\CodeIgniter.php(503): CodeIgniter\CodeIgniter->runController(Object(App\Controllers\Maestros))
10 SYSTEMPATH\CodeIgniter.php(361): CodeIgniter\CodeIgniter->handleRequest(null, Object(Config\Cache), false)
11 FCPATH\index.php(81): CodeIgniter\CodeIgniter->run()
CRITICAL - 2024-09-11 14:35:32 --> [Caused by] mysqli_sql_exception: Column 'idGrado' cannot be null
in SYSTEMPATH\Database\MySQLi\Connection.php on line 306.
 1 SYSTEMPATH\Database\MySQLi\Connection.php(306): mysqli->query('INSERT INTO `docente` (`nombreCompleto`, `nip`, `escalafon`, `fechaIngreso`, `estado`, `tipo`, `cargo`, `idGrado`) VALUES (\'Maribel Urbina\', \'2343\', \'23432\', \'2020-01-01\', \'Activo\', \'Docente\', NULL, NULL)', 0)
 2 SYSTEMPATH\Database\BaseConnection.php(693): CodeIgniter\Database\MySQLi\Connection->execute('INSERT INTO `docente` (`nombreCompleto`, `nip`, `escalafon`, `fechaIngreso`, `estado`, `tipo`, `cargo`, `idGrado`) VALUES (\'Maribel Urbina\', \'2343\', \'23432\', \'2020-01-01\', \'Activo\', \'Docente\', NULL, NULL)')
 3 SYSTEMPATH\Database\BaseConnection.php(607): CodeIgniter\Database\BaseConnection->simpleQuery('INSERT INTO `docente` (`nombreCompleto`, `nip`, `escalafon`, `fechaIngreso`, `estado`, `tipo`, `cargo`, `idGrado`) VALUES (\'Maribel Urbina\', \'2343\', \'23432\', \'2020-01-01\', \'Activo\', \'Docente\', NULL, NULL)')
 4 SYSTEMPATH\Database\BaseBuilder.php(2307): CodeIgniter\Database\BaseConnection->query('INSERT INTO `docente` (`nombreCompleto`, `nip`, `escalafon`, `fechaIngreso`, `estado`, `tipo`, `cargo`, `idGrado`) VALUES (:nombreCompleto:, :nip:, :escalafon:, :fechaIngreso:, :estado:, :tipo:, :cargo:, :idGrado:)', [...], false)
 5 SYSTEMPATH\Model.php(327): CodeIgniter\Database\BaseBuilder->insert()
 6 SYSTEMPATH\BaseModel.php(805): CodeIgniter\Model->doInsert([...])
 7 SYSTEMPATH\Model.php(749): CodeIgniter\BaseModel->insert([...], true)
 8 APPPATH\Controllers\Maestros.php(228): CodeIgniter\Model->insert([...])
 9 SYSTEMPATH\CodeIgniter.php(943): App\Controllers\Maestros->store()
10 SYSTEMPATH\CodeIgniter.php(503): CodeIgniter\CodeIgniter->runController(Object(App\Controllers\Maestros))
11 SYSTEMPATH\CodeIgniter.php(361): CodeIgniter\CodeIgniter->handleRequest(null, Object(Config\Cache), false)
12 FCPATH\index.php(81): CodeIgniter\CodeIgniter->run()
INFO - 2024-09-11 14:35:35 --> Session: Class initialized using 'CodeIgniter\Session\Handlers\FileHandler' driver.
DEBUG - 2024-09-11 14:35:50 --> Método store() llamado
DEBUG - 2024-09-11 14:35:50 --> Datos del docente: {"nombreCompleto":"Maribel Urbina","nip":"14232","escalafon":"2352","fechaIngreso":"2020-01-01","estado":"Activo","tipo":"Docente","cargo":null,"idGrado":null}
ERROR - 2024-09-11 14:35:50 --> mysqli_sql_exception: Column 'idGrado' cannot be null in C:\laragon\www\prueba\SistemaControl\vendor\codeigniter4\framework\system\Database\MySQLi\Connection.php:306
Stack trace:
#0 C:\laragon\www\prueba\SistemaControl\vendor\codeigniter4\framework\system\Database\MySQLi\Connection.php(306): mysqli->query('INSERT INTO `do...', 0)
#1 C:\laragon\www\prueba\SistemaControl\vendor\codeigniter4\framework\system\Database\BaseConnection.php(693): CodeIgniter\Database\MySQLi\Connection->execute('INSERT INTO `do...')
#2 C:\laragon\www\prueba\SistemaControl\vendor\codeigniter4\framework\system\Database\BaseConnection.php(607): CodeIgniter\Database\BaseConnection->simpleQuery('INSERT INTO `do...')
#3 C:\laragon\www\prueba\SistemaControl\vendor\codeigniter4\framework\system\Database\BaseBuilder.php(2307): CodeIgniter\Database\BaseConnection->query('INSERT INTO `do...', Array, false)
#4 C:\laragon\www\prueba\SistemaControl\vendor\codeigniter4\framework\system\Model.php(327): CodeIgniter\Database\BaseBuilder->insert()
#5 C:\laragon\www\prueba\SistemaControl\vendor\codeigniter4\framework\system\BaseModel.php(805): CodeIgniter\Model->doInsert(Array)
#6 C:\laragon\www\prueba\SistemaControl\vendor\codeigniter4\framework\system\Model.php(749): CodeIgniter\BaseModel->insert(Array, true)
#7 C:\laragon\www\prueba\SistemaControl\app\Controllers\Maestros.php(228): CodeIgniter\Model->insert(Array)
#8 C:\laragon\www\prueba\SistemaControl\vendor\codeigniter4\framework\system\CodeIgniter.php(943): App\Controllers\Maestros->store()
#9 C:\laragon\www\prueba\SistemaControl\vendor\codeigniter4\framework\system\CodeIgniter.php(503): CodeIgniter\CodeIgniter->runController(Object(App\Controllers\Maestros))
#10 C:\laragon\www\prueba\SistemaControl\vendor\codeigniter4\framework\system\CodeIgniter.php(361): CodeIgniter\CodeIgniter->handleRequest(NULL, Object(Config\Cache), false)
#11 C:\laragon\www\prueba\SistemaControl\public\index.php(81): CodeIgniter\CodeIgniter->run()
#12 {main}
CRITICAL - 2024-09-11 14:35:50 --> CodeIgniter\Database\Exceptions\DatabaseException: Column 'idGrado' cannot be null
in SYSTEMPATH\Database\BaseConnection.php on line 647.
 1 SYSTEMPATH\Database\BaseBuilder.php(2307): CodeIgniter\Database\BaseConnection->query('INSERT INTO `docente` (`nombreCompleto`, `nip`, `escalafon`, `fechaIngreso`, `estado`, `tipo`, `cargo`, `idGrado`) VALUES (:nombreCompleto:, :nip:, :escalafon:, :fechaIngreso:, :estado:, :tipo:, :cargo:, :idGrado:)', [...], false)
 2 SYSTEMPATH\Model.php(327): CodeIgniter\Database\BaseBuilder->insert()
 3 SYSTEMPATH\BaseModel.php(805): CodeIgniter\Model->doInsert([...])
 4 SYSTEMPATH\Model.php(749): CodeIgniter\BaseModel->insert([...], true)
 5 APPPATH\Controllers\Maestros.php(228): CodeIgniter\Model->insert([...])
 6 SYSTEMPATH\CodeIgniter.php(943): App\Controllers\Maestros->store()
 7 SYSTEMPATH\CodeIgniter.php(503): CodeIgniter\CodeIgniter->runController(Object(App\Controllers\Maestros))
 8 SYSTEMPATH\CodeIgniter.php(361): CodeIgniter\CodeIgniter->handleRequest(null, Object(Config\Cache), false)
 9 FCPATH\index.php(81): CodeIgniter\CodeIgniter->run()
CRITICAL - 2024-09-11 14:35:50 --> [Caused by] CodeIgniter\Database\Exceptions\DatabaseException: Column 'idGrado' cannot be null
in SYSTEMPATH\Database\MySQLi\Connection.php on line 311.
 1 SYSTEMPATH\Database\BaseConnection.php(693): CodeIgniter\Database\MySQLi\Connection->execute('INSERT INTO `docente` (`nombreCompleto`, `nip`, `escalafon`, `fechaIngreso`, `estado`, `tipo`, `cargo`, `idGrado`) VALUES (\'Maribel Urbina\', \'14232\', \'2352\', \'2020-01-01\', \'Activo\', \'Docente\', NULL, NULL)')
 2 SYSTEMPATH\Database\BaseConnection.php(607): CodeIgniter\Database\BaseConnection->simpleQuery('INSERT INTO `docente` (`nombreCompleto`, `nip`, `escalafon`, `fechaIngreso`, `estado`, `tipo`, `cargo`, `idGrado`) VALUES (\'Maribel Urbina\', \'14232\', \'2352\', \'2020-01-01\', \'Activo\', \'Docente\', NULL, NULL)')
 3 SYSTEMPATH\Database\BaseBuilder.php(2307): CodeIgniter\Database\BaseConnection->query('INSERT INTO `docente` (`nombreCompleto`, `nip`, `escalafon`, `fechaIngreso`, `estado`, `tipo`, `cargo`, `idGrado`) VALUES (:nombreCompleto:, :nip:, :escalafon:, :fechaIngreso:, :estado:, :tipo:, :cargo:, :idGrado:)', [...], false)
 4 SYSTEMPATH\Model.php(327): CodeIgniter\Database\BaseBuilder->insert()
 5 SYSTEMPATH\BaseModel.php(805): CodeIgniter\Model->doInsert([...])
 6 SYSTEMPATH\Model.php(749): CodeIgniter\BaseModel->insert([...], true)
 7 APPPATH\Controllers\Maestros.php(228): CodeIgniter\Model->insert([...])
 8 SYSTEMPATH\CodeIgniter.php(943): App\Controllers\Maestros->store()
 9 SYSTEMPATH\CodeIgniter.php(503): CodeIgniter\CodeIgniter->runController(Object(App\Controllers\Maestros))
10 SYSTEMPATH\CodeIgniter.php(361): CodeIgniter\CodeIgniter->handleRequest(null, Object(Config\Cache), false)
11 FCPATH\index.php(81): CodeIgniter\CodeIgniter->run()
CRITICAL - 2024-09-11 14:35:50 --> [Caused by] mysqli_sql_exception: Column 'idGrado' cannot be null
in SYSTEMPATH\Database\MySQLi\Connection.php on line 306.
 1 SYSTEMPATH\Database\MySQLi\Connection.php(306): mysqli->query('INSERT INTO `docente` (`nombreCompleto`, `nip`, `escalafon`, `fechaIngreso`, `estado`, `tipo`, `cargo`, `idGrado`) VALUES (\'Maribel Urbina\', \'14232\', \'2352\', \'2020-01-01\', \'Activo\', \'Docente\', NULL, NULL)', 0)
 2 SYSTEMPATH\Database\BaseConnection.php(693): CodeIgniter\Database\MySQLi\Connection->execute('INSERT INTO `docente` (`nombreCompleto`, `nip`, `escalafon`, `fechaIngreso`, `estado`, `tipo`, `cargo`, `idGrado`) VALUES (\'Maribel Urbina\', \'14232\', \'2352\', \'2020-01-01\', \'Activo\', \'Docente\', NULL, NULL)')
 3 SYSTEMPATH\Database\BaseConnection.php(607): CodeIgniter\Database\BaseConnection->simpleQuery('INSERT INTO `docente` (`nombreCompleto`, `nip`, `escalafon`, `fechaIngreso`, `estado`, `tipo`, `cargo`, `idGrado`) VALUES (\'Maribel Urbina\', \'14232\', \'2352\', \'2020-01-01\', \'Activo\', \'Docente\', NULL, NULL)')
 4 SYSTEMPATH\Database\BaseBuilder.php(2307): CodeIgniter\Database\BaseConnection->query('INSERT INTO `docente` (`nombreCompleto`, `nip`, `escalafon`, `fechaIngreso`, `estado`, `tipo`, `cargo`, `idGrado`) VALUES (:nombreCompleto:, :nip:, :escalafon:, :fechaIngreso:, :estado:, :tipo:, :cargo:, :idGrado:)', [...], false)
 5 SYSTEMPATH\Model.php(327): CodeIgniter\Database\BaseBuilder->insert()
 6 SYSTEMPATH\BaseModel.php(805): CodeIgniter\Model->doInsert([...])
 7 SYSTEMPATH\Model.php(749): CodeIgniter\BaseModel->insert([...], true)
 8 APPPATH\Controllers\Maestros.php(228): CodeIgniter\Model->insert([...])
 9 SYSTEMPATH\CodeIgniter.php(943): App\Controllers\Maestros->store()
10 SYSTEMPATH\CodeIgniter.php(503): CodeIgniter\CodeIgniter->runController(Object(App\Controllers\Maestros))
11 SYSTEMPATH\CodeIgniter.php(361): CodeIgniter\CodeIgniter->handleRequest(null, Object(Config\Cache), false)
12 FCPATH\index.php(81): CodeIgniter\CodeIgniter->run()
DEBUG - 2024-09-11 14:40:21 --> Método store() llamado
DEBUG - 2024-09-11 14:40:21 --> Datos del docente: {"nombreCompleto":"Maribel Urbina","nip":"14232","escalafon":"2352","fechaIngreso":"2020-01-01","estado":"Activo","tipo":"Docente","cargo":null,"idGrado":null}
ERROR - 2024-09-11 14:40:21 --> mysqli_sql_exception: Column 'idGrado' cannot be null in C:\laragon\www\prueba\SistemaControl\vendor\codeigniter4\framework\system\Database\MySQLi\Connection.php:306
Stack trace:
#0 C:\laragon\www\prueba\SistemaControl\vendor\codeigniter4\framework\system\Database\MySQLi\Connection.php(306): mysqli->query('INSERT INTO `do...', 0)
#1 C:\laragon\www\prueba\SistemaControl\vendor\codeigniter4\framework\system\Database\BaseConnection.php(693): CodeIgniter\Database\MySQLi\Connection->execute('INSERT INTO `do...')
#2 C:\laragon\www\prueba\SistemaControl\vendor\codeigniter4\framework\system\Database\BaseConnection.php(607): CodeIgniter\Database\BaseConnection->simpleQuery('INSERT INTO `do...')
#3 C:\laragon\www\prueba\SistemaControl\vendor\codeigniter4\framework\system\Database\BaseBuilder.php(2307): CodeIgniter\Database\BaseConnection->query('INSERT INTO `do...', Array, false)
#4 C:\laragon\www\prueba\SistemaControl\vendor\codeigniter4\framework\system\Model.php(327): CodeIgniter\Database\BaseBuilder->insert()
#5 C:\laragon\www\prueba\SistemaControl\vendor\codeigniter4\framework\system\BaseModel.php(805): CodeIgniter\Model->doInsert(Array)
#6 C:\laragon\www\prueba\SistemaControl\vendor\codeigniter4\framework\system\Model.php(749): CodeIgniter\BaseModel->insert(Array, true)
#7 C:\laragon\www\prueba\SistemaControl\app\Controllers\Maestros.php(228): CodeIgniter\Model->insert(Array)
#8 C:\laragon\www\prueba\SistemaControl\vendor\codeigniter4\framework\system\CodeIgniter.php(943): App\Controllers\Maestros->store()
#9 C:\laragon\www\prueba\SistemaControl\vendor\codeigniter4\framework\system\CodeIgniter.php(503): CodeIgniter\CodeIgniter->runController(Object(App\Controllers\Maestros))
#10 C:\laragon\www\prueba\SistemaControl\vendor\codeigniter4\framework\system\CodeIgniter.php(361): CodeIgniter\CodeIgniter->handleRequest(NULL, Object(Config\Cache), false)
#11 C:\laragon\www\prueba\SistemaControl\public\index.php(81): CodeIgniter\CodeIgniter->run()
#12 {main}
CRITICAL - 2024-09-11 14:40:21 --> CodeIgniter\Database\Exceptions\DatabaseException: Column 'idGrado' cannot be null
in SYSTEMPATH\Database\BaseConnection.php on line 647.
 1 SYSTEMPATH\Database\BaseBuilder.php(2307): CodeIgniter\Database\BaseConnection->query('INSERT INTO `docente` (`nombreCompleto`, `nip`, `escalafon`, `fechaIngreso`, `estado`, `tipo`, `cargo`, `idGrado`) VALUES (:nombreCompleto:, :nip:, :escalafon:, :fechaIngreso:, :estado:, :tipo:, :cargo:, :idGrado:)', [...], false)
 2 SYSTEMPATH\Model.php(327): CodeIgniter\Database\BaseBuilder->insert()
 3 SYSTEMPATH\BaseModel.php(805): CodeIgniter\Model->doInsert([...])
 4 SYSTEMPATH\Model.php(749): CodeIgniter\BaseModel->insert([...], true)
 5 APPPATH\Controllers\Maestros.php(228): CodeIgniter\Model->insert([...])
 6 SYSTEMPATH\CodeIgniter.php(943): App\Controllers\Maestros->store()
 7 SYSTEMPATH\CodeIgniter.php(503): CodeIgniter\CodeIgniter->runController(Object(App\Controllers\Maestros))
 8 SYSTEMPATH\CodeIgniter.php(361): CodeIgniter\CodeIgniter->handleRequest(null, Object(Config\Cache), false)
 9 FCPATH\index.php(81): CodeIgniter\CodeIgniter->run()
CRITICAL - 2024-09-11 14:40:21 --> [Caused by] CodeIgniter\Database\Exceptions\DatabaseException: Column 'idGrado' cannot be null
in SYSTEMPATH\Database\MySQLi\Connection.php on line 311.
 1 SYSTEMPATH\Database\BaseConnection.php(693): CodeIgniter\Database\MySQLi\Connection->execute('INSERT INTO `docente` (`nombreCompleto`, `nip`, `escalafon`, `fechaIngreso`, `estado`, `tipo`, `cargo`, `idGrado`) VALUES (\'Maribel Urbina\', \'14232\', \'2352\', \'2020-01-01\', \'Activo\', \'Docente\', NULL, NULL)')
 2 SYSTEMPATH\Database\BaseConnection.php(607): CodeIgniter\Database\BaseConnection->simpleQuery('INSERT INTO `docente` (`nombreCompleto`, `nip`, `escalafon`, `fechaIngreso`, `estado`, `tipo`, `cargo`, `idGrado`) VALUES (\'Maribel Urbina\', \'14232\', \'2352\', \'2020-01-01\', \'Activo\', \'Docente\', NULL, NULL)')
 3 SYSTEMPATH\Database\BaseBuilder.php(2307): CodeIgniter\Database\BaseConnection->query('INSERT INTO `docente` (`nombreCompleto`, `nip`, `escalafon`, `fechaIngreso`, `estado`, `tipo`, `cargo`, `idGrado`) VALUES (:nombreCompleto:, :nip:, :escalafon:, :fechaIngreso:, :estado:, :tipo:, :cargo:, :idGrado:)', [...], false)
 4 SYSTEMPATH\Model.php(327): CodeIgniter\Database\BaseBuilder->insert()
 5 SYSTEMPATH\BaseModel.php(805): CodeIgniter\Model->doInsert([...])
 6 SYSTEMPATH\Model.php(749): CodeIgniter\BaseModel->insert([...], true)
 7 APPPATH\Controllers\Maestros.php(228): CodeIgniter\Model->insert([...])
 8 SYSTEMPATH\CodeIgniter.php(943): App\Controllers\Maestros->store()
 9 SYSTEMPATH\CodeIgniter.php(503): CodeIgniter\CodeIgniter->runController(Object(App\Controllers\Maestros))
10 SYSTEMPATH\CodeIgniter.php(361): CodeIgniter\CodeIgniter->handleRequest(null, Object(Config\Cache), false)
11 FCPATH\index.php(81): CodeIgniter\CodeIgniter->run()
CRITICAL - 2024-09-11 14:40:21 --> [Caused by] mysqli_sql_exception: Column 'idGrado' cannot be null
in SYSTEMPATH\Database\MySQLi\Connection.php on line 306.
 1 SYSTEMPATH\Database\MySQLi\Connection.php(306): mysqli->query('INSERT INTO `docente` (`nombreCompleto`, `nip`, `escalafon`, `fechaIngreso`, `estado`, `tipo`, `cargo`, `idGrado`) VALUES (\'Maribel Urbina\', \'14232\', \'2352\', \'2020-01-01\', \'Activo\', \'Docente\', NULL, NULL)', 0)
 2 SYSTEMPATH\Database\BaseConnection.php(693): CodeIgniter\Database\MySQLi\Connection->execute('INSERT INTO `docente` (`nombreCompleto`, `nip`, `escalafon`, `fechaIngreso`, `estado`, `tipo`, `cargo`, `idGrado`) VALUES (\'Maribel Urbina\', \'14232\', \'2352\', \'2020-01-01\', \'Activo\', \'Docente\', NULL, NULL)')
 3 SYSTEMPATH\Database\BaseConnection.php(607): CodeIgniter\Database\BaseConnection->simpleQuery('INSERT INTO `docente` (`nombreCompleto`, `nip`, `escalafon`, `fechaIngreso`, `estado`, `tipo`, `cargo`, `idGrado`) VALUES (\'Maribel Urbina\', \'14232\', \'2352\', \'2020-01-01\', \'Activo\', \'Docente\', NULL, NULL)')
 4 SYSTEMPATH\Database\BaseBuilder.php(2307): CodeIgniter\Database\BaseConnection->query('INSERT INTO `docente` (`nombreCompleto`, `nip`, `escalafon`, `fechaIngreso`, `estado`, `tipo`, `cargo`, `idGrado`) VALUES (:nombreCompleto:, :nip:, :escalafon:, :fechaIngreso:, :estado:, :tipo:, :cargo:, :idGrado:)', [...], false)
 5 SYSTEMPATH\Model.php(327): CodeIgniter\Database\BaseBuilder->insert()
 6 SYSTEMPATH\BaseModel.php(805): CodeIgniter\Model->doInsert([...])
 7 SYSTEMPATH\Model.php(749): CodeIgniter\BaseModel->insert([...], true)
 8 APPPATH\Controllers\Maestros.php(228): CodeIgniter\Model->insert([...])
 9 SYSTEMPATH\CodeIgniter.php(943): App\Controllers\Maestros->store()
10 SYSTEMPATH\CodeIgniter.php(503): CodeIgniter\CodeIgniter->runController(Object(App\Controllers\Maestros))
11 SYSTEMPATH\CodeIgniter.php(361): CodeIgniter\CodeIgniter->handleRequest(null, Object(Config\Cache), false)
12 FCPATH\index.php(81): CodeIgniter\CodeIgniter->run()
DEBUG - 2024-09-11 14:47:07 --> Método store() llamado
DEBUG - 2024-09-11 14:47:07 --> Datos del docente: {"nombreCompleto":"Maribel Urbina","nip":"14232","escalafon":"2352","fechaIngreso":"2020-01-01","estado":"Activo","tipo":"Docente","cargo":null,"idGrado":null}
ERROR - 2024-09-11 14:47:07 --> mysqli_sql_exception: Column 'idGrado' cannot be null in C:\laragon\www\prueba\SistemaControl\vendor\codeigniter4\framework\system\Database\MySQLi\Connection.php:306
Stack trace:
#0 C:\laragon\www\prueba\SistemaControl\vendor\codeigniter4\framework\system\Database\MySQLi\Connection.php(306): mysqli->query('INSERT INTO `do...', 0)
#1 C:\laragon\www\prueba\SistemaControl\vendor\codeigniter4\framework\system\Database\BaseConnection.php(693): CodeIgniter\Database\MySQLi\Connection->execute('INSERT INTO `do...')
#2 C:\laragon\www\prueba\SistemaControl\vendor\codeigniter4\framework\system\Database\BaseConnection.php(607): CodeIgniter\Database\BaseConnection->simpleQuery('INSERT INTO `do...')
#3 C:\laragon\www\prueba\SistemaControl\vendor\codeigniter4\framework\system\Database\BaseBuilder.php(2307): CodeIgniter\Database\BaseConnection->query('INSERT INTO `do...', Array, false)
#4 C:\laragon\www\prueba\SistemaControl\vendor\codeigniter4\framework\system\Model.php(327): CodeIgniter\Database\BaseBuilder->insert()
#5 C:\laragon\www\prueba\SistemaControl\vendor\codeigniter4\framework\system\BaseModel.php(805): CodeIgniter\Model->doInsert(Array)
#6 C:\laragon\www\prueba\SistemaControl\vendor\codeigniter4\framework\system\Model.php(749): CodeIgniter\BaseModel->insert(Array, true)
#7 C:\laragon\www\prueba\SistemaControl\app\Controllers\Maestros.php(229): CodeIgniter\Model->insert(Array)
#8 C:\laragon\www\prueba\SistemaControl\vendor\codeigniter4\framework\system\CodeIgniter.php(943): App\Controllers\Maestros->store()
#9 C:\laragon\www\prueba\SistemaControl\vendor\codeigniter4\framework\system\CodeIgniter.php(503): CodeIgniter\CodeIgniter->runController(Object(App\Controllers\Maestros))
#10 C:\laragon\www\prueba\SistemaControl\vendor\codeigniter4\framework\system\CodeIgniter.php(361): CodeIgniter\CodeIgniter->handleRequest(NULL, Object(Config\Cache), false)
#11 C:\laragon\www\prueba\SistemaControl\public\index.php(81): CodeIgniter\CodeIgniter->run()
#12 {main}
CRITICAL - 2024-09-11 14:47:07 --> CodeIgniter\Database\Exceptions\DatabaseException: Column 'idGrado' cannot be null
in SYSTEMPATH\Database\BaseConnection.php on line 647.
 1 SYSTEMPATH\Database\BaseBuilder.php(2307): CodeIgniter\Database\BaseConnection->query('INSERT INTO `docente` (`nombreCompleto`, `nip`, `escalafon`, `fechaIngreso`, `estado`, `tipo`, `cargo`, `idGrado`) VALUES (:nombreCompleto:, :nip:, :escalafon:, :fechaIngreso:, :estado:, :tipo:, :cargo:, :idGrado:)', [...], false)
 2 SYSTEMPATH\Model.php(327): CodeIgniter\Database\BaseBuilder->insert()
 3 SYSTEMPATH\BaseModel.php(805): CodeIgniter\Model->doInsert([...])
 4 SYSTEMPATH\Model.php(749): CodeIgniter\BaseModel->insert([...], true)
 5 APPPATH\Controllers\Maestros.php(229): CodeIgniter\Model->insert([...])
 6 SYSTEMPATH\CodeIgniter.php(943): App\Controllers\Maestros->store()
 7 SYSTEMPATH\CodeIgniter.php(503): CodeIgniter\CodeIgniter->runController(Object(App\Controllers\Maestros))
 8 SYSTEMPATH\CodeIgniter.php(361): CodeIgniter\CodeIgniter->handleRequest(null, Object(Config\Cache), false)
 9 FCPATH\index.php(81): CodeIgniter\CodeIgniter->run()
CRITICAL - 2024-09-11 14:47:07 --> [Caused by] CodeIgniter\Database\Exceptions\DatabaseException: Column 'idGrado' cannot be null
in SYSTEMPATH\Database\MySQLi\Connection.php on line 311.
 1 SYSTEMPATH\Database\BaseConnection.php(693): CodeIgniter\Database\MySQLi\Connection->execute('INSERT INTO `docente` (`nombreCompleto`, `nip`, `escalafon`, `fechaIngreso`, `estado`, `tipo`, `cargo`, `idGrado`) VALUES (\'Maribel Urbina\', \'14232\', \'2352\', \'2020-01-01\', \'Activo\', \'Docente\', NULL, NULL)')
 2 SYSTEMPATH\Database\BaseConnection.php(607): CodeIgniter\Database\BaseConnection->simpleQuery('INSERT INTO `docente` (`nombreCompleto`, `nip`, `escalafon`, `fechaIngreso`, `estado`, `tipo`, `cargo`, `idGrado`) VALUES (\'Maribel Urbina\', \'14232\', \'2352\', \'2020-01-01\', \'Activo\', \'Docente\', NULL, NULL)')
 3 SYSTEMPATH\Database\BaseBuilder.php(2307): CodeIgniter\Database\BaseConnection->query('INSERT INTO `docente` (`nombreCompleto`, `nip`, `escalafon`, `fechaIngreso`, `estado`, `tipo`, `cargo`, `idGrado`) VALUES (:nombreCompleto:, :nip:, :escalafon:, :fechaIngreso:, :estado:, :tipo:, :cargo:, :idGrado:)', [...], false)
 4 SYSTEMPATH\Model.php(327): CodeIgniter\Database\BaseBuilder->insert()
 5 SYSTEMPATH\BaseModel.php(805): CodeIgniter\Model->doInsert([...])
 6 SYSTEMPATH\Model.php(749): CodeIgniter\BaseModel->insert([...], true)
 7 APPPATH\Controllers\Maestros.php(229): CodeIgniter\Model->insert([...])
 8 SYSTEMPATH\CodeIgniter.php(943): App\Controllers\Maestros->store()
 9 SYSTEMPATH\CodeIgniter.php(503): CodeIgniter\CodeIgniter->runController(Object(App\Controllers\Maestros))
10 SYSTEMPATH\CodeIgniter.php(361): CodeIgniter\CodeIgniter->handleRequest(null, Object(Config\Cache), false)
11 FCPATH\index.php(81): CodeIgniter\CodeIgniter->run()
CRITICAL - 2024-09-11 14:47:07 --> [Caused by] mysqli_sql_exception: Column 'idGrado' cannot be null
in SYSTEMPATH\Database\MySQLi\Connection.php on line 306.
 1 SYSTEMPATH\Database\MySQLi\Connection.php(306): mysqli->query('INSERT INTO `docente` (`nombreCompleto`, `nip`, `escalafon`, `fechaIngreso`, `estado`, `tipo`, `cargo`, `idGrado`) VALUES (\'Maribel Urbina\', \'14232\', \'2352\', \'2020-01-01\', \'Activo\', \'Docente\', NULL, NULL)', 0)
 2 SYSTEMPATH\Database\BaseConnection.php(693): CodeIgniter\Database\MySQLi\Connection->execute('INSERT INTO `docente` (`nombreCompleto`, `nip`, `escalafon`, `fechaIngreso`, `estado`, `tipo`, `cargo`, `idGrado`) VALUES (\'Maribel Urbina\', \'14232\', \'2352\', \'2020-01-01\', \'Activo\', \'Docente\', NULL, NULL)')
 3 SYSTEMPATH\Database\BaseConnection.php(607): CodeIgniter\Database\BaseConnection->simpleQuery('INSERT INTO `docente` (`nombreCompleto`, `nip`, `escalafon`, `fechaIngreso`, `estado`, `tipo`, `cargo`, `idGrado`) VALUES (\'Maribel Urbina\', \'14232\', \'2352\', \'2020-01-01\', \'Activo\', \'Docente\', NULL, NULL)')
 4 SYSTEMPATH\Database\BaseBuilder.php(2307): CodeIgniter\Database\BaseConnection->query('INSERT INTO `docente` (`nombreCompleto`, `nip`, `escalafon`, `fechaIngreso`, `estado`, `tipo`, `cargo`, `idGrado`) VALUES (:nombreCompleto:, :nip:, :escalafon:, :fechaIngreso:, :estado:, :tipo:, :cargo:, :idGrado:)', [...], false)
 5 SYSTEMPATH\Model.php(327): CodeIgniter\Database\BaseBuilder->insert()
 6 SYSTEMPATH\BaseModel.php(805): CodeIgniter\Model->doInsert([...])
 7 SYSTEMPATH\Model.php(749): CodeIgniter\BaseModel->insert([...], true)
 8 APPPATH\Controllers\Maestros.php(229): CodeIgniter\Model->insert([...])
 9 SYSTEMPATH\CodeIgniter.php(943): App\Controllers\Maestros->store()
10 SYSTEMPATH\CodeIgniter.php(503): CodeIgniter\CodeIgniter->runController(Object(App\Controllers\Maestros))
11 SYSTEMPATH\CodeIgniter.php(361): CodeIgniter\CodeIgniter->handleRequest(null, Object(Config\Cache), false)
12 FCPATH\index.php(81): CodeIgniter\CodeIgniter->run()
INFO - 2024-09-11 14:47:11 --> Session: Class initialized using 'CodeIgniter\Session\Handlers\FileHandler' driver.
DEBUG - 2024-09-11 14:47:24 --> Método store() llamado
DEBUG - 2024-09-11 14:47:24 --> Datos del docente: {"nombreCompleto":"Maribel Urbina","nip":"324","escalafon":"23423","fechaIngreso":"2020-01-01","estado":"Activo","tipo":"Docente","cargo":null,"idGrado":null}
ERROR - 2024-09-11 14:47:24 --> mysqli_sql_exception: Column 'idGrado' cannot be null in C:\laragon\www\prueba\SistemaControl\vendor\codeigniter4\framework\system\Database\MySQLi\Connection.php:306
Stack trace:
#0 C:\laragon\www\prueba\SistemaControl\vendor\codeigniter4\framework\system\Database\MySQLi\Connection.php(306): mysqli->query('INSERT INTO `do...', 0)
#1 C:\laragon\www\prueba\SistemaControl\vendor\codeigniter4\framework\system\Database\BaseConnection.php(693): CodeIgniter\Database\MySQLi\Connection->execute('INSERT INTO `do...')
#2 C:\laragon\www\prueba\SistemaControl\vendor\codeigniter4\framework\system\Database\BaseConnection.php(607): CodeIgniter\Database\BaseConnection->simpleQuery('INSERT INTO `do...')
#3 C:\laragon\www\prueba\SistemaControl\vendor\codeigniter4\framework\system\Database\BaseBuilder.php(2307): CodeIgniter\Database\BaseConnection->query('INSERT INTO `do...', Array, false)
#4 C:\laragon\www\prueba\SistemaControl\vendor\codeigniter4\framework\system\Model.php(327): CodeIgniter\Database\BaseBuilder->insert()
#5 C:\laragon\www\prueba\SistemaControl\vendor\codeigniter4\framework\system\BaseModel.php(805): CodeIgniter\Model->doInsert(Array)
#6 C:\laragon\www\prueba\SistemaControl\vendor\codeigniter4\framework\system\Model.php(749): CodeIgniter\BaseModel->insert(Array, true)
#7 C:\laragon\www\prueba\SistemaControl\app\Controllers\Maestros.php(229): CodeIgniter\Model->insert(Array)
#8 C:\laragon\www\prueba\SistemaControl\vendor\codeigniter4\framework\system\CodeIgniter.php(943): App\Controllers\Maestros->store()
#9 C:\laragon\www\prueba\SistemaControl\vendor\codeigniter4\framework\system\CodeIgniter.php(503): CodeIgniter\CodeIgniter->runController(Object(App\Controllers\Maestros))
#10 C:\laragon\www\prueba\SistemaControl\vendor\codeigniter4\framework\system\CodeIgniter.php(361): CodeIgniter\CodeIgniter->handleRequest(NULL, Object(Config\Cache), false)
#11 C:\laragon\www\prueba\SistemaControl\public\index.php(81): CodeIgniter\CodeIgniter->run()
#12 {main}
CRITICAL - 2024-09-11 14:47:24 --> CodeIgniter\Database\Exceptions\DatabaseException: Column 'idGrado' cannot be null
in SYSTEMPATH\Database\BaseConnection.php on line 647.
 1 SYSTEMPATH\Database\BaseBuilder.php(2307): CodeIgniter\Database\BaseConnection->query('INSERT INTO `docente` (`nombreCompleto`, `nip`, `escalafon`, `fechaIngreso`, `estado`, `tipo`, `cargo`, `idGrado`) VALUES (:nombreCompleto:, :nip:, :escalafon:, :fechaIngreso:, :estado:, :tipo:, :cargo:, :idGrado:)', [...], false)
 2 SYSTEMPATH\Model.php(327): CodeIgniter\Database\BaseBuilder->insert()
 3 SYSTEMPATH\BaseModel.php(805): CodeIgniter\Model->doInsert([...])
 4 SYSTEMPATH\Model.php(749): CodeIgniter\BaseModel->insert([...], true)
 5 APPPATH\Controllers\Maestros.php(229): CodeIgniter\Model->insert([...])
 6 SYSTEMPATH\CodeIgniter.php(943): App\Controllers\Maestros->store()
 7 SYSTEMPATH\CodeIgniter.php(503): CodeIgniter\CodeIgniter->runController(Object(App\Controllers\Maestros))
 8 SYSTEMPATH\CodeIgniter.php(361): CodeIgniter\CodeIgniter->handleRequest(null, Object(Config\Cache), false)
 9 FCPATH\index.php(81): CodeIgniter\CodeIgniter->run()
CRITICAL - 2024-09-11 14:47:24 --> [Caused by] CodeIgniter\Database\Exceptions\DatabaseException: Column 'idGrado' cannot be null
in SYSTEMPATH\Database\MySQLi\Connection.php on line 311.
 1 SYSTEMPATH\Database\BaseConnection.php(693): CodeIgniter\Database\MySQLi\Connection->execute('INSERT INTO `docente` (`nombreCompleto`, `nip`, `escalafon`, `fechaIngreso`, `estado`, `tipo`, `cargo`, `idGrado`) VALUES (\'Maribel Urbina\', \'324\', \'23423\', \'2020-01-01\', \'Activo\', \'Docente\', NULL, NULL)')
 2 SYSTEMPATH\Database\BaseConnection.php(607): CodeIgniter\Database\BaseConnection->simpleQuery('INSERT INTO `docente` (`nombreCompleto`, `nip`, `escalafon`, `fechaIngreso`, `estado`, `tipo`, `cargo`, `idGrado`) VALUES (\'Maribel Urbina\', \'324\', \'23423\', \'2020-01-01\', \'Activo\', \'Docente\', NULL, NULL)')
 3 SYSTEMPATH\Database\BaseBuilder.php(2307): CodeIgniter\Database\BaseConnection->query('INSERT INTO `docente` (`nombreCompleto`, `nip`, `escalafon`, `fechaIngreso`, `estado`, `tipo`, `cargo`, `idGrado`) VALUES (:nombreCompleto:, :nip:, :escalafon:, :fechaIngreso:, :estado:, :tipo:, :cargo:, :idGrado:)', [...], false)
 4 SYSTEMPATH\Model.php(327): CodeIgniter\Database\BaseBuilder->insert()
 5 SYSTEMPATH\BaseModel.php(805): CodeIgniter\Model->doInsert([...])
 6 SYSTEMPATH\Model.php(749): CodeIgniter\BaseModel->insert([...], true)
 7 APPPATH\Controllers\Maestros.php(229): CodeIgniter\Model->insert([...])
 8 SYSTEMPATH\CodeIgniter.php(943): App\Controllers\Maestros->store()
 9 SYSTEMPATH\CodeIgniter.php(503): CodeIgniter\CodeIgniter->runController(Object(App\Controllers\Maestros))
10 SYSTEMPATH\CodeIgniter.php(361): CodeIgniter\CodeIgniter->handleRequest(null, Object(Config\Cache), false)
11 FCPATH\index.php(81): CodeIgniter\CodeIgniter->run()
CRITICAL - 2024-09-11 14:47:24 --> [Caused by] mysqli_sql_exception: Column 'idGrado' cannot be null
in SYSTEMPATH\Database\MySQLi\Connection.php on line 306.
 1 SYSTEMPATH\Database\MySQLi\Connection.php(306): mysqli->query('INSERT INTO `docente` (`nombreCompleto`, `nip`, `escalafon`, `fechaIngreso`, `estado`, `tipo`, `cargo`, `idGrado`) VALUES (\'Maribel Urbina\', \'324\', \'23423\', \'2020-01-01\', \'Activo\', \'Docente\', NULL, NULL)', 0)
 2 SYSTEMPATH\Database\BaseConnection.php(693): CodeIgniter\Database\MySQLi\Connection->execute('INSERT INTO `docente` (`nombreCompleto`, `nip`, `escalafon`, `fechaIngreso`, `estado`, `tipo`, `cargo`, `idGrado`) VALUES (\'Maribel Urbina\', \'324\', \'23423\', \'2020-01-01\', \'Activo\', \'Docente\', NULL, NULL)')
 3 SYSTEMPATH\Database\BaseConnection.php(607): CodeIgniter\Database\BaseConnection->simpleQuery('INSERT INTO `docente` (`nombreCompleto`, `nip`, `escalafon`, `fechaIngreso`, `estado`, `tipo`, `cargo`, `idGrado`) VALUES (\'Maribel Urbina\', \'324\', \'23423\', \'2020-01-01\', \'Activo\', \'Docente\', NULL, NULL)')
 4 SYSTEMPATH\Database\BaseBuilder.php(2307): CodeIgniter\Database\BaseConnection->query('INSERT INTO `docente` (`nombreCompleto`, `nip`, `escalafon`, `fechaIngreso`, `estado`, `tipo`, `cargo`, `idGrado`) VALUES (:nombreCompleto:, :nip:, :escalafon:, :fechaIngreso:, :estado:, :tipo:, :cargo:, :idGrado:)', [...], false)
 5 SYSTEMPATH\Model.php(327): CodeIgniter\Database\BaseBuilder->insert()
 6 SYSTEMPATH\BaseModel.php(805): CodeIgniter\Model->doInsert([...])
 7 SYSTEMPATH\Model.php(749): CodeIgniter\BaseModel->insert([...], true)
 8 APPPATH\Controllers\Maestros.php(229): CodeIgniter\Model->insert([...])
 9 SYSTEMPATH\CodeIgniter.php(943): App\Controllers\Maestros->store()
10 SYSTEMPATH\CodeIgniter.php(503): CodeIgniter\CodeIgniter->runController(Object(App\Controllers\Maestros))
11 SYSTEMPATH\CodeIgniter.php(361): CodeIgniter\CodeIgniter->handleRequest(null, Object(Config\Cache), false)
12 FCPATH\index.php(81): CodeIgniter\CodeIgniter->run()
DEBUG - 2024-09-11 14:53:29 --> Método store() llamado
DEBUG - 2024-09-11 14:53:29 --> Datos del docente: {"nombreCompleto":"Maribel Urbina","nip":"324","escalafon":"23423","fechaIngreso":"2020-01-01","estado":"Activo","tipo":"Docente","cargo":null,"idGrado":null}
INFO - 2024-09-11 14:53:39 --> Session: Class initialized using 'CodeIgniter\Session\Handlers\FileHandler' driver.
INFO - 2024-09-11 15:00:35 --> Session: Class initialized using 'CodeIgniter\Session\Handlers\FileHandler' driver.
DEBUG - 2024-09-11 15:00:48 --> Método store() llamado
DEBUG - 2024-09-11 15:00:49 --> Datos del docente: {"nombreCompleto":"Sofia Pe\u00f1a","nip":"242","escalafon":"2342","fechaIngreso":"2020-01-01","estado":"Activo","tipo":"Docente","cargo":null,"idGrado":null}
INFO - 2024-09-11 15:00:55 --> Session: Class initialized using 'CodeIgniter\Session\Handlers\FileHandler' driver.
INFO - 2024-09-11 15:01:27 --> Session: Class initialized using 'CodeIgniter\Session\Handlers\FileHandler' driver.
INFO - 2024-09-11 15:16:12 --> Session: Class initialized using 'CodeIgniter\Session\Handlers\FileHandler' driver.
INFO - 2024-09-11 15:16:18 --> Session: Class initialized using 'CodeIgniter\Session\Handlers\FileHandler' driver.
DEBUG - 2024-09-11 15:16:34 --> Método store() llamado
ERROR - 2024-09-11 15:16:34 --> Errores de validación: {"idGrado":"The idGrado field must contain an integer."}
DEBUG - 2024-09-11 15:23:39 --> Método store() llamado
ERROR - 2024-09-11 15:23:39 --> Errores de validación: {"idGrado":"The idGrado field must contain an integer."}
DEBUG - 2024-09-11 15:24:09 --> Método store() llamado
ERROR - 2024-09-11 15:24:09 --> Errores de validación: {"idGrado":"The idGrado field must contain an integer."}
DEBUG - 2024-09-11 15:34:59 --> Método store() llamado
ERROR - 2024-09-11 15:34:59 --> Errores de validación: {"idGrado":"The idGrado field must contain an integer."}
INFO - 2024-09-11 15:35:03 --> Session: Class initialized using 'CodeIgniter\Session\Handlers\FileHandler' driver.
DEBUG - 2024-09-11 15:35:22 --> Método store() llamado
DEBUG - 2024-09-11 15:35:22 --> Datos del docente: {"nombreCompleto":"Rene Jose Alfaro Jimenez","nip":"4234","escalafon":"23523","fechaIngreso":"2020-01-01","estado":"Activo","tipo":"Docente","cargo":null,"idGrado":"1"}
INFO - 2024-09-11 15:35:52 --> Session: Class initialized using 'CodeIgniter\Session\Handlers\FileHandler' driver.
INFO - 2024-09-11 15:36:28 --> Session: Class initialized using 'CodeIgniter\Session\Handlers\FileHandler' driver.
INFO - 2024-09-11 15:36:33 --> Session: Class initialized using 'CodeIgniter\Session\Handlers\FileHandler' driver.
INFO - 2024-09-11 15:36:34 --> Session: Class initialized using 'CodeIgniter\Session\Handlers\FileHandler' driver.
INFO - 2024-09-11 15:36:42 --> Session: Class initialized using 'CodeIgniter\Session\Handlers\FileHandler' driver.
INFO - 2024-09-11 15:36:43 --> Session: Class initialized using 'CodeIgniter\Session\Handlers\FileHandler' driver.
INFO - 2024-09-11 15:36:50 --> Session: Class initialized using 'CodeIgniter\Session\Handlers\FileHandler' driver.
INFO - 2024-09-11 15:36:53 --> Session: Class initialized using 'CodeIgniter\Session\Handlers\FileHandler' driver.
INFO - 2024-09-11 15:37:03 --> Session: Class initialized using 'CodeIgniter\Session\Handlers\FileHandler' driver.
INFO - 2024-09-11 15:37:04 --> Session: Class initialized using 'CodeIgniter\Session\Handlers\FileHandler' driver.
INFO - 2024-09-11 15:37:08 --> Session: Class initialized using 'CodeIgniter\Session\Handlers\FileHandler' driver.
INFO - 2024-09-11 15:37:21 --> Session: Class initialized using 'CodeIgniter\Session\Handlers\FileHandler' driver.
INFO - 2024-09-11 15:37:21 --> Session: Class initialized using 'CodeIgniter\Session\Handlers\FileHandler' driver.
INFO - 2024-09-11 15:37:27 --> Session: Class initialized using 'CodeIgniter\Session\Handlers\FileHandler' driver.
INFO - 2024-09-11 15:37:42 --> Session: Class initialized using 'CodeIgniter\Session\Handlers\FileHandler' driver.
INFO - 2024-09-11 15:37:44 --> Session: Class initialized using 'CodeIgniter\Session\Handlers\FileHandler' driver.
INFO - 2024-09-11 15:37:46 --> Session: Class initialized using 'CodeIgniter\Session\Handlers\FileHandler' driver.
INFO - 2024-09-11 15:37:54 --> Session: Class initialized using 'CodeIgniter\Session\Handlers\FileHandler' driver.
INFO - 2024-09-11 15:37:55 --> Session: Class initialized using 'CodeIgniter\Session\Handlers\FileHandler' driver.
INFO - 2024-09-11 15:37:57 --> Session: Class initialized using 'CodeIgniter\Session\Handlers\FileHandler' driver.
INFO - 2024-09-11 15:38:05 --> Session: Class initialized using 'CodeIgniter\Session\Handlers\FileHandler' driver.
INFO - 2024-09-11 15:38:05 --> Session: Class initialized using 'CodeIgniter\Session\Handlers\FileHandler' driver.
INFO - 2024-09-11 15:38:08 --> Session: Class initialized using 'CodeIgniter\Session\Handlers\FileHandler' driver.
INFO - 2024-09-11 15:38:25 --> Session: Class initialized using 'CodeIgniter\Session\Handlers\FileHandler' driver.
INFO - 2024-09-11 15:38:26 --> Session: Class initialized using 'CodeIgniter\Session\Handlers\FileHandler' driver.
INFO - 2024-09-11 15:38:31 --> Session: Class initialized using 'CodeIgniter\Session\Handlers\FileHandler' driver.
INFO - 2024-09-11 15:38:38 --> Session: Class initialized using 'CodeIgniter\Session\Handlers\FileHandler' driver.
INFO - 2024-09-11 15:38:39 --> Session: Class initialized using 'CodeIgniter\Session\Handlers\FileHandler' driver.
INFO - 2024-09-11 15:38:45 --> Session: Class initialized using 'CodeIgniter\Session\Handlers\FileHandler' driver.
INFO - 2024-09-11 15:38:49 --> Session: Class initialized using 'CodeIgniter\Session\Handlers\FileHandler' driver.
DEBUG - 2024-09-11 15:39:10 --> Método store() llamado
DEBUG - 2024-09-11 15:39:10 --> Datos del docente: {"nombreCompleto":"Uriel Orlando Perez Sanchez","nip":"21989","escalafon":"32242","fechaIngreso":"2020-01-01","estado":"Activo","tipo":"Docente","cargo":null,"idGrado":"3"}
INFO - 2024-09-11 15:39:18 --> Session: Class initialized using 'CodeIgniter\Session\Handlers\FileHandler' driver.
INFO - 2024-09-11 15:39:44 --> Session: Class initialized using 'CodeIgniter\Session\Handlers\FileHandler' driver.
INFO - 2024-09-11 15:39:53 --> Session: Class initialized using 'CodeIgniter\Session\Handlers\FileHandler' driver.
INFO - 2024-09-11 15:39:57 --> Session: Class initialized using 'CodeIgniter\Session\Handlers\FileHandler' driver.
INFO - 2024-09-11 15:40:02 --> Session: Class initialized using 'CodeIgniter\Session\Handlers\FileHandler' driver.
DEBUG - 2024-09-11 15:40:28 --> Método store() llamado
DEBUG - 2024-09-11 15:40:28 --> Datos del docente: {"nombreCompleto":"Sofia Yamileth Lopez","nip":"234234","escalafon":"234242","fechaIngreso":"2017-01-01","estado":"Activo","tipo":"Administrativo","cargo":"Secretaria","idGrado":null}
INFO - 2024-09-11 15:40:34 --> Session: Class initialized using 'CodeIgniter\Session\Handlers\FileHandler' driver.
INFO - 2024-09-11 15:40:41 --> Session: Class initialized using 'CodeIgniter\Session\Handlers\FileHandler' driver.
DEBUG - 2024-09-11 15:41:11 --> Método store() llamado
DEBUG - 2024-09-11 15:41:12 --> Datos del docente: {"nombreCompleto":"Johanna Torres","nip":"2423423","escalafon":"2353","fechaIngreso":"2020-01-01","estado":"Activo","tipo":"Docente","cargo":null,"idGrado":"7"}
INFO - 2024-09-11 15:41:20 --> Session: Class initialized using 'CodeIgniter\Session\Handlers\FileHandler' driver.
INFO - 2024-09-11 15:41:37 --> Session: Class initialized using 'CodeIgniter\Session\Handlers\FileHandler' driver.
INFO - 2024-09-11 15:41:48 --> Session: Class initialized using 'CodeIgniter\Session\Handlers\FileHandler' driver.
INFO - 2024-09-11 15:41:55 --> Session: Class initialized using 'CodeIgniter\Session\Handlers\FileHandler' driver.
DEBUG - 2024-09-11 15:42:16 --> Método store() llamado
DEBUG - 2024-09-11 15:42:16 --> Datos del docente: {"nombreCompleto":"Trinidad Esperanza Hernandez Orellana","nip":"324234","escalafon":"235654","fechaIngreso":"2019-01-01","estado":"Activo","tipo":"Docente","cargo":null,"idGrado":"6"}
INFO - 2024-09-11 15:42:21 --> Session: Class initialized using 'CodeIgniter\Session\Handlers\FileHandler' driver.
INFO - 2024-09-11 15:42:25 --> Session: Class initialized using 'CodeIgniter\Session\Handlers\FileHandler' driver.
INFO - 2024-09-11 15:42:33 --> Session: Class initialized using 'CodeIgniter\Session\Handlers\FileHandler' driver.
INFO - 2024-09-11 15:42:40 --> Session: Class initialized using 'CodeIgniter\Session\Handlers\FileHandler' driver.
INFO - 2024-09-11 15:42:48 --> Session: Class initialized using 'CodeIgniter\Session\Handlers\FileHandler' driver.
INFO - 2024-09-11 15:42:53 --> Session: Class initialized using 'CodeIgniter\Session\Handlers\FileHandler' driver.
INFO - 2024-09-11 15:43:30 --> Session: Class initialized using 'CodeIgniter\Session\Handlers\FileHandler' driver.
INFO - 2024-09-11 15:43:39 --> Session: Class initialized using 'CodeIgniter\Session\Handlers\FileHandler' driver.
INFO - 2024-09-11 15:44:01 --> Session: Class initialized using 'CodeIgniter\Session\Handlers\FileHandler' driver.
INFO - 2024-09-11 15:44:19 --> Session: Class initialized using 'CodeIgniter\Session\Handlers\FileHandler' driver.
INFO - 2024-09-11 15:50:47 --> Session: Class initialized using 'CodeIgniter\Session\Handlers\FileHandler' driver.
INFO - 2024-09-11 15:50:55 --> Session: Class initialized using 'CodeIgniter\Session\Handlers\FileHandler' driver.
ERROR - 2024-09-11 15:51:01 --> mysqli_sql_exception: Unknown column 'idDocente' in 'where clause' in C:\laragon\www\prueba\SistemaControl\vendor\codeigniter4\framework\system\Database\MySQLi\Connection.php:306
Stack trace:
#0 C:\laragon\www\prueba\SistemaControl\vendor\codeigniter4\framework\system\Database\MySQLi\Connection.php(306): mysqli->query('SELECT *\nFROM `...', 0)
#1 C:\laragon\www\prueba\SistemaControl\vendor\codeigniter4\framework\system\Database\BaseConnection.php(693): CodeIgniter\Database\MySQLi\Connection->execute('SELECT *\nFROM `...')
#2 C:\laragon\www\prueba\SistemaControl\vendor\codeigniter4\framework\system\Database\BaseConnection.php(607): CodeIgniter\Database\BaseConnection->simpleQuery('SELECT *\nFROM `...')
#3 C:\laragon\www\prueba\SistemaControl\vendor\codeigniter4\framework\system\Database\BaseBuilder.php(1616): CodeIgniter\Database\BaseConnection->query('SELECT *\nFROM `...', Array, false)
#4 C:\laragon\www\prueba\SistemaControl\vendor\codeigniter4\framework\system\Model.php(271): CodeIgniter\Database\BaseBuilder->get()
#5 C:\laragon\www\prueba\SistemaControl\vendor\codeigniter4\framework\system\BaseModel.php(679): CodeIgniter\Model->doFirst()
#6 C:\laragon\www\prueba\SistemaControl\app\Controllers\Maestros.php(258): CodeIgniter\BaseModel->first()
#7 C:\laragon\www\prueba\SistemaControl\vendor\codeigniter4\framework\system\CodeIgniter.php(943): App\Controllers\Maestros->edit('88')
#8 C:\laragon\www\prueba\SistemaControl\vendor\codeigniter4\framework\system\CodeIgniter.php(503): CodeIgniter\CodeIgniter->runController(Object(App\Controllers\Maestros))
#9 C:\laragon\www\prueba\SistemaControl\vendor\codeigniter4\framework\system\CodeIgniter.php(361): CodeIgniter\CodeIgniter->handleRequest(NULL, Object(Config\Cache), false)
#10 C:\laragon\www\prueba\SistemaControl\public\index.php(81): CodeIgniter\CodeIgniter->run()
#11 {main}
CRITICAL - 2024-09-11 15:51:01 --> CodeIgniter\Database\Exceptions\DatabaseException: Unknown column 'idDocente' in 'where clause'
in SYSTEMPATH\Database\BaseConnection.php on line 647.
 1 SYSTEMPATH\Database\BaseBuilder.php(1616): CodeIgniter\Database\BaseConnection->query('SELECT *
FROM `docente_grado`
WHERE `idDocente` = :idDocente:
 LIMIT 1', [...], false)
 2 SYSTEMPATH\Model.php(271): CodeIgniter\Database\BaseBuilder->get()
 3 SYSTEMPATH\BaseModel.php(679): CodeIgniter\Model->doFirst()
 4 APPPATH\Controllers\Maestros.php(258): CodeIgniter\BaseModel->first()
 5 SYSTEMPATH\CodeIgniter.php(943): App\Controllers\Maestros->edit('88')
 6 SYSTEMPATH\CodeIgniter.php(503): CodeIgniter\CodeIgniter->runController(Object(App\Controllers\Maestros))
 7 SYSTEMPATH\CodeIgniter.php(361): CodeIgniter\CodeIgniter->handleRequest(null, Object(Config\Cache), false)
 8 FCPATH\index.php(81): CodeIgniter\CodeIgniter->run()
CRITICAL - 2024-09-11 15:51:01 --> [Caused by] CodeIgniter\Database\Exceptions\DatabaseException: Unknown column 'idDocente' in 'where clause'
in SYSTEMPATH\Database\MySQLi\Connection.php on line 311.
 1 SYSTEMPATH\Database\BaseConnection.php(693): CodeIgniter\Database\MySQLi\Connection->execute('SELECT *
FROM `docente_grado`
WHERE `idDocente` = \'88\'
 LIMIT 1')
 2 SYSTEMPATH\Database\BaseConnection.php(607): CodeIgniter\Database\BaseConnection->simpleQuery('SELECT *
FROM `docente_grado`
WHERE `idDocente` = \'88\'
 LIMIT 1')
 3 SYSTEMPATH\Database\BaseBuilder.php(1616): CodeIgniter\Database\BaseConnection->query('SELECT *
FROM `docente_grado`
WHERE `idDocente` = :idDocente:
 LIMIT 1', [...], false)
 4 SYSTEMPATH\Model.php(271): CodeIgniter\Database\BaseBuilder->get()
 5 SYSTEMPATH\BaseModel.php(679): CodeIgniter\Model->doFirst()
 6 APPPATH\Controllers\Maestros.php(258): CodeIgniter\BaseModel->first()
 7 SYSTEMPATH\CodeIgniter.php(943): App\Controllers\Maestros->edit('88')
 8 SYSTEMPATH\CodeIgniter.php(503): CodeIgniter\CodeIgniter->runController(Object(App\Controllers\Maestros))
 9 SYSTEMPATH\CodeIgniter.php(361): CodeIgniter\CodeIgniter->handleRequest(null, Object(Config\Cache), false)
10 FCPATH\index.php(81): CodeIgniter\CodeIgniter->run()
CRITICAL - 2024-09-11 15:51:01 --> [Caused by] mysqli_sql_exception: Unknown column 'idDocente' in 'where clause'
in SYSTEMPATH\Database\MySQLi\Connection.php on line 306.
 1 SYSTEMPATH\Database\MySQLi\Connection.php(306): mysqli->query('SELECT *
FROM `docente_grado`
WHERE `idDocente` = \'88\'
 LIMIT 1', 0)
 2 SYSTEMPATH\Database\BaseConnection.php(693): CodeIgniter\Database\MySQLi\Connection->execute('SELECT *
FROM `docente_grado`
WHERE `idDocente` = \'88\'
 LIMIT 1')
 3 SYSTEMPATH\Database\BaseConnection.php(607): CodeIgniter\Database\BaseConnection->simpleQuery('SELECT *
FROM `docente_grado`
WHERE `idDocente` = \'88\'
 LIMIT 1')
 4 SYSTEMPATH\Database\BaseBuilder.php(1616): CodeIgniter\Database\BaseConnection->query('SELECT *
FROM `docente_grado`
WHERE `idDocente` = :idDocente:
 LIMIT 1', [...], false)
 5 SYSTEMPATH\Model.php(271): CodeIgniter\Database\BaseBuilder->get()
 6 SYSTEMPATH\BaseModel.php(679): CodeIgniter\Model->doFirst()
 7 APPPATH\Controllers\Maestros.php(258): CodeIgniter\BaseModel->first()
 8 SYSTEMPATH\CodeIgniter.php(943): App\Controllers\Maestros->edit('88')
 9 SYSTEMPATH\CodeIgniter.php(503): CodeIgniter\CodeIgniter->runController(Object(App\Controllers\Maestros))
10 SYSTEMPATH\CodeIgniter.php(361): CodeIgniter\CodeIgniter->handleRequest(null, Object(Config\Cache), false)
11 FCPATH\index.php(81): CodeIgniter\CodeIgniter->run()
ERROR - 2024-09-11 15:55:28 --> mysqli_sql_exception: Unknown column 'idDocente' in 'where clause' in C:\laragon\www\prueba\SistemaControl\vendor\codeigniter4\framework\system\Database\MySQLi\Connection.php:306
Stack trace:
#0 C:\laragon\www\prueba\SistemaControl\vendor\codeigniter4\framework\system\Database\MySQLi\Connection.php(306): mysqli->query('SELECT *\nFROM `...', 0)
#1 C:\laragon\www\prueba\SistemaControl\vendor\codeigniter4\framework\system\Database\BaseConnection.php(693): CodeIgniter\Database\MySQLi\Connection->execute('SELECT *\nFROM `...')
#2 C:\laragon\www\prueba\SistemaControl\vendor\codeigniter4\framework\system\Database\BaseConnection.php(607): CodeIgniter\Database\BaseConnection->simpleQuery('SELECT *\nFROM `...')
#3 C:\laragon\www\prueba\SistemaControl\vendor\codeigniter4\framework\system\Database\BaseBuilder.php(1616): CodeIgniter\Database\BaseConnection->query('SELECT *\nFROM `...', Array, false)
#4 C:\laragon\www\prueba\SistemaControl\vendor\codeigniter4\framework\system\Model.php(271): CodeIgniter\Database\BaseBuilder->get()
#5 C:\laragon\www\prueba\SistemaControl\vendor\codeigniter4\framework\system\BaseModel.php(679): CodeIgniter\Model->doFirst()
#6 C:\laragon\www\prueba\SistemaControl\app\Controllers\Maestros.php(258): CodeIgniter\BaseModel->first()
#7 C:\laragon\www\prueba\SistemaControl\vendor\codeigniter4\framework\system\CodeIgniter.php(943): App\Controllers\Maestros->edit('88')
#8 C:\laragon\www\prueba\SistemaControl\vendor\codeigniter4\framework\system\CodeIgniter.php(503): CodeIgniter\CodeIgniter->runController(Object(App\Controllers\Maestros))
#9 C:\laragon\www\prueba\SistemaControl\vendor\codeigniter4\framework\system\CodeIgniter.php(361): CodeIgniter\CodeIgniter->handleRequest(NULL, Object(Config\Cache), false)
#10 C:\laragon\www\prueba\SistemaControl\public\index.php(81): CodeIgniter\CodeIgniter->run()
#11 {main}
CRITICAL - 2024-09-11 15:55:28 --> CodeIgniter\Database\Exceptions\DatabaseException: Unknown column 'idDocente' in 'where clause'
in SYSTEMPATH\Database\BaseConnection.php on line 647.
 1 SYSTEMPATH\Database\BaseBuilder.php(1616): CodeIgniter\Database\BaseConnection->query('SELECT *
FROM `docente_grado`
WHERE `idDocente` = :idDocente:
 LIMIT 1', [...], false)
 2 SYSTEMPATH\Model.php(271): CodeIgniter\Database\BaseBuilder->get()
 3 SYSTEMPATH\BaseModel.php(679): CodeIgniter\Model->doFirst()
 4 APPPATH\Controllers\Maestros.php(258): CodeIgniter\BaseModel->first()
 5 SYSTEMPATH\CodeIgniter.php(943): App\Controllers\Maestros->edit('88')
 6 SYSTEMPATH\CodeIgniter.php(503): CodeIgniter\CodeIgniter->runController(Object(App\Controllers\Maestros))
 7 SYSTEMPATH\CodeIgniter.php(361): CodeIgniter\CodeIgniter->handleRequest(null, Object(Config\Cache), false)
 8 FCPATH\index.php(81): CodeIgniter\CodeIgniter->run()
CRITICAL - 2024-09-11 15:55:28 --> [Caused by] CodeIgniter\Database\Exceptions\DatabaseException: Unknown column 'idDocente' in 'where clause'
in SYSTEMPATH\Database\MySQLi\Connection.php on line 311.
 1 SYSTEMPATH\Database\BaseConnection.php(693): CodeIgniter\Database\MySQLi\Connection->execute('SELECT *
FROM `docente_grado`
WHERE `idDocente` = \'88\'
 LIMIT 1')
 2 SYSTEMPATH\Database\BaseConnection.php(607): CodeIgniter\Database\BaseConnection->simpleQuery('SELECT *
FROM `docente_grado`
WHERE `idDocente` = \'88\'
 LIMIT 1')
 3 SYSTEMPATH\Database\BaseBuilder.php(1616): CodeIgniter\Database\BaseConnection->query('SELECT *
FROM `docente_grado`
WHERE `idDocente` = :idDocente:
 LIMIT 1', [...], false)
 4 SYSTEMPATH\Model.php(271): CodeIgniter\Database\BaseBuilder->get()
 5 SYSTEMPATH\BaseModel.php(679): CodeIgniter\Model->doFirst()
 6 APPPATH\Controllers\Maestros.php(258): CodeIgniter\BaseModel->first()
 7 SYSTEMPATH\CodeIgniter.php(943): App\Controllers\Maestros->edit('88')
 8 SYSTEMPATH\CodeIgniter.php(503): CodeIgniter\CodeIgniter->runController(Object(App\Controllers\Maestros))
 9 SYSTEMPATH\CodeIgniter.php(361): CodeIgniter\CodeIgniter->handleRequest(null, Object(Config\Cache), false)
10 FCPATH\index.php(81): CodeIgniter\CodeIgniter->run()
CRITICAL - 2024-09-11 15:55:28 --> [Caused by] mysqli_sql_exception: Unknown column 'idDocente' in 'where clause'
in SYSTEMPATH\Database\MySQLi\Connection.php on line 306.
 1 SYSTEMPATH\Database\MySQLi\Connection.php(306): mysqli->query('SELECT *
FROM `docente_grado`
WHERE `idDocente` = \'88\'
 LIMIT 1', 0)
 2 SYSTEMPATH\Database\BaseConnection.php(693): CodeIgniter\Database\MySQLi\Connection->execute('SELECT *
FROM `docente_grado`
WHERE `idDocente` = \'88\'
 LIMIT 1')
 3 SYSTEMPATH\Database\BaseConnection.php(607): CodeIgniter\Database\BaseConnection->simpleQuery('SELECT *
FROM `docente_grado`
WHERE `idDocente` = \'88\'
 LIMIT 1')
 4 SYSTEMPATH\Database\BaseBuilder.php(1616): CodeIgniter\Database\BaseConnection->query('SELECT *
FROM `docente_grado`
WHERE `idDocente` = :idDocente:
 LIMIT 1', [...], false)
 5 SYSTEMPATH\Model.php(271): CodeIgniter\Database\BaseBuilder->get()
 6 SYSTEMPATH\BaseModel.php(679): CodeIgniter\Model->doFirst()
 7 APPPATH\Controllers\Maestros.php(258): CodeIgniter\BaseModel->first()
 8 SYSTEMPATH\CodeIgniter.php(943): App\Controllers\Maestros->edit('88')
 9 SYSTEMPATH\CodeIgniter.php(503): CodeIgniter\CodeIgniter->runController(Object(App\Controllers\Maestros))
10 SYSTEMPATH\CodeIgniter.php(361): CodeIgniter\CodeIgniter->handleRequest(null, Object(Config\Cache), false)
11 FCPATH\index.php(81): CodeIgniter\CodeIgniter->run()
INFO - 2024-09-11 15:57:33 --> Session: Class initialized using 'CodeIgniter\Session\Handlers\FileHandler' driver.
INFO - 2024-09-11 15:57:40 --> Session: Class initialized using 'CodeIgniter\Session\Handlers\FileHandler' driver.
INFO - 2024-09-11 15:57:46 --> Session: Class initialized using 'CodeIgniter\Session\Handlers\FileHandler' driver.
INFO - 2024-09-11 15:57:53 --> Session: Class initialized using 'CodeIgniter\Session\Handlers\FileHandler' driver.
INFO - 2024-09-11 15:58:01 --> Session: Class initialized using 'CodeIgniter\Session\Handlers\FileHandler' driver.
INFO - 2024-09-11 16:02:05 --> Session: Class initialized using 'CodeIgniter\Session\Handlers\FileHandler' driver.
DEBUG - 2024-09-11 16:02:15 --> Datos del docente a actualizar: {"nombreCompleto":"Rene Jose Alfaro Jimenez","nip":"4234","escalafon":"23523","fechaIngreso":"2020-01-01","estado":"Activo","tipo":"Docente","cargo":null,"idGrado":null}
INFO - 2024-09-11 16:02:21 --> Session: Class initialized using 'CodeIgniter\Session\Handlers\FileHandler' driver.
INFO - 2024-09-11 16:02:30 --> Session: Class initialized using 'CodeIgniter\Session\Handlers\FileHandler' driver.
ERROR - 2024-09-11 16:19:06 --> mysqli_sql_exception: Unknown column 'idDocente' in 'where clause' in C:\laragon\www\prueba\SistemaControl\vendor\codeigniter4\framework\system\Database\MySQLi\Connection.php:306
Stack trace:
#0 C:\laragon\www\prueba\SistemaControl\vendor\codeigniter4\framework\system\Database\MySQLi\Connection.php(306): mysqli->query('SELECT *\nFROM `...', 0)
#1 C:\laragon\www\prueba\SistemaControl\vendor\codeigniter4\framework\system\Database\BaseConnection.php(693): CodeIgniter\Database\MySQLi\Connection->execute('SELECT *\nFROM `...')
#2 C:\laragon\www\prueba\SistemaControl\vendor\codeigniter4\framework\system\Database\BaseConnection.php(607): CodeIgniter\Database\BaseConnection->simpleQuery('SELECT *\nFROM `...')
#3 C:\laragon\www\prueba\SistemaControl\vendor\codeigniter4\framework\system\Database\BaseBuilder.php(1616): CodeIgniter\Database\BaseConnection->query('SELECT *\nFROM `...', Array, false)
#4 C:\laragon\www\prueba\SistemaControl\vendor\codeigniter4\framework\system\Model.php(243): CodeIgniter\Database\BaseBuilder->get()
#5 C:\laragon\www\prueba\SistemaControl\vendor\codeigniter4\framework\system\BaseModel.php(641): CodeIgniter\Model->doFindAll(0, 0)
#6 C:\laragon\www\prueba\SistemaControl\app\Controllers\Maestros.php(267): CodeIgniter\BaseModel->findAll()
#7 C:\laragon\www\prueba\SistemaControl\vendor\codeigniter4\framework\system\CodeIgniter.php(943): App\Controllers\Maestros->edit('87')
#8 C:\laragon\www\prueba\SistemaControl\vendor\codeigniter4\framework\system\CodeIgniter.php(503): CodeIgniter\CodeIgniter->runController(Object(App\Controllers\Maestros))
#9 C:\laragon\www\prueba\SistemaControl\vendor\codeigniter4\framework\system\CodeIgniter.php(361): CodeIgniter\CodeIgniter->handleRequest(NULL, Object(Config\Cache), false)
#10 C:\laragon\www\prueba\SistemaControl\public\index.php(81): CodeIgniter\CodeIgniter->run()
#11 {main}
CRITICAL - 2024-09-11 16:19:06 --> CodeIgniter\Database\Exceptions\DatabaseException: Unknown column 'idDocente' in 'where clause'
in SYSTEMPATH\Database\BaseConnection.php on line 647.
 1 SYSTEMPATH\Database\BaseBuilder.php(1616): CodeIgniter\Database\BaseConnection->query('SELECT *
FROM `docente_grado`
WHERE `idDocente` = :idDocente:', [...], false)
 2 SYSTEMPATH\Model.php(243): CodeIgniter\Database\BaseBuilder->get()
 3 SYSTEMPATH\BaseModel.php(641): CodeIgniter\Model->doFindAll(0, 0)
 4 APPPATH\Controllers\Maestros.php(267): CodeIgniter\BaseModel->findAll()
 5 SYSTEMPATH\CodeIgniter.php(943): App\Controllers\Maestros->edit('87')
 6 SYSTEMPATH\CodeIgniter.php(503): CodeIgniter\CodeIgniter->runController(Object(App\Controllers\Maestros))
 7 SYSTEMPATH\CodeIgniter.php(361): CodeIgniter\CodeIgniter->handleRequest(null, Object(Config\Cache), false)
 8 FCPATH\index.php(81): CodeIgniter\CodeIgniter->run()
CRITICAL - 2024-09-11 16:19:06 --> [Caused by] CodeIgniter\Database\Exceptions\DatabaseException: Unknown column 'idDocente' in 'where clause'
in SYSTEMPATH\Database\MySQLi\Connection.php on line 311.
 1 SYSTEMPATH\Database\BaseConnection.php(693): CodeIgniter\Database\MySQLi\Connection->execute('SELECT *
FROM `docente_grado`
WHERE `idDocente` = \'87\'')
 2 SYSTEMPATH\Database\BaseConnection.php(607): CodeIgniter\Database\BaseConnection->simpleQuery('SELECT *
FROM `docente_grado`
WHERE `idDocente` = \'87\'')
 3 SYSTEMPATH\Database\BaseBuilder.php(1616): CodeIgniter\Database\BaseConnection->query('SELECT *
FROM `docente_grado`
WHERE `idDocente` = :idDocente:', [...], false)
 4 SYSTEMPATH\Model.php(243): CodeIgniter\Database\BaseBuilder->get()
 5 SYSTEMPATH\BaseModel.php(641): CodeIgniter\Model->doFindAll(0, 0)
 6 APPPATH\Controllers\Maestros.php(267): CodeIgniter\BaseModel->findAll()
 7 SYSTEMPATH\CodeIgniter.php(943): App\Controllers\Maestros->edit('87')
 8 SYSTEMPATH\CodeIgniter.php(503): CodeIgniter\CodeIgniter->runController(Object(App\Controllers\Maestros))
 9 SYSTEMPATH\CodeIgniter.php(361): CodeIgniter\CodeIgniter->handleRequest(null, Object(Config\Cache), false)
10 FCPATH\index.php(81): CodeIgniter\CodeIgniter->run()
CRITICAL - 2024-09-11 16:19:06 --> [Caused by] mysqli_sql_exception: Unknown column 'idDocente' in 'where clause'
in SYSTEMPATH\Database\MySQLi\Connection.php on line 306.
 1 SYSTEMPATH\Database\MySQLi\Connection.php(306): mysqli->query('SELECT *
FROM `docente_grado`
WHERE `idDocente` = \'87\'', 0)
 2 SYSTEMPATH\Database\BaseConnection.php(693): CodeIgniter\Database\MySQLi\Connection->execute('SELECT *
FROM `docente_grado`
WHERE `idDocente` = \'87\'')
 3 SYSTEMPATH\Database\BaseConnection.php(607): CodeIgniter\Database\BaseConnection->simpleQuery('SELECT *
FROM `docente_grado`
WHERE `idDocente` = \'87\'')
 4 SYSTEMPATH\Database\BaseBuilder.php(1616): CodeIgniter\Database\BaseConnection->query('SELECT *
FROM `docente_grado`
WHERE `idDocente` = :idDocente:', [...], false)
 5 SYSTEMPATH\Model.php(243): CodeIgniter\Database\BaseBuilder->get()
 6 SYSTEMPATH\BaseModel.php(641): CodeIgniter\Model->doFindAll(0, 0)
 7 APPPATH\Controllers\Maestros.php(267): CodeIgniter\BaseModel->findAll()
 8 SYSTEMPATH\CodeIgniter.php(943): App\Controllers\Maestros->edit('87')
 9 SYSTEMPATH\CodeIgniter.php(503): CodeIgniter\CodeIgniter->runController(Object(App\Controllers\Maestros))
10 SYSTEMPATH\CodeIgniter.php(361): CodeIgniter\CodeIgniter->handleRequest(null, Object(Config\Cache), false)
11 FCPATH\index.php(81): CodeIgniter\CodeIgniter->run()
ERROR - 2024-09-11 16:25:12 --> mysqli_sql_exception: Unknown column 'idDocente' in 'where clause' in C:\laragon\www\prueba\SistemaControl\vendor\codeigniter4\framework\system\Database\MySQLi\Connection.php:306
Stack trace:
#0 C:\laragon\www\prueba\SistemaControl\vendor\codeigniter4\framework\system\Database\MySQLi\Connection.php(306): mysqli->query('SELECT *\nFROM `...', 0)
#1 C:\laragon\www\prueba\SistemaControl\vendor\codeigniter4\framework\system\Database\BaseConnection.php(693): CodeIgniter\Database\MySQLi\Connection->execute('SELECT *\nFROM `...')
#2 C:\laragon\www\prueba\SistemaControl\vendor\codeigniter4\framework\system\Database\BaseConnection.php(607): CodeIgniter\Database\BaseConnection->simpleQuery('SELECT *\nFROM `...')
#3 C:\laragon\www\prueba\SistemaControl\vendor\codeigniter4\framework\system\Database\BaseBuilder.php(1616): CodeIgniter\Database\BaseConnection->query('SELECT *\nFROM `...', Array, false)
#4 C:\laragon\www\prueba\SistemaControl\vendor\codeigniter4\framework\system\Model.php(243): CodeIgniter\Database\BaseBuilder->get()
#5 C:\laragon\www\prueba\SistemaControl\vendor\codeigniter4\framework\system\BaseModel.php(641): CodeIgniter\Model->doFindAll(0, 0)
#6 C:\laragon\www\prueba\SistemaControl\app\Controllers\Maestros.php(267): CodeIgniter\BaseModel->findAll()
#7 C:\laragon\www\prueba\SistemaControl\vendor\codeigniter4\framework\system\CodeIgniter.php(943): App\Controllers\Maestros->edit('87')
#8 C:\laragon\www\prueba\SistemaControl\vendor\codeigniter4\framework\system\CodeIgniter.php(503): CodeIgniter\CodeIgniter->runController(Object(App\Controllers\Maestros))
#9 C:\laragon\www\prueba\SistemaControl\vendor\codeigniter4\framework\system\CodeIgniter.php(361): CodeIgniter\CodeIgniter->handleRequest(NULL, Object(Config\Cache), false)
#10 C:\laragon\www\prueba\SistemaControl\public\index.php(81): CodeIgniter\CodeIgniter->run()
#11 {main}
CRITICAL - 2024-09-11 16:25:12 --> CodeIgniter\Database\Exceptions\DatabaseException: Unknown column 'idDocente' in 'where clause'
in SYSTEMPATH\Database\BaseConnection.php on line 647.
 1 SYSTEMPATH\Database\BaseBuilder.php(1616): CodeIgniter\Database\BaseConnection->query('SELECT *
FROM `docente_grado`
WHERE `idDocente` = :idDocente:', [...], false)
 2 SYSTEMPATH\Model.php(243): CodeIgniter\Database\BaseBuilder->get()
 3 SYSTEMPATH\BaseModel.php(641): CodeIgniter\Model->doFindAll(0, 0)
 4 APPPATH\Controllers\Maestros.php(267): CodeIgniter\BaseModel->findAll()
 5 SYSTEMPATH\CodeIgniter.php(943): App\Controllers\Maestros->edit('87')
 6 SYSTEMPATH\CodeIgniter.php(503): CodeIgniter\CodeIgniter->runController(Object(App\Controllers\Maestros))
 7 SYSTEMPATH\CodeIgniter.php(361): CodeIgniter\CodeIgniter->handleRequest(null, Object(Config\Cache), false)
 8 FCPATH\index.php(81): CodeIgniter\CodeIgniter->run()
CRITICAL - 2024-09-11 16:25:12 --> [Caused by] CodeIgniter\Database\Exceptions\DatabaseException: Unknown column 'idDocente' in 'where clause'
in SYSTEMPATH\Database\MySQLi\Connection.php on line 311.
 1 SYSTEMPATH\Database\BaseConnection.php(693): CodeIgniter\Database\MySQLi\Connection->execute('SELECT *
FROM `docente_grado`
WHERE `idDocente` = \'87\'')
 2 SYSTEMPATH\Database\BaseConnection.php(607): CodeIgniter\Database\BaseConnection->simpleQuery('SELECT *
FROM `docente_grado`
WHERE `idDocente` = \'87\'')
 3 SYSTEMPATH\Database\BaseBuilder.php(1616): CodeIgniter\Database\BaseConnection->query('SELECT *
FROM `docente_grado`
WHERE `idDocente` = :idDocente:', [...], false)
 4 SYSTEMPATH\Model.php(243): CodeIgniter\Database\BaseBuilder->get()
 5 SYSTEMPATH\BaseModel.php(641): CodeIgniter\Model->doFindAll(0, 0)
 6 APPPATH\Controllers\Maestros.php(267): CodeIgniter\BaseModel->findAll()
 7 SYSTEMPATH\CodeIgniter.php(943): App\Controllers\Maestros->edit('87')
 8 SYSTEMPATH\CodeIgniter.php(503): CodeIgniter\CodeIgniter->runController(Object(App\Controllers\Maestros))
 9 SYSTEMPATH\CodeIgniter.php(361): CodeIgniter\CodeIgniter->handleRequest(null, Object(Config\Cache), false)
10 FCPATH\index.php(81): CodeIgniter\CodeIgniter->run()
CRITICAL - 2024-09-11 16:25:12 --> [Caused by] mysqli_sql_exception: Unknown column 'idDocente' in 'where clause'
in SYSTEMPATH\Database\MySQLi\Connection.php on line 306.
 1 SYSTEMPATH\Database\MySQLi\Connection.php(306): mysqli->query('SELECT *
FROM `docente_grado`
WHERE `idDocente` = \'87\'', 0)
 2 SYSTEMPATH\Database\BaseConnection.php(693): CodeIgniter\Database\MySQLi\Connection->execute('SELECT *
FROM `docente_grado`
WHERE `idDocente` = \'87\'')
 3 SYSTEMPATH\Database\BaseConnection.php(607): CodeIgniter\Database\BaseConnection->simpleQuery('SELECT *
FROM `docente_grado`
WHERE `idDocente` = \'87\'')
 4 SYSTEMPATH\Database\BaseBuilder.php(1616): CodeIgniter\Database\BaseConnection->query('SELECT *
FROM `docente_grado`
WHERE `idDocente` = :idDocente:', [...], false)
 5 SYSTEMPATH\Model.php(243): CodeIgniter\Database\BaseBuilder->get()
 6 SYSTEMPATH\BaseModel.php(641): CodeIgniter\Model->doFindAll(0, 0)
 7 APPPATH\Controllers\Maestros.php(267): CodeIgniter\BaseModel->findAll()
 8 SYSTEMPATH\CodeIgniter.php(943): App\Controllers\Maestros->edit('87')
 9 SYSTEMPATH\CodeIgniter.php(503): CodeIgniter\CodeIgniter->runController(Object(App\Controllers\Maestros))
10 SYSTEMPATH\CodeIgniter.php(361): CodeIgniter\CodeIgniter->handleRequest(null, Object(Config\Cache), false)
11 FCPATH\index.php(81): CodeIgniter\CodeIgniter->run()
ERROR - 2024-09-11 16:25:13 --> mysqli_sql_exception: Unknown column 'idDocente' in 'where clause' in C:\laragon\www\prueba\SistemaControl\vendor\codeigniter4\framework\system\Database\MySQLi\Connection.php:306
Stack trace:
#0 C:\laragon\www\prueba\SistemaControl\vendor\codeigniter4\framework\system\Database\MySQLi\Connection.php(306): mysqli->query('SELECT *\nFROM `...', 0)
#1 C:\laragon\www\prueba\SistemaControl\vendor\codeigniter4\framework\system\Database\BaseConnection.php(693): CodeIgniter\Database\MySQLi\Connection->execute('SELECT *\nFROM `...')
#2 C:\laragon\www\prueba\SistemaControl\vendor\codeigniter4\framework\system\Database\BaseConnection.php(607): CodeIgniter\Database\BaseConnection->simpleQuery('SELECT *\nFROM `...')
#3 C:\laragon\www\prueba\SistemaControl\vendor\codeigniter4\framework\system\Database\BaseBuilder.php(1616): CodeIgniter\Database\BaseConnection->query('SELECT *\nFROM `...', Array, false)
#4 C:\laragon\www\prueba\SistemaControl\vendor\codeigniter4\framework\system\Model.php(243): CodeIgniter\Database\BaseBuilder->get()
#5 C:\laragon\www\prueba\SistemaControl\vendor\codeigniter4\framework\system\BaseModel.php(641): CodeIgniter\Model->doFindAll(0, 0)
#6 C:\laragon\www\prueba\SistemaControl\app\Controllers\Maestros.php(267): CodeIgniter\BaseModel->findAll()
#7 C:\laragon\www\prueba\SistemaControl\vendor\codeigniter4\framework\system\CodeIgniter.php(943): App\Controllers\Maestros->edit('87')
#8 C:\laragon\www\prueba\SistemaControl\vendor\codeigniter4\framework\system\CodeIgniter.php(503): CodeIgniter\CodeIgniter->runController(Object(App\Controllers\Maestros))
#9 C:\laragon\www\prueba\SistemaControl\vendor\codeigniter4\framework\system\CodeIgniter.php(361): CodeIgniter\CodeIgniter->handleRequest(NULL, Object(Config\Cache), false)
#10 C:\laragon\www\prueba\SistemaControl\public\index.php(81): CodeIgniter\CodeIgniter->run()
#11 {main}
CRITICAL - 2024-09-11 16:25:13 --> CodeIgniter\Database\Exceptions\DatabaseException: Unknown column 'idDocente' in 'where clause'
in SYSTEMPATH\Database\BaseConnection.php on line 647.
 1 SYSTEMPATH\Database\BaseBuilder.php(1616): CodeIgniter\Database\BaseConnection->query('SELECT *
FROM `docente_grado`
WHERE `idDocente` = :idDocente:', [...], false)
 2 SYSTEMPATH\Model.php(243): CodeIgniter\Database\BaseBuilder->get()
 3 SYSTEMPATH\BaseModel.php(641): CodeIgniter\Model->doFindAll(0, 0)
 4 APPPATH\Controllers\Maestros.php(267): CodeIgniter\BaseModel->findAll()
 5 SYSTEMPATH\CodeIgniter.php(943): App\Controllers\Maestros->edit('87')
 6 SYSTEMPATH\CodeIgniter.php(503): CodeIgniter\CodeIgniter->runController(Object(App\Controllers\Maestros))
 7 SYSTEMPATH\CodeIgniter.php(361): CodeIgniter\CodeIgniter->handleRequest(null, Object(Config\Cache), false)
 8 FCPATH\index.php(81): CodeIgniter\CodeIgniter->run()
CRITICAL - 2024-09-11 16:25:13 --> [Caused by] CodeIgniter\Database\Exceptions\DatabaseException: Unknown column 'idDocente' in 'where clause'
in SYSTEMPATH\Database\MySQLi\Connection.php on line 311.
 1 SYSTEMPATH\Database\BaseConnection.php(693): CodeIgniter\Database\MySQLi\Connection->execute('SELECT *
FROM `docente_grado`
WHERE `idDocente` = \'87\'')
 2 SYSTEMPATH\Database\BaseConnection.php(607): CodeIgniter\Database\BaseConnection->simpleQuery('SELECT *
FROM `docente_grado`
WHERE `idDocente` = \'87\'')
 3 SYSTEMPATH\Database\BaseBuilder.php(1616): CodeIgniter\Database\BaseConnection->query('SELECT *
FROM `docente_grado`
WHERE `idDocente` = :idDocente:', [...], false)
 4 SYSTEMPATH\Model.php(243): CodeIgniter\Database\BaseBuilder->get()
 5 SYSTEMPATH\BaseModel.php(641): CodeIgniter\Model->doFindAll(0, 0)
 6 APPPATH\Controllers\Maestros.php(267): CodeIgniter\BaseModel->findAll()
 7 SYSTEMPATH\CodeIgniter.php(943): App\Controllers\Maestros->edit('87')
 8 SYSTEMPATH\CodeIgniter.php(503): CodeIgniter\CodeIgniter->runController(Object(App\Controllers\Maestros))
 9 SYSTEMPATH\CodeIgniter.php(361): CodeIgniter\CodeIgniter->handleRequest(null, Object(Config\Cache), false)
10 FCPATH\index.php(81): CodeIgniter\CodeIgniter->run()
CRITICAL - 2024-09-11 16:25:13 --> [Caused by] mysqli_sql_exception: Unknown column 'idDocente' in 'where clause'
in SYSTEMPATH\Database\MySQLi\Connection.php on line 306.
 1 SYSTEMPATH\Database\MySQLi\Connection.php(306): mysqli->query('SELECT *
FROM `docente_grado`
WHERE `idDocente` = \'87\'', 0)
 2 SYSTEMPATH\Database\BaseConnection.php(693): CodeIgniter\Database\MySQLi\Connection->execute('SELECT *
FROM `docente_grado`
WHERE `idDocente` = \'87\'')
 3 SYSTEMPATH\Database\BaseConnection.php(607): CodeIgniter\Database\BaseConnection->simpleQuery('SELECT *
FROM `docente_grado`
WHERE `idDocente` = \'87\'')
 4 SYSTEMPATH\Database\BaseBuilder.php(1616): CodeIgniter\Database\BaseConnection->query('SELECT *
FROM `docente_grado`
WHERE `idDocente` = :idDocente:', [...], false)
 5 SYSTEMPATH\Model.php(243): CodeIgniter\Database\BaseBuilder->get()
 6 SYSTEMPATH\BaseModel.php(641): CodeIgniter\Model->doFindAll(0, 0)
 7 APPPATH\Controllers\Maestros.php(267): CodeIgniter\BaseModel->findAll()
 8 SYSTEMPATH\CodeIgniter.php(943): App\Controllers\Maestros->edit('87')
 9 SYSTEMPATH\CodeIgniter.php(503): CodeIgniter\CodeIgniter->runController(Object(App\Controllers\Maestros))
10 SYSTEMPATH\CodeIgniter.php(361): CodeIgniter\CodeIgniter->handleRequest(null, Object(Config\Cache), false)
11 FCPATH\index.php(81): CodeIgniter\CodeIgniter->run()
INFO - 2024-09-11 16:25:21 --> Session: Class initialized using 'CodeIgniter\Session\Handlers\FileHandler' driver.
DEBUG - 2024-09-11 16:25:38 --> Datos del docente a actualizar: {"nombreCompleto":"Rene Jose Alfaro Jimenez","nip":"4234","escalafon":"23523","fechaIngreso":"2020-01-01","estado":"Activo","tipo":"Docente","cargo":null,"idGrado":"9"}
INFO - 2024-09-11 16:25:46 --> Session: Class initialized using 'CodeIgniter\Session\Handlers\FileHandler' driver.
INFO - 2024-09-11 16:25:52 --> Session: Class initialized using 'CodeIgniter\Session\Handlers\FileHandler' driver.
DEBUG - 2024-09-11 16:25:58 --> Datos del docente a actualizar: {"nombreCompleto":"Rene Jose Alfaro Jimenez","nip":"4234","escalafon":"23523","fechaIngreso":"2020-01-01","estado":"Activo","tipo":"Docente","cargo":null,"idGrado":"8"}
INFO - 2024-09-11 16:26:04 --> Session: Class initialized using 'CodeIgniter\Session\Handlers\FileHandler' driver.
INFO - 2024-09-11 16:26:18 --> Session: Class initialized using 'CodeIgniter\Session\Handlers\FileHandler' driver.
DEBUG - 2024-09-11 16:26:40 --> Método store() llamado
DEBUG - 2024-09-11 16:26:40 --> Datos del docente: {"nombreCompleto":"Orlando Pe\u00f1a","nip":"42523","escalafon":"32523","fechaIngreso":"2020-01-01","estado":"Activo","tipo":"Docente","cargo":null,"idGrado":"8"}
INFO - 2024-09-11 16:27:38 --> Session: Class initialized using 'CodeIgniter\Session\Handlers\FileHandler' driver.
INFO - 2024-09-11 16:27:41 --> Session: Class initialized using 'CodeIgniter\Session\Handlers\FileHandler' driver.
INFO - 2024-09-11 16:35:30 --> Session: Class initialized using 'CodeIgniter\Session\Handlers\FileHandler' driver.
INFO - 2024-09-11 16:35:33 --> Session: Class initialized using 'CodeIgniter\Session\Handlers\FileHandler' driver.
DEBUG - 2024-09-11 16:35:38 --> Datos del docente a actualizar: {"nombreCompleto":"Orlando Pe\u00f1a","nip":"42523","escalafon":"32523","fechaIngreso":"2020-01-01","estado":"Activo","tipo":"Docente","cargo":null,"idGrado":"5"}
INFO - 2024-09-11 16:35:38 --> Session: Class initialized using 'CodeIgniter\Session\Handlers\FileHandler' driver.
INFO - 2024-09-11 16:35:39 --> Session: Class initialized using 'CodeIgniter\Session\Handlers\FileHandler' driver.
INFO - 2024-09-11 16:35:44 --> Session: Class initialized using 'CodeIgniter\Session\Handlers\FileHandler' driver.
INFO - 2024-09-11 16:35:48 --> Session: Class initialized using 'CodeIgniter\Session\Handlers\FileHandler' driver.
DEBUG - 2024-09-11 16:36:06 --> Método store() llamado
DEBUG - 2024-09-11 16:36:06 --> Datos del docente: {"nombreCompleto":"Maribel Urbina","nip":"7288223","escalafon":"3242","fechaIngreso":"2020-01-01","estado":"Activo","tipo":"Docente","cargo":null,"idGrado":"6"}
INFO - 2024-09-11 16:38:15 --> Session: Class initialized using 'CodeIgniter\Session\Handlers\FileHandler' driver.
INFO - 2024-09-11 16:38:19 --> Session: Class initialized using 'CodeIgniter\Session\Handlers\FileHandler' driver.
INFO - 2024-09-11 17:10:37 --> Session: Class initialized using 'CodeIgniter\Session\Handlers\FileHandler' driver.
INFO - 2024-09-11 17:10:38 --> Session: Class initialized using 'CodeIgniter\Session\Handlers\FileHandler' driver.
INFO - 2024-09-11 17:10:53 --> Session: Class initialized using 'CodeIgniter\Session\Handlers\FileHandler' driver.
INFO - 2024-09-11 17:33:41 --> Session: Class initialized using 'CodeIgniter\Session\Handlers\FileHandler' driver.
INFO - 2024-09-11 17:36:57 --> Session: Class initialized using 'CodeIgniter\Session\Handlers\FileHandler' driver.
INFO - 2024-09-11 17:37:32 --> Session: Class initialized using 'CodeIgniter\Session\Handlers\FileHandler' driver.
INFO - 2024-09-11 17:41:31 --> Session: Class initialized using 'CodeIgniter\Session\Handlers\FileHandler' driver.
INFO - 2024-09-11 17:53:54 --> Session: Class initialized using 'CodeIgniter\Session\Handlers\FileHandler' driver.
INFO - 2024-09-11 17:54:09 --> Session: Class initialized using 'CodeIgniter\Session\Handlers\FileHandler' driver.
INFO - 2024-09-11 17:54:27 --> Session: Class initialized using 'CodeIgniter\Session\Handlers\FileHandler' driver.
INFO - 2024-09-11 17:55:14 --> Session: Class initialized using 'CodeIgniter\Session\Handlers\FileHandler' driver.
INFO - 2024-09-11 18:00:16 --> Session: Class initialized using 'CodeIgniter\Session\Handlers\FileHandler' driver.
CRITICAL - 2024-09-11 18:00:17 --> ErrorException: Undefined property: stdClass::$idDocente
in APPPATH\Views\registro_diario\create.php on line 45.
 1 APPPATH\Views\registro_diario\create.php(45): CodeIgniter\Debug\Exceptions->errorHandler(2, 'Undefined property: stdClass::$idDocente', 'C:\\laragon\\www\\prueba\\SistemaControl\\app\\Views\\registro_diario\\create.php', 45)
 2 SYSTEMPATH\View\View.php(228): include('C:\\laragon\\www\\prueba\\SistemaControl\\app\\Views\\registro_diario\\create.php')
 3 SYSTEMPATH\View\View.php(231): CodeIgniter\View\View->CodeIgniter\View\{closure}()
 4 SYSTEMPATH\Common.php(1178): CodeIgniter\View\View->render('registro_diario/create', [], true)
 5 APPPATH\Controllers\RegistroDiarioController.php(40): view('registro_diario/create', [...])
 6 SYSTEMPATH\CodeIgniter.php(943): App\Controllers\RegistroDiarioController->create()
 7 SYSTEMPATH\CodeIgniter.php(503): CodeIgniter\CodeIgniter->runController(Object(App\Controllers\RegistroDiarioController))
 8 SYSTEMPATH\CodeIgniter.php(361): CodeIgniter\CodeIgniter->handleRequest(null, Object(Config\Cache), false)
 9 FCPATH\index.php(81): CodeIgniter\CodeIgniter->run()
INFO - 2024-09-11 22:32:06 --> Session: Class initialized using 'CodeIgniter\Session\Handlers\FileHandler' driver.
INFO - 2024-09-11 22:32:39 --> Session: Class initialized using 'CodeIgniter\Session\Handlers\FileHandler' driver.
INFO - 2024-09-11 22:33:03 --> Session: Class initialized using 'CodeIgniter\Session\Handlers\FileHandler' driver.
INFO - 2024-09-11 22:33:03 --> Session: Class initialized using 'CodeIgniter\Session\Handlers\FileHandler' driver.
INFO - 2024-09-11 22:33:20 --> Session: Class initialized using 'CodeIgniter\Session\Handlers\FileHandler' driver.
INFO - 2024-09-11 22:33:22 --> Session: Class initialized using 'CodeIgniter\Session\Handlers\FileHandler' driver.
INFO - 2024-09-11 22:33:23 --> Session: Class initialized using 'CodeIgniter\Session\Handlers\FileHandler' driver.
INFO - 2024-09-11 22:33:24 --> Session: Class initialized using 'CodeIgniter\Session\Handlers\FileHandler' driver.
INFO - 2024-09-11 22:33:32 --> Session: Class initialized using 'CodeIgniter\Session\Handlers\FileHandler' driver.
INFO - 2024-09-11 22:33:41 --> Session: Class initialized using 'CodeIgniter\Session\Handlers\FileHandler' driver.
INFO - 2024-09-11 22:33:57 --> Session: Class initialized using 'CodeIgniter\Session\Handlers\FileHandler' driver.
INFO - 2024-09-11 22:34:04 --> Session: Class initialized using 'CodeIgniter\Session\Handlers\FileHandler' driver.
INFO - 2024-09-11 22:34:13 --> Session: Class initialized using 'CodeIgniter\Session\Handlers\FileHandler' driver.
DEBUG - 2024-09-11 22:34:18 --> Datos del docente a actualizar: {"nombreCompleto":"Maribel Urbina","nip":"7288223","escalafon":"3242","fechaIngreso":"2020-01-01","estado":"Activo","tipo":"Docente","cargo":null,"idGrado":"9"}
INFO - 2024-09-11 22:34:18 --> Session: Class initialized using 'CodeIgniter\Session\Handlers\FileHandler' driver.
INFO - 2024-09-11 22:34:19 --> Session: Class initialized using 'CodeIgniter\Session\Handlers\FileHandler' driver.
INFO - 2024-09-11 22:34:27 --> Session: Class initialized using 'CodeIgniter\Session\Handlers\FileHandler' driver.
INFO - 2024-09-11 22:34:30 --> Session: Class initialized using 'CodeIgniter\Session\Handlers\FileHandler' driver.
DEBUG - 2024-09-11 22:34:42 --> Datos del docente a actualizar: {"nombreCompleto":"Joseline Urbina","nip":"7288223","escalafon":"3242","fechaIngreso":"2020-01-01","estado":"Activo","tipo":"Docente","cargo":null,"idGrado":"9"}
INFO - 2024-09-11 22:34:42 --> Session: Class initialized using 'CodeIgniter\Session\Handlers\FileHandler' driver.
INFO - 2024-09-11 22:34:42 --> Session: Class initialized using 'CodeIgniter\Session\Handlers\FileHandler' driver.
INFO - 2024-09-11 22:34:48 --> Session: Class initialized using 'CodeIgniter\Session\Handlers\FileHandler' driver.
INFO - 2024-09-11 22:34:53 --> Session: Class initialized using 'CodeIgniter\Session\Handlers\FileHandler' driver.
DEBUG - 2024-09-11 22:35:11 --> Método store() llamado
DEBUG - 2024-09-11 22:35:11 --> Datos del docente: {"nombreCompleto":"Alexis Torres","nip":"9928","escalafon":"947249","fechaIngreso":"2020-01-01","estado":"Activo","tipo":"Docente","cargo":null,"idGrado":"4"}
INFO - 2024-09-11 22:35:20 --> Session: Class initialized using 'CodeIgniter\Session\Handlers\FileHandler' driver.
INFO - 2024-09-11 22:35:24 --> Session: Class initialized using 'CodeIgniter\Session\Handlers\FileHandler' driver.
INFO - 2024-09-11 22:35:32 --> Session: Class initialized using 'CodeIgniter\Session\Handlers\FileHandler' driver.
INFO - 2024-09-11 22:35:36 --> Session: Class initialized using 'CodeIgniter\Session\Handlers\FileHandler' driver.
INFO - 2024-09-11 22:47:17 --> Session: Class initialized using 'CodeIgniter\Session\Handlers\FileHandler' driver.
INFO - 2024-09-11 22:50:08 --> Session: Class initialized using 'CodeIgniter\Session\Handlers\FileHandler' driver.
CRITICAL - 2024-09-11 22:50:09 --> ErrorException: Undefined variable $comidas
in APPPATH\Views\registro_diario\create.php on line 36.
 1 APPPATH\Views\registro_diario\create.php(36): CodeIgniter\Debug\Exceptions->errorHandler(2, 'Undefined variable $comidas', 'C:\\laragon\\www\\prueba\\SistemaControl\\app\\Views\\registro_diario\\create.php', 36)
 2 SYSTEMPATH\View\View.php(228): include('C:\\laragon\\www\\prueba\\SistemaControl\\app\\Views\\registro_diario\\create.php')
 3 SYSTEMPATH\View\View.php(231): CodeIgniter\View\View->CodeIgniter\View\{closure}()
 4 SYSTEMPATH\Common.php(1178): CodeIgniter\View\View->render('registro_diario/create', [], true)
 5 APPPATH\Controllers\RegistroDiarioController.php(38): view('registro_diario/create', [...])
 6 SYSTEMPATH\CodeIgniter.php(943): App\Controllers\RegistroDiarioController->create()
 7 SYSTEMPATH\CodeIgniter.php(503): CodeIgniter\CodeIgniter->runController(Object(App\Controllers\RegistroDiarioController))
 8 SYSTEMPATH\CodeIgniter.php(361): CodeIgniter\CodeIgniter->handleRequest(null, Object(Config\Cache), false)
 9 FCPATH\index.php(81): CodeIgniter\CodeIgniter->run()
INFO - 2024-09-11 22:57:10 --> Session: Class initialized using 'CodeIgniter\Session\Handlers\FileHandler' driver.
CRITICAL - 2024-09-11 22:57:10 --> ErrorException: Undefined variable $grados
in APPPATH\Views\registro_diario\create.php on line 56.
 1 APPPATH\Views\registro_diario\create.php(56): CodeIgniter\Debug\Exceptions->errorHandler(2, 'Undefined variable $grados', 'C:\\laragon\\www\\prueba\\SistemaControl\\app\\Views\\registro_diario\\create.php', 56)
 2 SYSTEMPATH\View\View.php(228): include('C:\\laragon\\www\\prueba\\SistemaControl\\app\\Views\\registro_diario\\create.php')
 3 SYSTEMPATH\View\View.php(231): CodeIgniter\View\View->CodeIgniter\View\{closure}()
 4 SYSTEMPATH\Common.php(1178): CodeIgniter\View\View->render('registro_diario/create', [], true)
 5 APPPATH\Controllers\RegistroDiarioController.php(41): view('registro_diario/create', [...])
 6 SYSTEMPATH\CodeIgniter.php(943): App\Controllers\RegistroDiarioController->create()
 7 SYSTEMPATH\CodeIgniter.php(503): CodeIgniter\CodeIgniter->runController(Object(App\Controllers\RegistroDiarioController))
 8 SYSTEMPATH\CodeIgniter.php(361): CodeIgniter\CodeIgniter->handleRequest(null, Object(Config\Cache), false)
 9 FCPATH\index.php(81): CodeIgniter\CodeIgniter->run()
INFO - 2024-09-11 22:57:58 --> Session: Class initialized using 'CodeIgniter\Session\Handlers\FileHandler' driver.
CRITICAL - 2024-09-11 22:57:59 --> ErrorException: Undefined variable $grados
in APPPATH\Views\registro_diario\create.php on line 56.
 1 APPPATH\Views\registro_diario\create.php(56): CodeIgniter\Debug\Exceptions->errorHandler(2, 'Undefined variable $grados', 'C:\\laragon\\www\\prueba\\SistemaControl\\app\\Views\\registro_diario\\create.php', 56)
 2 SYSTEMPATH\View\View.php(228): include('C:\\laragon\\www\\prueba\\SistemaControl\\app\\Views\\registro_diario\\create.php')
 3 SYSTEMPATH\View\View.php(231): CodeIgniter\View\View->CodeIgniter\View\{closure}()
 4 SYSTEMPATH\Common.php(1178): CodeIgniter\View\View->render('registro_diario/create', [], true)
 5 APPPATH\Controllers\RegistroDiarioController.php(41): view('registro_diario/create', [...])
 6 SYSTEMPATH\CodeIgniter.php(943): App\Controllers\RegistroDiarioController->create()
 7 SYSTEMPATH\CodeIgniter.php(503): CodeIgniter\CodeIgniter->runController(Object(App\Controllers\RegistroDiarioController))
 8 SYSTEMPATH\CodeIgniter.php(361): CodeIgniter\CodeIgniter->handleRequest(null, Object(Config\Cache), false)
 9 FCPATH\index.php(81): CodeIgniter\CodeIgniter->run()
INFO - 2024-09-11 22:59:20 --> Session: Class initialized using 'CodeIgniter\Session\Handlers\FileHandler' driver.
CRITICAL - 2024-09-11 22:59:20 --> ErrorException: Undefined variable $grados
in APPPATH\Views\registro_diario\create.php on line 56.
 1 APPPATH\Views\registro_diario\create.php(56): CodeIgniter\Debug\Exceptions->errorHandler(2, 'Undefined variable $grados', 'C:\\laragon\\www\\prueba\\SistemaControl\\app\\Views\\registro_diario\\create.php', 56)
 2 SYSTEMPATH\View\View.php(228): include('C:\\laragon\\www\\prueba\\SistemaControl\\app\\Views\\registro_diario\\create.php')
 3 SYSTEMPATH\View\View.php(231): CodeIgniter\View\View->CodeIgniter\View\{closure}()
 4 SYSTEMPATH\Common.php(1178): CodeIgniter\View\View->render('registro_diario/create', [], true)
 5 APPPATH\Controllers\RegistroDiarioController.php(41): view('registro_diario/create', [...])
 6 SYSTEMPATH\CodeIgniter.php(943): App\Controllers\RegistroDiarioController->create()
 7 SYSTEMPATH\CodeIgniter.php(503): CodeIgniter\CodeIgniter->runController(Object(App\Controllers\RegistroDiarioController))
 8 SYSTEMPATH\CodeIgniter.php(361): CodeIgniter\CodeIgniter->handleRequest(null, Object(Config\Cache), false)
 9 FCPATH\index.php(81): CodeIgniter\CodeIgniter->run()
INFO - 2024-09-11 23:00:01 --> Session: Class initialized using 'CodeIgniter\Session\Handlers\FileHandler' driver.
CRITICAL - 2024-09-11 23:00:01 --> ErrorException: Undefined array key "idComida"
in APPPATH\Views\registro_diario\create.php on line 37.
 1 APPPATH\Views\registro_diario\create.php(37): CodeIgniter\Debug\Exceptions->errorHandler(2, 'Undefined array key "idComida"', 'C:\\laragon\\www\\prueba\\SistemaControl\\app\\Views\\registro_diario\\create.php', 37)
 2 SYSTEMPATH\View\View.php(228): include('C:\\laragon\\www\\prueba\\SistemaControl\\app\\Views\\registro_diario\\create.php')
 3 SYSTEMPATH\View\View.php(231): CodeIgniter\View\View->CodeIgniter\View\{closure}()
 4 SYSTEMPATH\Common.php(1178): CodeIgniter\View\View->render('registro_diario/create', [], true)
 5 APPPATH\Controllers\RegistroDiarioController.php(41): view('registro_diario/create', [...])
 6 SYSTEMPATH\CodeIgniter.php(943): App\Controllers\RegistroDiarioController->create()
 7 SYSTEMPATH\CodeIgniter.php(503): CodeIgniter\CodeIgniter->runController(Object(App\Controllers\RegistroDiarioController))
 8 SYSTEMPATH\CodeIgniter.php(361): CodeIgniter\CodeIgniter->handleRequest(null, Object(Config\Cache), false)
 9 FCPATH\index.php(81): CodeIgniter\CodeIgniter->run()
INFO - 2024-09-11 23:00:08 --> Session: Class initialized using 'CodeIgniter\Session\Handlers\FileHandler' driver.
CRITICAL - 2024-09-11 23:00:08 --> ErrorException: Undefined variable $comidas
in APPPATH\Views\registro_diario\create.php on line 36.
 1 APPPATH\Views\registro_diario\create.php(36): CodeIgniter\Debug\Exceptions->errorHandler(2, 'Undefined variable $comidas', 'C:\\laragon\\www\\prueba\\SistemaControl\\app\\Views\\registro_diario\\create.php', 36)
 2 SYSTEMPATH\View\View.php(228): include('C:\\laragon\\www\\prueba\\SistemaControl\\app\\Views\\registro_diario\\create.php')
 3 SYSTEMPATH\View\View.php(231): CodeIgniter\View\View->CodeIgniter\View\{closure}()
 4 SYSTEMPATH\Common.php(1178): CodeIgniter\View\View->render('registro_diario/create', [], true)
 5 APPPATH\Controllers\RegistroDiarioController.php(38): view('registro_diario/create', [...])
 6 SYSTEMPATH\CodeIgniter.php(943): App\Controllers\RegistroDiarioController->create()
 7 SYSTEMPATH\CodeIgniter.php(503): CodeIgniter\CodeIgniter->runController(Object(App\Controllers\RegistroDiarioController))
 8 SYSTEMPATH\CodeIgniter.php(361): CodeIgniter\CodeIgniter->handleRequest(null, Object(Config\Cache), false)
 9 FCPATH\index.php(81): CodeIgniter\CodeIgniter->run()
INFO - 2024-09-11 23:00:20 --> Session: Class initialized using 'CodeIgniter\Session\Handlers\FileHandler' driver.
CRITICAL - 2024-09-11 23:00:21 --> ErrorException: Undefined variable $comidas
in APPPATH\Views\registro_diario\create.php on line 36.
 1 APPPATH\Views\registro_diario\create.php(36): CodeIgniter\Debug\Exceptions->errorHandler(2, 'Undefined variable $comidas', 'C:\\laragon\\www\\prueba\\SistemaControl\\app\\Views\\registro_diario\\create.php', 36)
 2 SYSTEMPATH\View\View.php(228): include('C:\\laragon\\www\\prueba\\SistemaControl\\app\\Views\\registro_diario\\create.php')
 3 SYSTEMPATH\View\View.php(231): CodeIgniter\View\View->CodeIgniter\View\{closure}()
 4 SYSTEMPATH\Common.php(1178): CodeIgniter\View\View->render('registro_diario/create', [], true)
 5 APPPATH\Controllers\RegistroDiarioController.php(40): view('registro_diario/create', [...])
 6 SYSTEMPATH\CodeIgniter.php(943): App\Controllers\RegistroDiarioController->create()
 7 SYSTEMPATH\CodeIgniter.php(503): CodeIgniter\CodeIgniter->runController(Object(App\Controllers\RegistroDiarioController))
 8 SYSTEMPATH\CodeIgniter.php(361): CodeIgniter\CodeIgniter->handleRequest(null, Object(Config\Cache), false)
 9 FCPATH\index.php(81): CodeIgniter\CodeIgniter->run()
INFO - 2024-09-11 23:00:29 --> Session: Class initialized using 'CodeIgniter\Session\Handlers\FileHandler' driver.
CRITICAL - 2024-09-11 23:00:29 --> ErrorException: Undefined variable $comidas
in APPPATH\Views\registro_diario\create.php on line 36.
 1 APPPATH\Views\registro_diario\create.php(36): CodeIgniter\Debug\Exceptions->errorHandler(2, 'Undefined variable $comidas', 'C:\\laragon\\www\\prueba\\SistemaControl\\app\\Views\\registro_diario\\create.php', 36)
 2 SYSTEMPATH\View\View.php(228): include('C:\\laragon\\www\\prueba\\SistemaControl\\app\\Views\\registro_diario\\create.php')
 3 SYSTEMPATH\View\View.php(231): CodeIgniter\View\View->CodeIgniter\View\{closure}()
 4 SYSTEMPATH\Common.php(1178): CodeIgniter\View\View->render('registro_diario/create', [], true)
 5 APPPATH\Controllers\RegistroDiarioController.php(40): view('registro_diario/create', [...])
 6 SYSTEMPATH\CodeIgniter.php(943): App\Controllers\RegistroDiarioController->create()
 7 SYSTEMPATH\CodeIgniter.php(503): CodeIgniter\CodeIgniter->runController(Object(App\Controllers\RegistroDiarioController))
 8 SYSTEMPATH\CodeIgniter.php(361): CodeIgniter\CodeIgniter->handleRequest(null, Object(Config\Cache), false)
 9 FCPATH\index.php(81): CodeIgniter\CodeIgniter->run()
INFO - 2024-09-11 23:00:45 --> Session: Class initialized using 'CodeIgniter\Session\Handlers\FileHandler' driver.
CRITICAL - 2024-09-11 23:00:45 --> ErrorException: Undefined variable $comidas
in APPPATH\Views\registro_diario\create.php on line 36.
 1 APPPATH\Views\registro_diario\create.php(36): CodeIgniter\Debug\Exceptions->errorHandler(2, 'Undefined variable $comidas', 'C:\\laragon\\www\\prueba\\SistemaControl\\app\\Views\\registro_diario\\create.php', 36)
 2 SYSTEMPATH\View\View.php(228): include('C:\\laragon\\www\\prueba\\SistemaControl\\app\\Views\\registro_diario\\create.php')
 3 SYSTEMPATH\View\View.php(231): CodeIgniter\View\View->CodeIgniter\View\{closure}()
 4 SYSTEMPATH\Common.php(1178): CodeIgniter\View\View->render('registro_diario/create', [], true)
 5 APPPATH\Controllers\RegistroDiarioController.php(40): view('registro_diario/create', [...])
 6 SYSTEMPATH\CodeIgniter.php(943): App\Controllers\RegistroDiarioController->create()
 7 SYSTEMPATH\CodeIgniter.php(503): CodeIgniter\CodeIgniter->runController(Object(App\Controllers\RegistroDiarioController))
 8 SYSTEMPATH\CodeIgniter.php(361): CodeIgniter\CodeIgniter->handleRequest(null, Object(Config\Cache), false)
 9 FCPATH\index.php(81): CodeIgniter\CodeIgniter->run()
INFO - 2024-09-11 23:00:48 --> Session: Class initialized using 'CodeIgniter\Session\Handlers\FileHandler' driver.
CRITICAL - 2024-09-11 23:00:48 --> ErrorException: Undefined variable $comidas
in APPPATH\Views\registro_diario\create.php on line 36.
 1 APPPATH\Views\registro_diario\create.php(36): CodeIgniter\Debug\Exceptions->errorHandler(2, 'Undefined variable $comidas', 'C:\\laragon\\www\\prueba\\SistemaControl\\app\\Views\\registro_diario\\create.php', 36)
 2 SYSTEMPATH\View\View.php(228): include('C:\\laragon\\www\\prueba\\SistemaControl\\app\\Views\\registro_diario\\create.php')
 3 SYSTEMPATH\View\View.php(231): CodeIgniter\View\View->CodeIgniter\View\{closure}()
 4 SYSTEMPATH\Common.php(1178): CodeIgniter\View\View->render('registro_diario/create', [], true)
 5 APPPATH\Controllers\RegistroDiarioController.php(40): view('registro_diario/create', [...])
 6 SYSTEMPATH\CodeIgniter.php(943): App\Controllers\RegistroDiarioController->create()
 7 SYSTEMPATH\CodeIgniter.php(503): CodeIgniter\CodeIgniter->runController(Object(App\Controllers\RegistroDiarioController))
 8 SYSTEMPATH\CodeIgniter.php(361): CodeIgniter\CodeIgniter->handleRequest(null, Object(Config\Cache), false)
 9 FCPATH\index.php(81): CodeIgniter\CodeIgniter->run()
INFO - 2024-09-11 23:00:57 --> Session: Class initialized using 'CodeIgniter\Session\Handlers\FileHandler' driver.
INFO - 2024-09-11 23:06:09 --> Session: Class initialized using 'CodeIgniter\Session\Handlers\FileHandler' driver.
INFO - 2024-09-11 23:06:42 --> Session: Class initialized using 'CodeIgniter\Session\Handlers\FileHandler' driver.
INFO - 2024-09-11 23:11:37 --> Session: Class initialized using 'CodeIgniter\Session\Handlers\FileHandler' driver.
INFO - 2024-09-11 23:15:50 --> Session: Class initialized using 'CodeIgniter\Session\Handlers\FileHandler' driver.
INFO - 2024-09-11 23:28:47 --> Session: Class initialized using 'CodeIgniter\Session\Handlers\FileHandler' driver.
INFO - 2024-09-11 23:28:49 --> Session: Class initialized using 'CodeIgniter\Session\Handlers\FileHandler' driver.
INFO - 2024-09-11 23:34:04 --> Session: Class initialized using 'CodeIgniter\Session\Handlers\FileHandler' driver.
INFO - 2024-09-11 23:34:51 --> Session: Class initialized using 'CodeIgniter\Session\Handlers\FileHandler' driver.
INFO - 2024-09-11 23:35:01 --> Session: Class initialized using 'CodeIgniter\Session\Handlers\FileHandler' driver.
INFO - 2024-09-11 23:35:10 --> Session: Class initialized using 'CodeIgniter\Session\Handlers\FileHandler' driver.
INFO - 2024-09-11 23:35:16 --> Session: Class initialized using 'CodeIgniter\Session\Handlers\FileHandler' driver.
INFO - 2024-09-11 23:35:24 --> Session: Class initialized using 'CodeIgniter\Session\Handlers\FileHandler' driver.
INFO - 2024-09-11 23:35:30 --> Session: Class initialized using 'CodeIgniter\Session\Handlers\FileHandler' driver.
INFO - 2024-09-11 23:35:43 --> Session: Class initialized using 'CodeIgniter\Session\Handlers\FileHandler' driver.
INFO - 2024-09-11 23:41:44 --> Session: Class initialized using 'CodeIgniter\Session\Handlers\FileHandler' driver.
INFO - 2024-09-11 23:42:43 --> Session: Class initialized using 'CodeIgniter\Session\Handlers\FileHandler' driver.
INFO - 2024-09-11 23:42:56 --> Session: Class initialized using 'CodeIgniter\Session\Handlers\FileHandler' driver.
INFO - 2024-09-11 23:47:27 --> Session: Class initialized using 'CodeIgniter\Session\Handlers\FileHandler' driver.
INFO - 2024-09-11 23:50:01 --> Session: Class initialized using 'CodeIgniter\Session\Handlers\FileHandler' driver.
INFO - 2024-09-11 23:54:13 --> Session: Class initialized using 'CodeIgniter\Session\Handlers\FileHandler' driver.
INFO - 2024-09-11 23:54:14 --> Session: Class initialized using 'CodeIgniter\Session\Handlers\FileHandler' driver.
INFO - 2024-09-11 23:54:18 --> Session: Class initialized using 'CodeIgniter\Session\Handlers\FileHandler' driver.
INFO - 2024-09-11 23:54:50 --> Session: Class initialized using 'CodeIgniter\Session\Handlers\FileHandler' driver.
INFO - 2024-09-11 23:57:47 --> Session: Class initialized using 'CodeIgniter\Session\Handlers\FileHandler' driver.
