INFO - 2024-08-07 00:03:38 --> Session: Class initialized using 'CodeIgniter\Session\Handlers\FileHandler' driver.
INFO - 2024-08-07 00:03:56 --> Session: Class initialized using 'CodeIgniter\Session\Handlers\FileHandler' driver.
INFO - 2024-08-07 00:03:56 --> Datos recibidos: ID Tipo Permiso = 9, Horas Ocupadas = , ID Docente = 32, Fecha Inicio = 2024-08-07, Fecha Fin = 2024-08-08
ERROR - 2024-08-07 00:03:56 --> idDetallePermiso no encontrado en detalleSaldosTipoPermiso.
INFO - 2024-08-07 00:03:56 --> Session: Class initialized using 'CodeIgniter\Session\Handlers\FileHandler' driver.
INFO - 2024-08-07 00:10:02 --> Session: Class initialized using 'CodeIgniter\Session\Handlers\FileHandler' driver.
INFO - 2024-08-07 00:10:17 --> Session: Class initialized using 'CodeIgniter\Session\Handlers\FileHandler' driver.
INFO - 2024-08-07 00:10:17 --> Datos recibidos: ID Tipo Permiso = 9, Horas Ocupadas = , ID Docente = 33, Fecha Inicio = 2024-08-14, Fecha Fin = 2024-08-15
ERROR - 2024-08-07 00:10:17 --> Error al crear permiso: idDetallePermiso no encontrado en detalleSaldosTipoPermiso.
INFO - 2024-08-07 00:10:17 --> Session: Class initialized using 'CodeIgniter\Session\Handlers\FileHandler' driver.
INFO - 2024-08-07 00:17:15 --> Session: Class initialized using 'CodeIgniter\Session\Handlers\FileHandler' driver.
INFO - 2024-08-07 00:17:28 --> Session: Class initialized using 'CodeIgniter\Session\Handlers\FileHandler' driver.
INFO - 2024-08-07 00:17:28 --> Datos recibidos: ID Tipo Permiso = 13, Horas Ocupadas = , ID Docente = 32, Fecha Inicio = 2024-08-07, Fecha Fin = 2024-08-08
ERROR - 2024-08-07 00:17:29 --> Saldo insuficiente: tipoPermiso = 13, saldoDisponible = 0, diasOcupados = 2
INFO - 2024-08-07 00:17:29 --> Session: Class initialized using 'CodeIgniter\Session\Handlers\FileHandler' driver.
INFO - 2024-08-07 00:23:09 --> Session: Class initialized using 'CodeIgniter\Session\Handlers\FileHandler' driver.
INFO - 2024-08-07 00:23:24 --> Session: Class initialized using 'CodeIgniter\Session\Handlers\FileHandler' driver.
INFO - 2024-08-07 00:23:24 --> Datos recibidos: ID Tipo Permiso = 9, Horas Ocupadas = , ID Docente = 32, Fecha Inicio = 2024-08-07, Fecha Fin = 2024-08-08
ERROR - 2024-08-07 00:23:25 --> Saldo insuficiente: tipoPermiso = 9, saldoDisponible = 1, diasOcupados = 2
INFO - 2024-08-07 00:23:25 --> Session: Class initialized using 'CodeIgniter\Session\Handlers\FileHandler' driver.
INFO - 2024-08-07 00:29:39 --> Session: Class initialized using 'CodeIgniter\Session\Handlers\FileHandler' driver.
INFO - 2024-08-07 00:29:55 --> Session: Class initialized using 'CodeIgniter\Session\Handlers\FileHandler' driver.
INFO - 2024-08-07 00:29:55 --> Datos recibidos: ID Tipo Permiso = 9, Horas Ocupadas = , ID Docente = 31, Fecha Inicio = 2024-08-07, Fecha Fin = 2024-08-08
INFO - 2024-08-07 00:30:11 --> Session: Class initialized using 'CodeIgniter\Session\Handlers\FileHandler' driver.
INFO - 2024-08-07 00:32:22 --> Session: Class initialized using 'CodeIgniter\Session\Handlers\FileHandler' driver.
INFO - 2024-08-07 00:32:36 --> Session: Class initialized using 'CodeIgniter\Session\Handlers\FileHandler' driver.
INFO - 2024-08-07 00:32:36 --> Datos recibidos: ID Tipo Permiso = 9, Horas Ocupadas = , ID Docente = 29, Fecha Inicio = 2024-08-13, Fecha Fin = 2024-08-15
INFO - 2024-08-07 00:33:26 --> Session: Class initialized using 'CodeIgniter\Session\Handlers\FileHandler' driver.
INFO - 2024-08-07 00:33:29 --> Session: Class initialized using 'CodeIgniter\Session\Handlers\FileHandler' driver.
INFO - 2024-08-07 00:33:47 --> Session: Class initialized using 'CodeIgniter\Session\Handlers\FileHandler' driver.
INFO - 2024-08-07 00:34:07 --> Session: Class initialized using 'CodeIgniter\Session\Handlers\FileHandler' driver.
INFO - 2024-08-07 00:34:07 --> Datos recibidos: ID Tipo Permiso = 7, Horas Ocupadas = , ID Docente = 30, Fecha Inicio = 2024-08-17, Fecha Fin = 2024-08-19
INFO - 2024-08-07 00:34:07 --> Saldo no encontrado. Se creará un nuevo registro.
ERROR - 2024-08-07 00:34:08 --> Saldo insuficiente: tipoPermiso = 7, saldoDisponible = 0, diasOcupados = 3
INFO - 2024-08-07 00:34:08 --> Session: Class initialized using 'CodeIgniter\Session\Handlers\FileHandler' driver.
INFO - 2024-08-07 00:34:25 --> Session: Class initialized using 'CodeIgniter\Session\Handlers\FileHandler' driver.
INFO - 2024-08-07 00:34:25 --> Datos recibidos: ID Tipo Permiso = 9, Horas Ocupadas = , ID Docente = 30, Fecha Inicio = 2024-08-07, Fecha Fin = 2024-08-08
ERROR - 2024-08-07 00:34:25 --> Error al crear el permiso: Undefined array key "idSaldoDocente"
INFO - 2024-08-07 00:34:26 --> Session: Class initialized using 'CodeIgniter\Session\Handlers\FileHandler' driver.
INFO - 2024-08-07 00:34:35 --> Session: Class initialized using 'CodeIgniter\Session\Handlers\FileHandler' driver.
INFO - 2024-08-07 00:35:13 --> Session: Class initialized using 'CodeIgniter\Session\Handlers\FileHandler' driver.
INFO - 2024-08-07 00:35:25 --> Session: Class initialized using 'CodeIgniter\Session\Handlers\FileHandler' driver.
INFO - 2024-08-07 00:35:25 --> Datos recibidos: ID Tipo Permiso = 13, Horas Ocupadas = , ID Docente = 30, Fecha Inicio = 2024-08-07, Fecha Fin = 2024-08-08
ERROR - 2024-08-07 00:35:25 --> Error al crear el permiso: Undefined array key "idSaldoDocente"
INFO - 2024-08-07 00:35:25 --> Session: Class initialized using 'CodeIgniter\Session\Handlers\FileHandler' driver.
INFO - 2024-08-07 00:36:43 --> Session: Class initialized using 'CodeIgniter\Session\Handlers\FileHandler' driver.
INFO - 2024-08-07 00:36:58 --> Session: Class initialized using 'CodeIgniter\Session\Handlers\FileHandler' driver.
INFO - 2024-08-07 00:36:58 --> Datos recibidos: ID Tipo Permiso = 13, Horas Ocupadas = , ID Docente = 30, Fecha Inicio = 2024-08-07, Fecha Fin = 2024-08-08
ERROR - 2024-08-07 00:36:58 --> Error al crear el permiso: Undefined array key "idSaldoDocente"
INFO - 2024-08-07 00:37:00 --> Session: Class initialized using 'CodeIgniter\Session\Handlers\FileHandler' driver.
INFO - 2024-08-07 00:37:17 --> Session: Class initialized using 'CodeIgniter\Session\Handlers\FileHandler' driver.
INFO - 2024-08-07 00:37:17 --> Datos recibidos: ID Tipo Permiso = 9, Horas Ocupadas = , ID Docente = 30, Fecha Inicio = 2024-08-07, Fecha Fin = 2024-08-08
ERROR - 2024-08-07 00:37:18 --> Error al crear el permiso: Undefined array key "idSaldoDocente"
INFO - 2024-08-07 00:37:18 --> Session: Class initialized using 'CodeIgniter\Session\Handlers\FileHandler' driver.
INFO - 2024-08-07 00:43:08 --> Session: Class initialized using 'CodeIgniter\Session\Handlers\FileHandler' driver.
INFO - 2024-08-07 00:43:28 --> Session: Class initialized using 'CodeIgniter\Session\Handlers\FileHandler' driver.
INFO - 2024-08-07 00:43:28 --> Datos recibidos: ID Tipo Permiso = 9, Horas Ocupadas = , ID Docente = 30, Fecha Inicio = 2024-08-07, Fecha Fin = 2024-08-08
ERROR - 2024-08-07 00:43:29 --> Error al crear el permiso: ID de saldo de docente no encontrado.
INFO - 2024-08-07 00:43:29 --> Session: Class initialized using 'CodeIgniter\Session\Handlers\FileHandler' driver.
INFO - 2024-08-07 00:48:32 --> Session: Class initialized using 'CodeIgniter\Session\Handlers\FileHandler' driver.
INFO - 2024-08-07 00:48:47 --> Session: Class initialized using 'CodeIgniter\Session\Handlers\FileHandler' driver.
INFO - 2024-08-07 00:48:47 --> Datos recibidos: ID Tipo Permiso = 13, Horas Ocupadas = , ID Docente = 30, Fecha Inicio = 2024-08-14, Fecha Fin = 2024-08-15
ERROR - 2024-08-07 00:48:48 --> Error al crear el permiso: ID de saldo de docente no encontrado.
INFO - 2024-08-07 00:48:48 --> Session: Class initialized using 'CodeIgniter\Session\Handlers\FileHandler' driver.
INFO - 2024-08-07 01:08:36 --> Session: Class initialized using 'CodeIgniter\Session\Handlers\FileHandler' driver.
INFO - 2024-08-07 01:09:14 --> Session: Class initialized using 'CodeIgniter\Session\Handlers\FileHandler' driver.
INFO - 2024-08-07 01:12:34 --> Session: Class initialized using 'CodeIgniter\Session\Handlers\FileHandler' driver.
INFO - 2024-08-07 01:16:35 --> Session: Class initialized using 'CodeIgniter\Session\Handlers\FileHandler' driver.
INFO - 2024-08-07 01:16:35 --> Datos recibidos: ID Tipo Permiso = 13, Horas Ocupadas = , ID Docente = 30, Fecha Inicio = 2024-08-07, Fecha Fin = 2024-08-08
ERROR - 2024-08-07 01:16:37 --> Error al crear el permiso: ID de saldo de docente no encontrado.
INFO - 2024-08-07 01:16:37 --> Session: Class initialized using 'CodeIgniter\Session\Handlers\FileHandler' driver.
INFO - 2024-08-07 04:05:46 --> Session: Class initialized using 'CodeIgniter\Session\Handlers\FileHandler' driver.
INFO - 2024-08-07 04:06:56 --> Session: Class initialized using 'CodeIgniter\Session\Handlers\FileHandler' driver.
INFO - 2024-08-07 04:07:05 --> Session: Class initialized using 'CodeIgniter\Session\Handlers\FileHandler' driver.
CRITICAL - 2024-08-07 04:07:07 --> ErrorException: Undefined variable $tipos_permisos
in APPPATH\Views\permisos_personal\create.php on line 27.
 1 APPPATH\Views\permisos_personal\create.php(27): CodeIgniter\Debug\Exceptions->errorHandler(2, 'Undefined variable $tipos_permisos', 'C:\\laragon\\www\\prueba\\SistemaControl\\app\\Views\\permisos_personal\\create.php', 27)
 2 SYSTEMPATH\View\View.php(228): include('C:\\laragon\\www\\prueba\\SistemaControl\\app\\Views\\permisos_personal\\create.php')
 3 SYSTEMPATH\View\View.php(231): CodeIgniter\View\View->CodeIgniter\View\{closure}()
 4 SYSTEMPATH\Common.php(1178): CodeIgniter\View\View->render('permisos_personal/create', [], true)
 5 APPPATH\Controllers\PermisosPersonal.php(63): view('permisos_personal/create', [...])
 6 SYSTEMPATH\CodeIgniter.php(943): App\Controllers\PermisosPersonal->create()
 7 SYSTEMPATH\CodeIgniter.php(503): CodeIgniter\CodeIgniter->runController(Object(App\Controllers\PermisosPersonal))
 8 SYSTEMPATH\CodeIgniter.php(361): CodeIgniter\CodeIgniter->handleRequest(null, Object(Config\Cache), false)
 9 FCPATH\index.php(81): CodeIgniter\CodeIgniter->run()
INFO - 2024-08-07 04:09:20 --> Session: Class initialized using 'CodeIgniter\Session\Handlers\FileHandler' driver.
INFO - 2024-08-07 04:09:45 --> Session: Class initialized using 'CodeIgniter\Session\Handlers\FileHandler' driver.
INFO - 2024-08-07 04:09:49 --> Session: Class initialized using 'CodeIgniter\Session\Handlers\FileHandler' driver.
INFO - 2024-08-07 04:33:16 --> Session: Class initialized using 'CodeIgniter\Session\Handlers\FileHandler' driver.
INFO - 2024-08-07 04:33:16 --> Session: Class initialized using 'CodeIgniter\Session\Handlers\FileHandler' driver.
CRITICAL - 2024-08-07 04:33:17 --> BadMethodCallException: Call to undefined method App\Models\SaldoPersonalModel::obtenerSaldosPorDocente
in SYSTEMPATH\Model.php on line 879.
 1 APPPATH\Controllers\PermisosPersonal.php(32): CodeIgniter\Model->__call('obtenerSaldosPorDocente', [...])
 2 SYSTEMPATH\CodeIgniter.php(943): App\Controllers\PermisosPersonal->index()
 3 SYSTEMPATH\CodeIgniter.php(503): CodeIgniter\CodeIgniter->runController(Object(App\Controllers\PermisosPersonal))
 4 SYSTEMPATH\CodeIgniter.php(361): CodeIgniter\CodeIgniter->handleRequest(null, Object(Config\Cache), false)
 5 FCPATH\index.php(81): CodeIgniter\CodeIgniter->run()
CRITICAL - 2024-08-07 04:33:17 --> BadMethodCallException: Call to undefined method App\Models\SaldoPersonalModel::obtenerSaldosPorDocente
in SYSTEMPATH\Model.php on line 879.
 1 APPPATH\Controllers\PermisosPersonal.php(32): CodeIgniter\Model->__call('obtenerSaldosPorDocente', [...])
 2 SYSTEMPATH\CodeIgniter.php(943): App\Controllers\PermisosPersonal->index()
 3 SYSTEMPATH\CodeIgniter.php(503): CodeIgniter\CodeIgniter->runController(Object(App\Controllers\PermisosPersonal))
 4 SYSTEMPATH\CodeIgniter.php(361): CodeIgniter\CodeIgniter->handleRequest(null, Object(Config\Cache), false)
 5 FCPATH\index.php(81): CodeIgniter\CodeIgniter->run()
INFO - 2024-08-07 04:34:18 --> Session: Class initialized using 'CodeIgniter\Session\Handlers\FileHandler' driver.
CRITICAL - 2024-08-07 04:34:18 --> BadMethodCallException: Call to undefined method App\Models\SaldoPersonalModel::obtenerSaldosPorDocente
in SYSTEMPATH\Model.php on line 879.
 1 APPPATH\Controllers\PermisosPersonal.php(32): CodeIgniter\Model->__call('obtenerSaldosPorDocente', [...])
 2 SYSTEMPATH\CodeIgniter.php(943): App\Controllers\PermisosPersonal->index()
 3 SYSTEMPATH\CodeIgniter.php(503): CodeIgniter\CodeIgniter->runController(Object(App\Controllers\PermisosPersonal))
 4 SYSTEMPATH\CodeIgniter.php(361): CodeIgniter\CodeIgniter->handleRequest(null, Object(Config\Cache), false)
 5 FCPATH\index.php(81): CodeIgniter\CodeIgniter->run()
INFO - 2024-08-07 04:36:07 --> Session: Class initialized using 'CodeIgniter\Session\Handlers\FileHandler' driver.
INFO - 2024-08-07 04:36:11 --> Session: Class initialized using 'CodeIgniter\Session\Handlers\FileHandler' driver.
INFO - 2024-08-07 04:36:24 --> Session: Class initialized using 'CodeIgniter\Session\Handlers\FileHandler' driver.
INFO - 2024-08-07 04:36:24 --> Session: Class initialized using 'CodeIgniter\Session\Handlers\FileHandler' driver.
INFO - 2024-08-07 04:37:13 --> Session: Class initialized using 'CodeIgniter\Session\Handlers\FileHandler' driver.
CRITICAL - 2024-08-07 04:37:14 --> ErrorException: Undefined variable $tipos_permisos
in APPPATH\Views\permisos_personal\create.php on line 27.
 1 APPPATH\Views\permisos_personal\create.php(27): CodeIgniter\Debug\Exceptions->errorHandler(2, 'Undefined variable $tipos_permisos', 'C:\\laragon\\www\\prueba\\SistemaControl\\app\\Views\\permisos_personal\\create.php', 27)
 2 SYSTEMPATH\View\View.php(228): include('C:\\laragon\\www\\prueba\\SistemaControl\\app\\Views\\permisos_personal\\create.php')
 3 SYSTEMPATH\View\View.php(231): CodeIgniter\View\View->CodeIgniter\View\{closure}()
 4 SYSTEMPATH\Common.php(1178): CodeIgniter\View\View->render('permisos_personal/create', [], true)
 5 APPPATH\Controllers\PermisosPersonal.php(63): view('permisos_personal/create', [...])
 6 SYSTEMPATH\CodeIgniter.php(943): App\Controllers\PermisosPersonal->create()
 7 SYSTEMPATH\CodeIgniter.php(503): CodeIgniter\CodeIgniter->runController(Object(App\Controllers\PermisosPersonal))
 8 SYSTEMPATH\CodeIgniter.php(361): CodeIgniter\CodeIgniter->handleRequest(null, Object(Config\Cache), false)
 9 FCPATH\index.php(81): CodeIgniter\CodeIgniter->run()
INFO - 2024-08-07 04:38:15 --> Session: Class initialized using 'CodeIgniter\Session\Handlers\FileHandler' driver.
INFO - 2024-08-07 04:38:19 --> Session: Class initialized using 'CodeIgniter\Session\Handlers\FileHandler' driver.
INFO - 2024-08-07 04:38:19 --> Session: Class initialized using 'CodeIgniter\Session\Handlers\FileHandler' driver.
INFO - 2024-08-07 04:53:36 --> Session: Class initialized using 'CodeIgniter\Session\Handlers\FileHandler' driver.
CRITICAL - 2024-08-07 04:53:37 --> ErrorException: Undefined variable $data
in APPPATH\Views\permisos_personal\create.php on line 19.
 1 APPPATH\Views\permisos_personal\create.php(19): CodeIgniter\Debug\Exceptions->errorHandler(2, 'Undefined variable $data', 'C:\\laragon\\www\\prueba\\SistemaControl\\app\\Views\\permisos_personal\\create.php', 19)
 2 SYSTEMPATH\View\View.php(228): include('C:\\laragon\\www\\prueba\\SistemaControl\\app\\Views\\permisos_personal\\create.php')
 3 SYSTEMPATH\View\View.php(231): CodeIgniter\View\View->CodeIgniter\View\{closure}()
 4 SYSTEMPATH\Common.php(1178): CodeIgniter\View\View->render('permisos_personal/create', [], true)
 5 APPPATH\Controllers\PermisosPersonal.php(114): view('permisos_personal/create', [...])
 6 SYSTEMPATH\CodeIgniter.php(943): App\Controllers\PermisosPersonal->create()
 7 SYSTEMPATH\CodeIgniter.php(503): CodeIgniter\CodeIgniter->runController(Object(App\Controllers\PermisosPersonal))
 8 SYSTEMPATH\CodeIgniter.php(361): CodeIgniter\CodeIgniter->handleRequest(null, Object(Config\Cache), false)
 9 FCPATH\index.php(81): CodeIgniter\CodeIgniter->run()
INFO - 2024-08-07 04:55:13 --> Session: Class initialized using 'CodeIgniter\Session\Handlers\FileHandler' driver.
INFO - 2024-08-07 04:55:22 --> Session: Class initialized using 'CodeIgniter\Session\Handlers\FileHandler' driver.
INFO - 2024-08-07 04:55:23 --> Session: Class initialized using 'CodeIgniter\Session\Handlers\FileHandler' driver.
INFO - 2024-08-07 05:01:26 --> Session: Class initialized using 'CodeIgniter\Session\Handlers\FileHandler' driver.
INFO - 2024-08-07 05:01:35 --> Session: Class initialized using 'CodeIgniter\Session\Handlers\FileHandler' driver.
INFO - 2024-08-07 05:01:35 --> Session: Class initialized using 'CodeIgniter\Session\Handlers\FileHandler' driver.
INFO - 2024-08-07 05:04:59 --> Session: Class initialized using 'CodeIgniter\Session\Handlers\FileHandler' driver.
INFO - 2024-08-07 05:05:08 --> Session: Class initialized using 'CodeIgniter\Session\Handlers\FileHandler' driver.
INFO - 2024-08-07 05:05:08 --> Datos recibidos: Array
(
    [idDocente] => 30
    [idTipoPermiso] => 9
    [tipoSolicitud] => Horas
    [diasSolicitados] => 
    [fechaInicio] => 
    [fechaFin] => 
    [horasSolicitadas] => 3
)

INFO - 2024-08-07 05:05:08 --> Session: Class initialized using 'CodeIgniter\Session\Handlers\FileHandler' driver.
INFO - 2024-08-07 05:11:48 --> Session: Class initialized using 'CodeIgniter\Session\Handlers\FileHandler' driver.
INFO - 2024-08-07 05:12:01 --> Session: Class initialized using 'CodeIgniter\Session\Handlers\FileHandler' driver.
INFO - 2024-08-07 05:12:01 --> Datos recibidos: Array
(
    [idDocente] => 31
    [idTipoPermiso] => 9
    [tipoSolicitud] => Horas
    [diasSolicitados] => 
    [fechaInicio] => 
    [fechaFin] => 
    [horasSolicitadas] => 3
)

INFO - 2024-08-07 05:12:02 --> Session: Class initialized using 'CodeIgniter\Session\Handlers\FileHandler' driver.
INFO - 2024-08-07 05:13:53 --> Session: Class initialized using 'CodeIgniter\Session\Handlers\FileHandler' driver.
INFO - 2024-08-07 05:14:18 --> Session: Class initialized using 'CodeIgniter\Session\Handlers\FileHandler' driver.
INFO - 2024-08-07 05:21:40 --> Session: Class initialized using 'CodeIgniter\Session\Handlers\FileHandler' driver.
INFO - 2024-08-07 05:21:48 --> Session: Class initialized using 'CodeIgniter\Session\Handlers\FileHandler' driver.
INFO - 2024-08-07 05:21:48 --> Session: Class initialized using 'CodeIgniter\Session\Handlers\FileHandler' driver.
INFO - 2024-08-07 05:22:05 --> Session: Class initialized using 'CodeIgniter\Session\Handlers\FileHandler' driver.
INFO - 2024-08-07 05:22:07 --> Session: Class initialized using 'CodeIgniter\Session\Handlers\FileHandler' driver.
INFO - 2024-08-07 05:23:07 --> Session: Class initialized using 'CodeIgniter\Session\Handlers\FileHandler' driver.
INFO - 2024-08-07 05:23:14 --> Session: Class initialized using 'CodeIgniter\Session\Handlers\FileHandler' driver.
INFO - 2024-08-07 05:24:58 --> Session: Class initialized using 'CodeIgniter\Session\Handlers\FileHandler' driver.
INFO - 2024-08-07 05:25:18 --> Session: Class initialized using 'CodeIgniter\Session\Handlers\FileHandler' driver.
INFO - 2024-08-07 05:25:18 --> Datos recibidos: Array
(
    [csrf_test_name] => 6bfcabd289e708dfa9843258c6746325
    [idDocente] => 30
    [idTipoPermiso] => 9
    [tipoSolicitud] => Horas
    [diasSolicitados] => 
    [fechaInicio] => 
    [fechaFin] => 
    [horasSolicitadas] => 2
)

INFO - 2024-08-07 05:25:19 --> Session: Class initialized using 'CodeIgniter\Session\Handlers\FileHandler' driver.
INFO - 2024-08-07 05:29:46 --> Session: Class initialized using 'CodeIgniter\Session\Handlers\FileHandler' driver.
INFO - 2024-08-07 05:29:54 --> Session: Class initialized using 'CodeIgniter\Session\Handlers\FileHandler' driver.
CRITICAL - 2024-08-07 05:30:28 --> ErrorException: Undefined array key "dias"
in APPPATH\Controllers\Maestros.php on line 84.
 1 APPPATH\Controllers\Maestros.php(84): CodeIgniter\Debug\Exceptions->errorHandler(2, 'Undefined array key "dias"', 'C:\\laragon\\www\\prueba\\SistemaControl\\app\\Controllers\\Maestros.php', 84)
 2 SYSTEMPATH\CodeIgniter.php(943): App\Controllers\Maestros->store()
 3 SYSTEMPATH\CodeIgniter.php(503): CodeIgniter\CodeIgniter->runController(Object(App\Controllers\Maestros))
 4 SYSTEMPATH\CodeIgniter.php(361): CodeIgniter\CodeIgniter->handleRequest(null, Object(Config\Cache), false)
 5 FCPATH\index.php(81): CodeIgniter\CodeIgniter->run()
INFO - 2024-08-07 05:34:43 --> Session: Class initialized using 'CodeIgniter\Session\Handlers\FileHandler' driver.
ERROR - 2024-08-07 05:35:11 --> mysqli_sql_exception: Cannot add or update a child row: a foreign key constraint fails (`sistema_control`.`saldos_personal`, CONSTRAINT `saldos_personal_ibfk_1` FOREIGN KEY (`idDocente`) REFERENCES `docente` (`idDocente`) ON DELETE CASCADE ON UPDATE CASCADE) in C:\laragon\www\prueba\SistemaControl\vendor\codeigniter4\framework\system\Database\MySQLi\Connection.php:306
Stack trace:
#0 C:\laragon\www\prueba\SistemaControl\vendor\codeigniter4\framework\system\Database\MySQLi\Connection.php(306): mysqli->query('INSERT INTO `sa...', 0)
#1 C:\laragon\www\prueba\SistemaControl\vendor\codeigniter4\framework\system\Database\BaseConnection.php(693): CodeIgniter\Database\MySQLi\Connection->execute('INSERT INTO `sa...')
#2 C:\laragon\www\prueba\SistemaControl\vendor\codeigniter4\framework\system\Database\BaseConnection.php(607): CodeIgniter\Database\BaseConnection->simpleQuery('INSERT INTO `sa...')
#3 C:\laragon\www\prueba\SistemaControl\vendor\codeigniter4\framework\system\Database\BaseBuilder.php(2307): CodeIgniter\Database\BaseConnection->query('INSERT INTO `sa...', Array, false)
#4 C:\laragon\www\prueba\SistemaControl\vendor\codeigniter4\framework\system\Model.php(327): CodeIgniter\Database\BaseBuilder->insert()
#5 C:\laragon\www\prueba\SistemaControl\vendor\codeigniter4\framework\system\BaseModel.php(805): CodeIgniter\Model->doInsert(Array)
#6 C:\laragon\www\prueba\SistemaControl\vendor\codeigniter4\framework\system\Model.php(749): CodeIgniter\BaseModel->insert(Array, true)
#7 C:\laragon\www\prueba\SistemaControl\app\Controllers\Maestros.php(86): CodeIgniter\Model->insert(Array)
#8 C:\laragon\www\prueba\SistemaControl\vendor\codeigniter4\framework\system\CodeIgniter.php(943): App\Controllers\Maestros->store()
#9 C:\laragon\www\prueba\SistemaControl\vendor\codeigniter4\framework\system\CodeIgniter.php(503): CodeIgniter\CodeIgniter->runController(Object(App\Controllers\Maestros))
#10 C:\laragon\www\prueba\SistemaControl\vendor\codeigniter4\framework\system\CodeIgniter.php(361): CodeIgniter\CodeIgniter->handleRequest(NULL, Object(Config\Cache), false)
#11 C:\laragon\www\prueba\SistemaControl\public\index.php(81): CodeIgniter\CodeIgniter->run()
#12 {main}
CRITICAL - 2024-08-07 05:35:11 --> CodeIgniter\Database\Exceptions\DatabaseException: Cannot add or update a child row: a foreign key constraint fails (`sistema_control`.`saldos_personal`, CONSTRAINT `saldos_personal_ibfk_1` FOREIGN KEY (`idDocente`) REFERENCES `docente` (`idDocente`) ON DELETE CASCADE ON UPDATE CASCADE)
in SYSTEMPATH\Database\BaseConnection.php on line 647.
 1 SYSTEMPATH\Database\BaseBuilder.php(2307): CodeIgniter\Database\BaseConnection->query('INSERT INTO `saldos_personal` (`idDocente`, `idTipoPermiso`, `saldoActualDias`, `saldoActualHoras`) VALUES (:idDocente:, :idTipoPermiso:, :saldoActualDias:, :saldoActualHoras:)', [...], false)
 2 SYSTEMPATH\Model.php(327): CodeIgniter\Database\BaseBuilder->insert()
 3 SYSTEMPATH\BaseModel.php(805): CodeIgniter\Model->doInsert([...])
 4 SYSTEMPATH\Model.php(749): CodeIgniter\BaseModel->insert([...], true)
 5 APPPATH\Controllers\Maestros.php(86): CodeIgniter\Model->insert([...])
 6 SYSTEMPATH\CodeIgniter.php(943): App\Controllers\Maestros->store()
 7 SYSTEMPATH\CodeIgniter.php(503): CodeIgniter\CodeIgniter->runController(Object(App\Controllers\Maestros))
 8 SYSTEMPATH\CodeIgniter.php(361): CodeIgniter\CodeIgniter->handleRequest(null, Object(Config\Cache), false)
 9 FCPATH\index.php(81): CodeIgniter\CodeIgniter->run()
CRITICAL - 2024-08-07 05:35:11 --> [Caused by] CodeIgniter\Database\Exceptions\DatabaseException: Cannot add or update a child row: a foreign key constraint fails (`sistema_control`.`saldos_personal`, CONSTRAINT `saldos_personal_ibfk_1` FOREIGN KEY (`idDocente`) REFERENCES `docente` (`idDocente`) ON DELETE CASCADE ON UPDATE CASCADE)
in SYSTEMPATH\Database\MySQLi\Connection.php on line 311.
 1 SYSTEMPATH\Database\BaseConnection.php(693): CodeIgniter\Database\MySQLi\Connection->execute('INSERT INTO `saldos_personal` (`idDocente`, `idTipoPermiso`, `saldoActualDias`, `saldoActualHoras`) VALUES (0, \'7\', \'15\', 90)')
 2 SYSTEMPATH\Database\BaseConnection.php(607): CodeIgniter\Database\BaseConnection->simpleQuery('INSERT INTO `saldos_personal` (`idDocente`, `idTipoPermiso`, `saldoActualDias`, `saldoActualHoras`) VALUES (0, \'7\', \'15\', 90)')
 3 SYSTEMPATH\Database\BaseBuilder.php(2307): CodeIgniter\Database\BaseConnection->query('INSERT INTO `saldos_personal` (`idDocente`, `idTipoPermiso`, `saldoActualDias`, `saldoActualHoras`) VALUES (:idDocente:, :idTipoPermiso:, :saldoActualDias:, :saldoActualHoras:)', [...], false)
 4 SYSTEMPATH\Model.php(327): CodeIgniter\Database\BaseBuilder->insert()
 5 SYSTEMPATH\BaseModel.php(805): CodeIgniter\Model->doInsert([...])
 6 SYSTEMPATH\Model.php(749): CodeIgniter\BaseModel->insert([...], true)
 7 APPPATH\Controllers\Maestros.php(86): CodeIgniter\Model->insert([...])
 8 SYSTEMPATH\CodeIgniter.php(943): App\Controllers\Maestros->store()
 9 SYSTEMPATH\CodeIgniter.php(503): CodeIgniter\CodeIgniter->runController(Object(App\Controllers\Maestros))
10 SYSTEMPATH\CodeIgniter.php(361): CodeIgniter\CodeIgniter->handleRequest(null, Object(Config\Cache), false)
11 FCPATH\index.php(81): CodeIgniter\CodeIgniter->run()
CRITICAL - 2024-08-07 05:35:11 --> [Caused by] mysqli_sql_exception: Cannot add or update a child row: a foreign key constraint fails (`sistema_control`.`saldos_personal`, CONSTRAINT `saldos_personal_ibfk_1` FOREIGN KEY (`idDocente`) REFERENCES `docente` (`idDocente`) ON DELETE CASCADE ON UPDATE CASCADE)
in SYSTEMPATH\Database\MySQLi\Connection.php on line 306.
 1 SYSTEMPATH\Database\MySQLi\Connection.php(306): mysqli->query('INSERT INTO `saldos_personal` (`idDocente`, `idTipoPermiso`, `saldoActualDias`, `saldoActualHoras`) VALUES (0, \'7\', \'15\', 90)', 0)
 2 SYSTEMPATH\Database\BaseConnection.php(693): CodeIgniter\Database\MySQLi\Connection->execute('INSERT INTO `saldos_personal` (`idDocente`, `idTipoPermiso`, `saldoActualDias`, `saldoActualHoras`) VALUES (0, \'7\', \'15\', 90)')
 3 SYSTEMPATH\Database\BaseConnection.php(607): CodeIgniter\Database\BaseConnection->simpleQuery('INSERT INTO `saldos_personal` (`idDocente`, `idTipoPermiso`, `saldoActualDias`, `saldoActualHoras`) VALUES (0, \'7\', \'15\', 90)')
 4 SYSTEMPATH\Database\BaseBuilder.php(2307): CodeIgniter\Database\BaseConnection->query('INSERT INTO `saldos_personal` (`idDocente`, `idTipoPermiso`, `saldoActualDias`, `saldoActualHoras`) VALUES (:idDocente:, :idTipoPermiso:, :saldoActualDias:, :saldoActualHoras:)', [...], false)
 5 SYSTEMPATH\Model.php(327): CodeIgniter\Database\BaseBuilder->insert()
 6 SYSTEMPATH\BaseModel.php(805): CodeIgniter\Model->doInsert([...])
 7 SYSTEMPATH\Model.php(749): CodeIgniter\BaseModel->insert([...], true)
 8 APPPATH\Controllers\Maestros.php(86): CodeIgniter\Model->insert([...])
 9 SYSTEMPATH\CodeIgniter.php(943): App\Controllers\Maestros->store()
10 SYSTEMPATH\CodeIgniter.php(503): CodeIgniter\CodeIgniter->runController(Object(App\Controllers\Maestros))
11 SYSTEMPATH\CodeIgniter.php(361): CodeIgniter\CodeIgniter->handleRequest(null, Object(Config\Cache), false)
12 FCPATH\index.php(81): CodeIgniter\CodeIgniter->run()
INFO - 2024-08-07 05:37:06 --> Session: Class initialized using 'CodeIgniter\Session\Handlers\FileHandler' driver.
INFO - 2024-08-07 05:37:24 --> Session: Class initialized using 'CodeIgniter\Session\Handlers\FileHandler' driver.
INFO - 2024-08-07 05:37:25 --> Session: Class initialized using 'CodeIgniter\Session\Handlers\FileHandler' driver.
INFO - 2024-08-07 05:37:34 --> Session: Class initialized using 'CodeIgniter\Session\Handlers\FileHandler' driver.
INFO - 2024-08-07 05:37:52 --> Session: Class initialized using 'CodeIgniter\Session\Handlers\FileHandler' driver.
INFO - 2024-08-07 05:38:10 --> Session: Class initialized using 'CodeIgniter\Session\Handlers\FileHandler' driver.
INFO - 2024-08-07 05:38:11 --> Session: Class initialized using 'CodeIgniter\Session\Handlers\FileHandler' driver.
INFO - 2024-08-07 05:38:36 --> Session: Class initialized using 'CodeIgniter\Session\Handlers\FileHandler' driver.
INFO - 2024-08-07 05:38:36 --> Session: Class initialized using 'CodeIgniter\Session\Handlers\FileHandler' driver.
INFO - 2024-08-07 05:40:57 --> Session: Class initialized using 'CodeIgniter\Session\Handlers\FileHandler' driver.
DEBUG - 2024-08-07 05:41:14 --> Datos del docente: {"nombre_completo":null,"nip":"12346767","escalafon":"56789000","fechaIngreso":null,"estado":"Activo","tipo":"Docente","cargo":null}
INFO - 2024-08-07 05:41:14 --> Session: Class initialized using 'CodeIgniter\Session\Handlers\FileHandler' driver.
INFO - 2024-08-07 05:41:15 --> Session: Class initialized using 'CodeIgniter\Session\Handlers\FileHandler' driver.
INFO - 2024-08-07 05:43:23 --> Session: Class initialized using 'CodeIgniter\Session\Handlers\FileHandler' driver.
DEBUG - 2024-08-07 05:43:48 --> Datos del docente: {"nombre_completo":"Orlando Canbara","nip":"12345","escalafon":"56789","fechaIngreso":"2020-01-01","estado":"Activo","tipo":"Docente","cargo":null}
INFO - 2024-08-07 05:43:50 --> Session: Class initialized using 'CodeIgniter\Session\Handlers\FileHandler' driver.
INFO - 2024-08-07 05:46:31 --> Session: Class initialized using 'CodeIgniter\Session\Handlers\FileHandler' driver.
INFO - 2024-08-07 05:46:50 --> Session: Class initialized using 'CodeIgniter\Session\Handlers\FileHandler' driver.
INFO - 2024-08-07 05:47:41 --> Session: Class initialized using 'CodeIgniter\Session\Handlers\FileHandler' driver.
DEBUG - 2024-08-07 05:47:58 --> Datos del docente: {"nombre_completo":null,"nip":"728822","escalafon":"89898","fechaIngreso":null,"estado":"Activo","tipo":"Docente","cargo":null}
INFO - 2024-08-07 05:47:58 --> Session: Class initialized using 'CodeIgniter\Session\Handlers\FileHandler' driver.
INFO - 2024-08-07 05:47:58 --> Session: Class initialized using 'CodeIgniter\Session\Handlers\FileHandler' driver.
INFO - 2024-08-07 05:49:23 --> Session: Class initialized using 'CodeIgniter\Session\Handlers\FileHandler' driver.
DEBUG - 2024-08-07 05:49:40 --> Datos del docente: {"nombre_completo":"Orlando Canbara","nip":"0199","escalafon":"56789","fechaIngreso":"2020-01-01","estado":"Activo","tipo":"Administrativo","cargo":null}
INFO - 2024-08-07 05:49:41 --> Session: Class initialized using 'CodeIgniter\Session\Handlers\FileHandler' driver.
INFO - 2024-08-07 05:51:18 --> Session: Class initialized using 'CodeIgniter\Session\Handlers\FileHandler' driver.
INFO - 2024-08-07 05:52:34 --> Session: Class initialized using 'CodeIgniter\Session\Handlers\FileHandler' driver.
INFO - 2024-08-07 05:52:51 --> Session: Class initialized using 'CodeIgniter\Session\Handlers\FileHandler' driver.
INFO - 2024-08-07 05:52:52 --> Session: Class initialized using 'CodeIgniter\Session\Handlers\FileHandler' driver.
INFO - 2024-08-07 05:53:20 --> Session: Class initialized using 'CodeIgniter\Session\Handlers\FileHandler' driver.
INFO - 2024-08-07 05:53:20 --> Session: Class initialized using 'CodeIgniter\Session\Handlers\FileHandler' driver.
INFO - 2024-08-07 05:53:52 --> Session: Class initialized using 'CodeIgniter\Session\Handlers\FileHandler' driver.
INFO - 2024-08-07 05:54:47 --> Session: Class initialized using 'CodeIgniter\Session\Handlers\FileHandler' driver.
INFO - 2024-08-07 05:55:14 --> Session: Class initialized using 'CodeIgniter\Session\Handlers\FileHandler' driver.
INFO - 2024-08-07 05:55:36 --> Session: Class initialized using 'CodeIgniter\Session\Handlers\FileHandler' driver.
INFO - 2024-08-07 05:55:53 --> Session: Class initialized using 'CodeIgniter\Session\Handlers\FileHandler' driver.
INFO - 2024-08-07 05:55:53 --> Datos recibidos: Array
(
    [csrf_test_name] => 6bfcabd289e708dfa9843258c6746325
    [idDocente] => 36
    [idTipoPermiso] => 9
    [tipoSolicitud] => Horas
    [diasSolicitados] => 
    [fechaInicio] => 
    [fechaFin] => 
    [horasSolicitadas] => 2
)

INFO - 2024-08-07 05:55:54 --> Session: Class initialized using 'CodeIgniter\Session\Handlers\FileHandler' driver.
INFO - 2024-08-07 05:58:10 --> Session: Class initialized using 'CodeIgniter\Session\Handlers\FileHandler' driver.
CRITICAL - 2024-08-07 05:58:10 --> ErrorException: Undefined variable $pager
in APPPATH\Views\permisos_personal\index.php on line 60.
 1 APPPATH\Views\permisos_personal\index.php(60): CodeIgniter\Debug\Exceptions->errorHandler(2, 'Undefined variable $pager', 'C:\\laragon\\www\\prueba\\SistemaControl\\app\\Views\\permisos_personal\\index.php', 60)
 2 SYSTEMPATH\View\View.php(228): include('C:\\laragon\\www\\prueba\\SistemaControl\\app\\Views\\permisos_personal\\index.php')
 3 SYSTEMPATH\View\View.php(231): CodeIgniter\View\View->CodeIgniter\View\{closure}()
 4 SYSTEMPATH\Common.php(1178): CodeIgniter\View\View->render('permisos_personal/index', [], true)
 5 APPPATH\Controllers\PermisosPersonal.php(50): view('permisos_personal/index', [...])
 6 SYSTEMPATH\CodeIgniter.php(943): App\Controllers\PermisosPersonal->index()
 7 SYSTEMPATH\CodeIgniter.php(503): CodeIgniter\CodeIgniter->runController(Object(App\Controllers\PermisosPersonal))
 8 SYSTEMPATH\CodeIgniter.php(361): CodeIgniter\CodeIgniter->handleRequest(null, Object(Config\Cache), false)
 9 FCPATH\index.php(81): CodeIgniter\CodeIgniter->run()
INFO - 2024-08-07 06:00:43 --> Session: Class initialized using 'CodeIgniter\Session\Handlers\FileHandler' driver.
CRITICAL - 2024-08-07 06:00:44 --> Error: Call to a member function links() on string
in APPPATH\Views\permisos_personal\index.php on line 60.
 1 SYSTEMPATH\View\View.php(228): include()
 2 SYSTEMPATH\View\View.php(231): CodeIgniter\View\View->CodeIgniter\View\{closure}()
 3 SYSTEMPATH\Common.php(1178): CodeIgniter\View\View->render('permisos_personal/index', [], true)
 4 APPPATH\Controllers\PermisosPersonal.php(60): view('permisos_personal/index', [...])
 5 SYSTEMPATH\CodeIgniter.php(943): App\Controllers\PermisosPersonal->index()
 6 SYSTEMPATH\CodeIgniter.php(503): CodeIgniter\CodeIgniter->runController(Object(App\Controllers\PermisosPersonal))
 7 SYSTEMPATH\CodeIgniter.php(361): CodeIgniter\CodeIgniter->handleRequest(null, Object(Config\Cache), false)
 8 FCPATH\index.php(81): CodeIgniter\CodeIgniter->run()
INFO - 2024-08-07 06:02:57 --> Session: Class initialized using 'CodeIgniter\Session\Handlers\FileHandler' driver.
INFO - 2024-08-07 06:04:58 --> Session: Class initialized using 'CodeIgniter\Session\Handlers\FileHandler' driver.
INFO - 2024-08-07 06:05:42 --> Session: Class initialized using 'CodeIgniter\Session\Handlers\FileHandler' driver.
INFO - 2024-08-07 06:06:08 --> Session: Class initialized using 'CodeIgniter\Session\Handlers\FileHandler' driver.
INFO - 2024-08-07 06:06:32 --> Session: Class initialized using 'CodeIgniter\Session\Handlers\FileHandler' driver.
INFO - 2024-08-07 06:06:46 --> Session: Class initialized using 'CodeIgniter\Session\Handlers\FileHandler' driver.
INFO - 2024-08-07 06:07:04 --> Session: Class initialized using 'CodeIgniter\Session\Handlers\FileHandler' driver.
INFO - 2024-08-07 06:07:04 --> Datos recibidos: Array
(
    [csrf_test_name] => 6bfcabd289e708dfa9843258c6746325
    [idDocente] => 36
    [idTipoPermiso] => 7
    [tipoSolicitud] => Dias
    [diasSolicitados] => 
    [fechaInicio] => 2024-08-08
    [fechaFin] => 2024-08-09
    [horasSolicitadas] => 
)

CRITICAL - 2024-08-07 06:07:04 --> TypeError: Unsupported operand types: string * int
in APPPATH\Controllers\PermisosPersonal.php on line 104.
 1 SYSTEMPATH\CodeIgniter.php(943): App\Controllers\PermisosPersonal->store()
 2 SYSTEMPATH\CodeIgniter.php(503): CodeIgniter\CodeIgniter->runController(Object(App\Controllers\PermisosPersonal))
 3 SYSTEMPATH\CodeIgniter.php(361): CodeIgniter\CodeIgniter->handleRequest(null, Object(Config\Cache), false)
 4 FCPATH\index.php(81): CodeIgniter\CodeIgniter->run()
INFO - 2024-08-07 06:08:59 --> Session: Class initialized using 'CodeIgniter\Session\Handlers\FileHandler' driver.
INFO - 2024-08-07 06:08:59 --> Datos recibidos: Array
(
    [csrf_test_name] => 6bfcabd289e708dfa9843258c6746325
    [idDocente] => 36
    [idTipoPermiso] => 7
    [tipoSolicitud] => Dias
    [diasSolicitados] => 
    [fechaInicio] => 2024-08-08
    [fechaFin] => 2024-08-09
    [horasSolicitadas] => 
)

INFO - 2024-08-07 06:09:01 --> Session: Class initialized using 'CodeIgniter\Session\Handlers\FileHandler' driver.
INFO - 2024-08-07 06:09:07 --> Session: Class initialized using 'CodeIgniter\Session\Handlers\FileHandler' driver.
INFO - 2024-08-07 06:09:25 --> Session: Class initialized using 'CodeIgniter\Session\Handlers\FileHandler' driver.
INFO - 2024-08-07 06:09:25 --> Datos recibidos: Array
(
    [csrf_test_name] => 6bfcabd289e708dfa9843258c6746325
    [idDocente] => 36
    [idTipoPermiso] => 7
    [tipoSolicitud] => Dias
    [diasSolicitados] => 
    [fechaInicio] => 2024-08-08
    [fechaFin] => 2024-08-09
    [horasSolicitadas] => 
)

INFO - 2024-08-07 06:09:26 --> Session: Class initialized using 'CodeIgniter\Session\Handlers\FileHandler' driver.
INFO - 2024-08-07 06:14:03 --> Session: Class initialized using 'CodeIgniter\Session\Handlers\FileHandler' driver.
ERROR - 2024-08-07 06:14:05 --> mysqli_sql_exception: Table 'sistema_control.maestros' doesn't exist in C:\laragon\www\prueba\SistemaControl\vendor\codeigniter4\framework\system\Database\MySQLi\Connection.php:306
Stack trace:
#0 C:\laragon\www\prueba\SistemaControl\vendor\codeigniter4\framework\system\Database\MySQLi\Connection.php(306): mysqli->query('SELECT `permiso...', 0)
#1 C:\laragon\www\prueba\SistemaControl\vendor\codeigniter4\framework\system\Database\BaseConnection.php(693): CodeIgniter\Database\MySQLi\Connection->execute('SELECT `permiso...')
#2 C:\laragon\www\prueba\SistemaControl\vendor\codeigniter4\framework\system\Database\BaseConnection.php(607): CodeIgniter\Database\BaseConnection->simpleQuery('SELECT `permiso...')
#3 C:\laragon\www\prueba\SistemaControl\vendor\codeigniter4\framework\system\Database\BaseBuilder.php(1616): CodeIgniter\Database\BaseConnection->query('SELECT `permiso...', Array, false)
#4 C:\laragon\www\prueba\SistemaControl\app\Models\PermisosPersonalModel.php(58): CodeIgniter\Database\BaseBuilder->get()
#5 C:\laragon\www\prueba\SistemaControl\app\Controllers\PermisosPersonal.php(31): App\Models\PermisosPersonalModel->getPermisosConSaldos()
#6 C:\laragon\www\prueba\SistemaControl\vendor\codeigniter4\framework\system\CodeIgniter.php(943): App\Controllers\PermisosPersonal->index()
#7 C:\laragon\www\prueba\SistemaControl\vendor\codeigniter4\framework\system\CodeIgniter.php(503): CodeIgniter\CodeIgniter->runController(Object(App\Controllers\PermisosPersonal))
#8 C:\laragon\www\prueba\SistemaControl\vendor\codeigniter4\framework\system\CodeIgniter.php(361): CodeIgniter\CodeIgniter->handleRequest(NULL, Object(Config\Cache), false)
#9 C:\laragon\www\prueba\SistemaControl\public\index.php(81): CodeIgniter\CodeIgniter->run()
#10 {main}
CRITICAL - 2024-08-07 06:14:05 --> CodeIgniter\Database\Exceptions\DatabaseException: Table 'sistema_control.maestros' doesn't exist
in SYSTEMPATH\Database\BaseConnection.php on line 647.
 1 SYSTEMPATH\Database\BaseBuilder.php(1616): CodeIgniter\Database\BaseConnection->query('SELECT `permisos_personal`.*, `maestros`.`nip`, `maestros`.`nombre_completo`, `saldo_personal`.`saldoActualDias`, `saldo_personal`.`saldoActualHoras`
FROM `permisos_personal`
JOIN `maestros` ON `maestros`.`idDocente` = `permisos_personal`.`idDocente`
JOIN `saldo_personal` ON `saldo_personal`.`idSaldoPersonal` = `permisos_personal`.`idSaldoPersonal`', [], false)
 2 APPPATH\Models\PermisosPersonalModel.php(58): CodeIgniter\Database\BaseBuilder->get()
 3 APPPATH\Controllers\PermisosPersonal.php(31): App\Models\PermisosPersonalModel->getPermisosConSaldos()
 4 SYSTEMPATH\CodeIgniter.php(943): App\Controllers\PermisosPersonal->index()
 5 SYSTEMPATH\CodeIgniter.php(503): CodeIgniter\CodeIgniter->runController(Object(App\Controllers\PermisosPersonal))
 6 SYSTEMPATH\CodeIgniter.php(361): CodeIgniter\CodeIgniter->handleRequest(null, Object(Config\Cache), false)
 7 FCPATH\index.php(81): CodeIgniter\CodeIgniter->run()
CRITICAL - 2024-08-07 06:14:05 --> [Caused by] CodeIgniter\Database\Exceptions\DatabaseException: Table 'sistema_control.maestros' doesn't exist
in SYSTEMPATH\Database\MySQLi\Connection.php on line 311.
 1 SYSTEMPATH\Database\BaseConnection.php(693): CodeIgniter\Database\MySQLi\Connection->execute('SELECT `permisos_personal`.*, `maestros`.`nip`, `maestros`.`nombre_completo`, `saldo_personal`.`saldoActualDias`, `saldo_personal`.`saldoActualHoras`
FROM `permisos_personal`
JOIN `maestros` ON `maestros`.`idDocente` = `permisos_personal`.`idDocente`
JOIN `saldo_personal` ON `saldo_personal`.`idSaldoPersonal` = `permisos_personal`.`idSaldoPersonal`')
 2 SYSTEMPATH\Database\BaseConnection.php(607): CodeIgniter\Database\BaseConnection->simpleQuery('SELECT `permisos_personal`.*, `maestros`.`nip`, `maestros`.`nombre_completo`, `saldo_personal`.`saldoActualDias`, `saldo_personal`.`saldoActualHoras`
FROM `permisos_personal`
JOIN `maestros` ON `maestros`.`idDocente` = `permisos_personal`.`idDocente`
JOIN `saldo_personal` ON `saldo_personal`.`idSaldoPersonal` = `permisos_personal`.`idSaldoPersonal`')
 3 SYSTEMPATH\Database\BaseBuilder.php(1616): CodeIgniter\Database\BaseConnection->query('SELECT `permisos_personal`.*, `maestros`.`nip`, `maestros`.`nombre_completo`, `saldo_personal`.`saldoActualDias`, `saldo_personal`.`saldoActualHoras`
FROM `permisos_personal`
JOIN `maestros` ON `maestros`.`idDocente` = `permisos_personal`.`idDocente`
JOIN `saldo_personal` ON `saldo_personal`.`idSaldoPersonal` = `permisos_personal`.`idSaldoPersonal`', [], false)
 4 APPPATH\Models\PermisosPersonalModel.php(58): CodeIgniter\Database\BaseBuilder->get()
 5 APPPATH\Controllers\PermisosPersonal.php(31): App\Models\PermisosPersonalModel->getPermisosConSaldos()
 6 SYSTEMPATH\CodeIgniter.php(943): App\Controllers\PermisosPersonal->index()
 7 SYSTEMPATH\CodeIgniter.php(503): CodeIgniter\CodeIgniter->runController(Object(App\Controllers\PermisosPersonal))
 8 SYSTEMPATH\CodeIgniter.php(361): CodeIgniter\CodeIgniter->handleRequest(null, Object(Config\Cache), false)
 9 FCPATH\index.php(81): CodeIgniter\CodeIgniter->run()
CRITICAL - 2024-08-07 06:14:05 --> [Caused by] mysqli_sql_exception: Table 'sistema_control.maestros' doesn't exist
in SYSTEMPATH\Database\MySQLi\Connection.php on line 306.
 1 SYSTEMPATH\Database\MySQLi\Connection.php(306): mysqli->query('SELECT `permisos_personal`.*, `maestros`.`nip`, `maestros`.`nombre_completo`, `saldo_personal`.`saldoActualDias`, `saldo_personal`.`saldoActualHoras`
FROM `permisos_personal`
JOIN `maestros` ON `maestros`.`idDocente` = `permisos_personal`.`idDocente`
JOIN `saldo_personal` ON `saldo_personal`.`idSaldoPersonal` = `permisos_personal`.`idSaldoPersonal`', 0)
 2 SYSTEMPATH\Database\BaseConnection.php(693): CodeIgniter\Database\MySQLi\Connection->execute('SELECT `permisos_personal`.*, `maestros`.`nip`, `maestros`.`nombre_completo`, `saldo_personal`.`saldoActualDias`, `saldo_personal`.`saldoActualHoras`
FROM `permisos_personal`
JOIN `maestros` ON `maestros`.`idDocente` = `permisos_personal`.`idDocente`
JOIN `saldo_personal` ON `saldo_personal`.`idSaldoPersonal` = `permisos_personal`.`idSaldoPersonal`')
 3 SYSTEMPATH\Database\BaseConnection.php(607): CodeIgniter\Database\BaseConnection->simpleQuery('SELECT `permisos_personal`.*, `maestros`.`nip`, `maestros`.`nombre_completo`, `saldo_personal`.`saldoActualDias`, `saldo_personal`.`saldoActualHoras`
FROM `permisos_personal`
JOIN `maestros` ON `maestros`.`idDocente` = `permisos_personal`.`idDocente`
JOIN `saldo_personal` ON `saldo_personal`.`idSaldoPersonal` = `permisos_personal`.`idSaldoPersonal`')
 4 SYSTEMPATH\Database\BaseBuilder.php(1616): CodeIgniter\Database\BaseConnection->query('SELECT `permisos_personal`.*, `maestros`.`nip`, `maestros`.`nombre_completo`, `saldo_personal`.`saldoActualDias`, `saldo_personal`.`saldoActualHoras`
FROM `permisos_personal`
JOIN `maestros` ON `maestros`.`idDocente` = `permisos_personal`.`idDocente`
JOIN `saldo_personal` ON `saldo_personal`.`idSaldoPersonal` = `permisos_personal`.`idSaldoPersonal`', [], false)
 5 APPPATH\Models\PermisosPersonalModel.php(58): CodeIgniter\Database\BaseBuilder->get()
 6 APPPATH\Controllers\PermisosPersonal.php(31): App\Models\PermisosPersonalModel->getPermisosConSaldos()
 7 SYSTEMPATH\CodeIgniter.php(943): App\Controllers\PermisosPersonal->index()
 8 SYSTEMPATH\CodeIgniter.php(503): CodeIgniter\CodeIgniter->runController(Object(App\Controllers\PermisosPersonal))
 9 SYSTEMPATH\CodeIgniter.php(361): CodeIgniter\CodeIgniter->handleRequest(null, Object(Config\Cache), false)
10 FCPATH\index.php(81): CodeIgniter\CodeIgniter->run()
INFO - 2024-08-07 06:15:59 --> Session: Class initialized using 'CodeIgniter\Session\Handlers\FileHandler' driver.
ERROR - 2024-08-07 06:16:00 --> mysqli_sql_exception: Table 'sistema_control.saldo_personal' doesn't exist in C:\laragon\www\prueba\SistemaControl\vendor\codeigniter4\framework\system\Database\MySQLi\Connection.php:306
Stack trace:
#0 C:\laragon\www\prueba\SistemaControl\vendor\codeigniter4\framework\system\Database\MySQLi\Connection.php(306): mysqli->query('SELECT `permiso...', 0)
#1 C:\laragon\www\prueba\SistemaControl\vendor\codeigniter4\framework\system\Database\BaseConnection.php(693): CodeIgniter\Database\MySQLi\Connection->execute('SELECT `permiso...')
#2 C:\laragon\www\prueba\SistemaControl\vendor\codeigniter4\framework\system\Database\BaseConnection.php(607): CodeIgniter\Database\BaseConnection->simpleQuery('SELECT `permiso...')
#3 C:\laragon\www\prueba\SistemaControl\vendor\codeigniter4\framework\system\Database\BaseBuilder.php(1616): CodeIgniter\Database\BaseConnection->query('SELECT `permiso...', Array, false)
#4 C:\laragon\www\prueba\SistemaControl\app\Models\PermisosPersonalModel.php(58): CodeIgniter\Database\BaseBuilder->get()
#5 C:\laragon\www\prueba\SistemaControl\app\Controllers\PermisosPersonal.php(31): App\Models\PermisosPersonalModel->getPermisosConSaldos()
#6 C:\laragon\www\prueba\SistemaControl\vendor\codeigniter4\framework\system\CodeIgniter.php(943): App\Controllers\PermisosPersonal->index()
#7 C:\laragon\www\prueba\SistemaControl\vendor\codeigniter4\framework\system\CodeIgniter.php(503): CodeIgniter\CodeIgniter->runController(Object(App\Controllers\PermisosPersonal))
#8 C:\laragon\www\prueba\SistemaControl\vendor\codeigniter4\framework\system\CodeIgniter.php(361): CodeIgniter\CodeIgniter->handleRequest(NULL, Object(Config\Cache), false)
#9 C:\laragon\www\prueba\SistemaControl\public\index.php(81): CodeIgniter\CodeIgniter->run()
#10 {main}
CRITICAL - 2024-08-07 06:16:00 --> CodeIgniter\Database\Exceptions\DatabaseException: Table 'sistema_control.saldo_personal' doesn't exist
in SYSTEMPATH\Database\BaseConnection.php on line 647.
 1 SYSTEMPATH\Database\BaseBuilder.php(1616): CodeIgniter\Database\BaseConnection->query('SELECT `permisos_personal`.*, `docente`.`nip`, `docente`.`nombre_completo`, `saldo_personal`.`saldoActualDias`, `saldo_personal`.`saldoActualHoras`
FROM `permisos_personal`
JOIN `docente` ON `docente`.`idDocente` = `permisos_personal`.`idDocente`
JOIN `saldo_personal` ON `saldo_personal`.`idSaldoPersonal` = `permisos_personal`.`idSaldoPersonal`', [], false)
 2 APPPATH\Models\PermisosPersonalModel.php(58): CodeIgniter\Database\BaseBuilder->get()
 3 APPPATH\Controllers\PermisosPersonal.php(31): App\Models\PermisosPersonalModel->getPermisosConSaldos()
 4 SYSTEMPATH\CodeIgniter.php(943): App\Controllers\PermisosPersonal->index()
 5 SYSTEMPATH\CodeIgniter.php(503): CodeIgniter\CodeIgniter->runController(Object(App\Controllers\PermisosPersonal))
 6 SYSTEMPATH\CodeIgniter.php(361): CodeIgniter\CodeIgniter->handleRequest(null, Object(Config\Cache), false)
 7 FCPATH\index.php(81): CodeIgniter\CodeIgniter->run()
CRITICAL - 2024-08-07 06:16:00 --> [Caused by] CodeIgniter\Database\Exceptions\DatabaseException: Table 'sistema_control.saldo_personal' doesn't exist
in SYSTEMPATH\Database\MySQLi\Connection.php on line 311.
 1 SYSTEMPATH\Database\BaseConnection.php(693): CodeIgniter\Database\MySQLi\Connection->execute('SELECT `permisos_personal`.*, `docente`.`nip`, `docente`.`nombre_completo`, `saldo_personal`.`saldoActualDias`, `saldo_personal`.`saldoActualHoras`
FROM `permisos_personal`
JOIN `docente` ON `docente`.`idDocente` = `permisos_personal`.`idDocente`
JOIN `saldo_personal` ON `saldo_personal`.`idSaldoPersonal` = `permisos_personal`.`idSaldoPersonal`')
 2 SYSTEMPATH\Database\BaseConnection.php(607): CodeIgniter\Database\BaseConnection->simpleQuery('SELECT `permisos_personal`.*, `docente`.`nip`, `docente`.`nombre_completo`, `saldo_personal`.`saldoActualDias`, `saldo_personal`.`saldoActualHoras`
FROM `permisos_personal`
JOIN `docente` ON `docente`.`idDocente` = `permisos_personal`.`idDocente`
JOIN `saldo_personal` ON `saldo_personal`.`idSaldoPersonal` = `permisos_personal`.`idSaldoPersonal`')
 3 SYSTEMPATH\Database\BaseBuilder.php(1616): CodeIgniter\Database\BaseConnection->query('SELECT `permisos_personal`.*, `docente`.`nip`, `docente`.`nombre_completo`, `saldo_personal`.`saldoActualDias`, `saldo_personal`.`saldoActualHoras`
FROM `permisos_personal`
JOIN `docente` ON `docente`.`idDocente` = `permisos_personal`.`idDocente`
JOIN `saldo_personal` ON `saldo_personal`.`idSaldoPersonal` = `permisos_personal`.`idSaldoPersonal`', [], false)
 4 APPPATH\Models\PermisosPersonalModel.php(58): CodeIgniter\Database\BaseBuilder->get()
 5 APPPATH\Controllers\PermisosPersonal.php(31): App\Models\PermisosPersonalModel->getPermisosConSaldos()
 6 SYSTEMPATH\CodeIgniter.php(943): App\Controllers\PermisosPersonal->index()
 7 SYSTEMPATH\CodeIgniter.php(503): CodeIgniter\CodeIgniter->runController(Object(App\Controllers\PermisosPersonal))
 8 SYSTEMPATH\CodeIgniter.php(361): CodeIgniter\CodeIgniter->handleRequest(null, Object(Config\Cache), false)
 9 FCPATH\index.php(81): CodeIgniter\CodeIgniter->run()
CRITICAL - 2024-08-07 06:16:00 --> [Caused by] mysqli_sql_exception: Table 'sistema_control.saldo_personal' doesn't exist
in SYSTEMPATH\Database\MySQLi\Connection.php on line 306.
 1 SYSTEMPATH\Database\MySQLi\Connection.php(306): mysqli->query('SELECT `permisos_personal`.*, `docente`.`nip`, `docente`.`nombre_completo`, `saldo_personal`.`saldoActualDias`, `saldo_personal`.`saldoActualHoras`
FROM `permisos_personal`
JOIN `docente` ON `docente`.`idDocente` = `permisos_personal`.`idDocente`
JOIN `saldo_personal` ON `saldo_personal`.`idSaldoPersonal` = `permisos_personal`.`idSaldoPersonal`', 0)
 2 SYSTEMPATH\Database\BaseConnection.php(693): CodeIgniter\Database\MySQLi\Connection->execute('SELECT `permisos_personal`.*, `docente`.`nip`, `docente`.`nombre_completo`, `saldo_personal`.`saldoActualDias`, `saldo_personal`.`saldoActualHoras`
FROM `permisos_personal`
JOIN `docente` ON `docente`.`idDocente` = `permisos_personal`.`idDocente`
JOIN `saldo_personal` ON `saldo_personal`.`idSaldoPersonal` = `permisos_personal`.`idSaldoPersonal`')
 3 SYSTEMPATH\Database\BaseConnection.php(607): CodeIgniter\Database\BaseConnection->simpleQuery('SELECT `permisos_personal`.*, `docente`.`nip`, `docente`.`nombre_completo`, `saldo_personal`.`saldoActualDias`, `saldo_personal`.`saldoActualHoras`
FROM `permisos_personal`
JOIN `docente` ON `docente`.`idDocente` = `permisos_personal`.`idDocente`
JOIN `saldo_personal` ON `saldo_personal`.`idSaldoPersonal` = `permisos_personal`.`idSaldoPersonal`')
 4 SYSTEMPATH\Database\BaseBuilder.php(1616): CodeIgniter\Database\BaseConnection->query('SELECT `permisos_personal`.*, `docente`.`nip`, `docente`.`nombre_completo`, `saldo_personal`.`saldoActualDias`, `saldo_personal`.`saldoActualHoras`
FROM `permisos_personal`
JOIN `docente` ON `docente`.`idDocente` = `permisos_personal`.`idDocente`
JOIN `saldo_personal` ON `saldo_personal`.`idSaldoPersonal` = `permisos_personal`.`idSaldoPersonal`', [], false)
 5 APPPATH\Models\PermisosPersonalModel.php(58): CodeIgniter\Database\BaseBuilder->get()
 6 APPPATH\Controllers\PermisosPersonal.php(31): App\Models\PermisosPersonalModel->getPermisosConSaldos()
 7 SYSTEMPATH\CodeIgniter.php(943): App\Controllers\PermisosPersonal->index()
 8 SYSTEMPATH\CodeIgniter.php(503): CodeIgniter\CodeIgniter->runController(Object(App\Controllers\PermisosPersonal))
 9 SYSTEMPATH\CodeIgniter.php(361): CodeIgniter\CodeIgniter->handleRequest(null, Object(Config\Cache), false)
10 FCPATH\index.php(81): CodeIgniter\CodeIgniter->run()
INFO - 2024-08-07 06:16:57 --> Session: Class initialized using 'CodeIgniter\Session\Handlers\FileHandler' driver.
ERROR - 2024-08-07 06:16:57 --> mysqli_sql_exception: Unknown column 'permisos_personal.idDocente' in 'on clause' in C:\laragon\www\prueba\SistemaControl\vendor\codeigniter4\framework\system\Database\MySQLi\Connection.php:306
Stack trace:
#0 C:\laragon\www\prueba\SistemaControl\vendor\codeigniter4\framework\system\Database\MySQLi\Connection.php(306): mysqli->query('SELECT `permiso...', 0)
#1 C:\laragon\www\prueba\SistemaControl\vendor\codeigniter4\framework\system\Database\BaseConnection.php(693): CodeIgniter\Database\MySQLi\Connection->execute('SELECT `permiso...')
#2 C:\laragon\www\prueba\SistemaControl\vendor\codeigniter4\framework\system\Database\BaseConnection.php(607): CodeIgniter\Database\BaseConnection->simpleQuery('SELECT `permiso...')
#3 C:\laragon\www\prueba\SistemaControl\vendor\codeigniter4\framework\system\Database\BaseBuilder.php(1616): CodeIgniter\Database\BaseConnection->query('SELECT `permiso...', Array, false)
#4 C:\laragon\www\prueba\SistemaControl\app\Models\PermisosPersonalModel.php(58): CodeIgniter\Database\BaseBuilder->get()
#5 C:\laragon\www\prueba\SistemaControl\app\Controllers\PermisosPersonal.php(31): App\Models\PermisosPersonalModel->getPermisosConSaldos()
#6 C:\laragon\www\prueba\SistemaControl\vendor\codeigniter4\framework\system\CodeIgniter.php(943): App\Controllers\PermisosPersonal->index()
#7 C:\laragon\www\prueba\SistemaControl\vendor\codeigniter4\framework\system\CodeIgniter.php(503): CodeIgniter\CodeIgniter->runController(Object(App\Controllers\PermisosPersonal))
#8 C:\laragon\www\prueba\SistemaControl\vendor\codeigniter4\framework\system\CodeIgniter.php(361): CodeIgniter\CodeIgniter->handleRequest(NULL, Object(Config\Cache), false)
#9 C:\laragon\www\prueba\SistemaControl\public\index.php(81): CodeIgniter\CodeIgniter->run()
#10 {main}
CRITICAL - 2024-08-07 06:16:57 --> CodeIgniter\Database\Exceptions\DatabaseException: Unknown column 'permisos_personal.idDocente' in 'on clause'
in SYSTEMPATH\Database\BaseConnection.php on line 647.
 1 SYSTEMPATH\Database\BaseBuilder.php(1616): CodeIgniter\Database\BaseConnection->query('SELECT `permisos_personal`.*, `docente`.`nip`, `docente`.`nombre_completo`, `saldos_personal`.`saldoActualDias`, `saldos_personal`.`saldoActualHoras`
FROM `permisos_personal`
JOIN `docente` ON `docente`.`idDocente` = `permisos_personal`.`idDocente`
JOIN `saldos_personal` ON `saldos_personal`.`idSaldoPersonal` = `permisos_personal`.`idSaldoPersonal`', [], false)
 2 APPPATH\Models\PermisosPersonalModel.php(58): CodeIgniter\Database\BaseBuilder->get()
 3 APPPATH\Controllers\PermisosPersonal.php(31): App\Models\PermisosPersonalModel->getPermisosConSaldos()
 4 SYSTEMPATH\CodeIgniter.php(943): App\Controllers\PermisosPersonal->index()
 5 SYSTEMPATH\CodeIgniter.php(503): CodeIgniter\CodeIgniter->runController(Object(App\Controllers\PermisosPersonal))
 6 SYSTEMPATH\CodeIgniter.php(361): CodeIgniter\CodeIgniter->handleRequest(null, Object(Config\Cache), false)
 7 FCPATH\index.php(81): CodeIgniter\CodeIgniter->run()
CRITICAL - 2024-08-07 06:16:57 --> [Caused by] CodeIgniter\Database\Exceptions\DatabaseException: Unknown column 'permisos_personal.idDocente' in 'on clause'
in SYSTEMPATH\Database\MySQLi\Connection.php on line 311.
 1 SYSTEMPATH\Database\BaseConnection.php(693): CodeIgniter\Database\MySQLi\Connection->execute('SELECT `permisos_personal`.*, `docente`.`nip`, `docente`.`nombre_completo`, `saldos_personal`.`saldoActualDias`, `saldos_personal`.`saldoActualHoras`
FROM `permisos_personal`
JOIN `docente` ON `docente`.`idDocente` = `permisos_personal`.`idDocente`
JOIN `saldos_personal` ON `saldos_personal`.`idSaldoPersonal` = `permisos_personal`.`idSaldoPersonal`')
 2 SYSTEMPATH\Database\BaseConnection.php(607): CodeIgniter\Database\BaseConnection->simpleQuery('SELECT `permisos_personal`.*, `docente`.`nip`, `docente`.`nombre_completo`, `saldos_personal`.`saldoActualDias`, `saldos_personal`.`saldoActualHoras`
FROM `permisos_personal`
JOIN `docente` ON `docente`.`idDocente` = `permisos_personal`.`idDocente`
JOIN `saldos_personal` ON `saldos_personal`.`idSaldoPersonal` = `permisos_personal`.`idSaldoPersonal`')
 3 SYSTEMPATH\Database\BaseBuilder.php(1616): CodeIgniter\Database\BaseConnection->query('SELECT `permisos_personal`.*, `docente`.`nip`, `docente`.`nombre_completo`, `saldos_personal`.`saldoActualDias`, `saldos_personal`.`saldoActualHoras`
FROM `permisos_personal`
JOIN `docente` ON `docente`.`idDocente` = `permisos_personal`.`idDocente`
JOIN `saldos_personal` ON `saldos_personal`.`idSaldoPersonal` = `permisos_personal`.`idSaldoPersonal`', [], false)
 4 APPPATH\Models\PermisosPersonalModel.php(58): CodeIgniter\Database\BaseBuilder->get()
 5 APPPATH\Controllers\PermisosPersonal.php(31): App\Models\PermisosPersonalModel->getPermisosConSaldos()
 6 SYSTEMPATH\CodeIgniter.php(943): App\Controllers\PermisosPersonal->index()
 7 SYSTEMPATH\CodeIgniter.php(503): CodeIgniter\CodeIgniter->runController(Object(App\Controllers\PermisosPersonal))
 8 SYSTEMPATH\CodeIgniter.php(361): CodeIgniter\CodeIgniter->handleRequest(null, Object(Config\Cache), false)
 9 FCPATH\index.php(81): CodeIgniter\CodeIgniter->run()
CRITICAL - 2024-08-07 06:16:57 --> [Caused by] mysqli_sql_exception: Unknown column 'permisos_personal.idDocente' in 'on clause'
in SYSTEMPATH\Database\MySQLi\Connection.php on line 306.
 1 SYSTEMPATH\Database\MySQLi\Connection.php(306): mysqli->query('SELECT `permisos_personal`.*, `docente`.`nip`, `docente`.`nombre_completo`, `saldos_personal`.`saldoActualDias`, `saldos_personal`.`saldoActualHoras`
FROM `permisos_personal`
JOIN `docente` ON `docente`.`idDocente` = `permisos_personal`.`idDocente`
JOIN `saldos_personal` ON `saldos_personal`.`idSaldoPersonal` = `permisos_personal`.`idSaldoPersonal`', 0)
 2 SYSTEMPATH\Database\BaseConnection.php(693): CodeIgniter\Database\MySQLi\Connection->execute('SELECT `permisos_personal`.*, `docente`.`nip`, `docente`.`nombre_completo`, `saldos_personal`.`saldoActualDias`, `saldos_personal`.`saldoActualHoras`
FROM `permisos_personal`
JOIN `docente` ON `docente`.`idDocente` = `permisos_personal`.`idDocente`
JOIN `saldos_personal` ON `saldos_personal`.`idSaldoPersonal` = `permisos_personal`.`idSaldoPersonal`')
 3 SYSTEMPATH\Database\BaseConnection.php(607): CodeIgniter\Database\BaseConnection->simpleQuery('SELECT `permisos_personal`.*, `docente`.`nip`, `docente`.`nombre_completo`, `saldos_personal`.`saldoActualDias`, `saldos_personal`.`saldoActualHoras`
FROM `permisos_personal`
JOIN `docente` ON `docente`.`idDocente` = `permisos_personal`.`idDocente`
JOIN `saldos_personal` ON `saldos_personal`.`idSaldoPersonal` = `permisos_personal`.`idSaldoPersonal`')
 4 SYSTEMPATH\Database\BaseBuilder.php(1616): CodeIgniter\Database\BaseConnection->query('SELECT `permisos_personal`.*, `docente`.`nip`, `docente`.`nombre_completo`, `saldos_personal`.`saldoActualDias`, `saldos_personal`.`saldoActualHoras`
FROM `permisos_personal`
JOIN `docente` ON `docente`.`idDocente` = `permisos_personal`.`idDocente`
JOIN `saldos_personal` ON `saldos_personal`.`idSaldoPersonal` = `permisos_personal`.`idSaldoPersonal`', [], false)
 5 APPPATH\Models\PermisosPersonalModel.php(58): CodeIgniter\Database\BaseBuilder->get()
 6 APPPATH\Controllers\PermisosPersonal.php(31): App\Models\PermisosPersonalModel->getPermisosConSaldos()
 7 SYSTEMPATH\CodeIgniter.php(943): App\Controllers\PermisosPersonal->index()
 8 SYSTEMPATH\CodeIgniter.php(503): CodeIgniter\CodeIgniter->runController(Object(App\Controllers\PermisosPersonal))
 9 SYSTEMPATH\CodeIgniter.php(361): CodeIgniter\CodeIgniter->handleRequest(null, Object(Config\Cache), false)
10 FCPATH\index.php(81): CodeIgniter\CodeIgniter->run()
INFO - 2024-08-07 06:22:13 --> Session: Class initialized using 'CodeIgniter\Session\Handlers\FileHandler' driver.
CRITICAL - 2024-08-07 06:22:14 --> BadMethodCallException: Call to undefined method App\Models\PermisosPersonalModel::getPermisosConSaldos
in SYSTEMPATH\Model.php on line 879.
 1 APPPATH\Controllers\PermisosPersonal.php(31): CodeIgniter\Model->__call('getPermisosConSaldos', [])
 2 SYSTEMPATH\CodeIgniter.php(943): App\Controllers\PermisosPersonal->index()
 3 SYSTEMPATH\CodeIgniter.php(503): CodeIgniter\CodeIgniter->runController(Object(App\Controllers\PermisosPersonal))
 4 SYSTEMPATH\CodeIgniter.php(361): CodeIgniter\CodeIgniter->handleRequest(null, Object(Config\Cache), false)
 5 FCPATH\index.php(81): CodeIgniter\CodeIgniter->run()
INFO - 2024-08-07 06:27:02 --> Session: Class initialized using 'CodeIgniter\Session\Handlers\FileHandler' driver.
CRITICAL - 2024-08-07 06:27:02 --> Error: Call to undefined method CodeIgniter\Database\MySQLi\Connection::select()
in APPPATH\Models\PermisosPersonalModel.php on line 61.
 1 APPPATH\Controllers\PermisosPersonal.php(32): App\Models\PermisosPersonalModel->getPermisosPorDocente(1)
 2 SYSTEMPATH\CodeIgniter.php(943): App\Controllers\PermisosPersonal->index()
 3 SYSTEMPATH\CodeIgniter.php(503): CodeIgniter\CodeIgniter->runController(Object(App\Controllers\PermisosPersonal))
 4 SYSTEMPATH\CodeIgniter.php(361): CodeIgniter\CodeIgniter->handleRequest(null, Object(Config\Cache), false)
 5 FCPATH\index.php(81): CodeIgniter\CodeIgniter->run()
INFO - 2024-08-07 06:28:45 --> Session: Class initialized using 'CodeIgniter\Session\Handlers\FileHandler' driver.
ERROR - 2024-08-07 06:28:45 --> mysqli_sql_exception: Unknown column 'p.idPermisoPersonal' in 'field list' in C:\laragon\www\prueba\SistemaControl\vendor\codeigniter4\framework\system\Database\MySQLi\Connection.php:306
Stack trace:
#0 C:\laragon\www\prueba\SistemaControl\vendor\codeigniter4\framework\system\Database\MySQLi\Connection.php(306): mysqli->query('SELECT `p`.`idP...', 0)
#1 C:\laragon\www\prueba\SistemaControl\vendor\codeigniter4\framework\system\Database\BaseConnection.php(693): CodeIgniter\Database\MySQLi\Connection->execute('SELECT `p`.`idP...')
#2 C:\laragon\www\prueba\SistemaControl\vendor\codeigniter4\framework\system\Database\BaseConnection.php(607): CodeIgniter\Database\BaseConnection->simpleQuery('SELECT `p`.`idP...')
#3 C:\laragon\www\prueba\SistemaControl\vendor\codeigniter4\framework\system\Database\BaseBuilder.php(1616): CodeIgniter\Database\BaseConnection->query('SELECT `p`.`idP...', Array, false)
#4 C:\laragon\www\prueba\SistemaControl\app\Models\PermisosPersonalModel.php(67): CodeIgniter\Database\BaseBuilder->get()
#5 C:\laragon\www\prueba\SistemaControl\app\Controllers\PermisosPersonal.php(32): App\Models\PermisosPersonalModel->getPermisosPorDocente(1)
#6 C:\laragon\www\prueba\SistemaControl\vendor\codeigniter4\framework\system\CodeIgniter.php(943): App\Controllers\PermisosPersonal->index()
#7 C:\laragon\www\prueba\SistemaControl\vendor\codeigniter4\framework\system\CodeIgniter.php(503): CodeIgniter\CodeIgniter->runController(Object(App\Controllers\PermisosPersonal))
#8 C:\laragon\www\prueba\SistemaControl\vendor\codeigniter4\framework\system\CodeIgniter.php(361): CodeIgniter\CodeIgniter->handleRequest(NULL, Object(Config\Cache), false)
#9 C:\laragon\www\prueba\SistemaControl\public\index.php(81): CodeIgniter\CodeIgniter->run()
#10 {main}
CRITICAL - 2024-08-07 06:28:45 --> CodeIgniter\Database\Exceptions\DatabaseException: Unknown column 'p.idPermisoPersonal' in 'field list'
in SYSTEMPATH\Database\BaseConnection.php on line 647.
 1 SYSTEMPATH\Database\BaseBuilder.php(1616): CodeIgniter\Database\BaseConnection->query('SELECT `p`.`idPermisoPersonal`, `p`.`fechaInicio`, `p`.`fechaFin`, `p`.`horasSolicitadas`, `s`.`saldoActualDias`, `s`.`saldoActualHoras`
FROM `permisos_personal`
JOIN `saldos_personal` `s` ON `p`.`idSaldoPersonal` = `s`.`idSaldoPersonal`
WHERE `s`.`idDocente` = :s.idDocente:', [...], false)
 2 APPPATH\Models\PermisosPersonalModel.php(67): CodeIgniter\Database\BaseBuilder->get()
 3 APPPATH\Controllers\PermisosPersonal.php(32): App\Models\PermisosPersonalModel->getPermisosPorDocente(1)
 4 SYSTEMPATH\CodeIgniter.php(943): App\Controllers\PermisosPersonal->index()
 5 SYSTEMPATH\CodeIgniter.php(503): CodeIgniter\CodeIgniter->runController(Object(App\Controllers\PermisosPersonal))
 6 SYSTEMPATH\CodeIgniter.php(361): CodeIgniter\CodeIgniter->handleRequest(null, Object(Config\Cache), false)
 7 FCPATH\index.php(81): CodeIgniter\CodeIgniter->run()
CRITICAL - 2024-08-07 06:28:45 --> [Caused by] CodeIgniter\Database\Exceptions\DatabaseException: Unknown column 'p.idPermisoPersonal' in 'field list'
in SYSTEMPATH\Database\MySQLi\Connection.php on line 311.
 1 SYSTEMPATH\Database\BaseConnection.php(693): CodeIgniter\Database\MySQLi\Connection->execute('SELECT `p`.`idPermisoPersonal`, `p`.`fechaInicio`, `p`.`fechaFin`, `p`.`horasSolicitadas`, `s`.`saldoActualDias`, `s`.`saldoActualHoras`
FROM `permisos_personal`
JOIN `saldos_personal` `s` ON `p`.`idSaldoPersonal` = `s`.`idSaldoPersonal`
WHERE `s`.`idDocente` = 1')
 2 SYSTEMPATH\Database\BaseConnection.php(607): CodeIgniter\Database\BaseConnection->simpleQuery('SELECT `p`.`idPermisoPersonal`, `p`.`fechaInicio`, `p`.`fechaFin`, `p`.`horasSolicitadas`, `s`.`saldoActualDias`, `s`.`saldoActualHoras`
FROM `permisos_personal`
JOIN `saldos_personal` `s` ON `p`.`idSaldoPersonal` = `s`.`idSaldoPersonal`
WHERE `s`.`idDocente` = 1')
 3 SYSTEMPATH\Database\BaseBuilder.php(1616): CodeIgniter\Database\BaseConnection->query('SELECT `p`.`idPermisoPersonal`, `p`.`fechaInicio`, `p`.`fechaFin`, `p`.`horasSolicitadas`, `s`.`saldoActualDias`, `s`.`saldoActualHoras`
FROM `permisos_personal`
JOIN `saldos_personal` `s` ON `p`.`idSaldoPersonal` = `s`.`idSaldoPersonal`
WHERE `s`.`idDocente` = :s.idDocente:', [...], false)
 4 APPPATH\Models\PermisosPersonalModel.php(67): CodeIgniter\Database\BaseBuilder->get()
 5 APPPATH\Controllers\PermisosPersonal.php(32): App\Models\PermisosPersonalModel->getPermisosPorDocente(1)
 6 SYSTEMPATH\CodeIgniter.php(943): App\Controllers\PermisosPersonal->index()
 7 SYSTEMPATH\CodeIgniter.php(503): CodeIgniter\CodeIgniter->runController(Object(App\Controllers\PermisosPersonal))
 8 SYSTEMPATH\CodeIgniter.php(361): CodeIgniter\CodeIgniter->handleRequest(null, Object(Config\Cache), false)
 9 FCPATH\index.php(81): CodeIgniter\CodeIgniter->run()
CRITICAL - 2024-08-07 06:28:45 --> [Caused by] mysqli_sql_exception: Unknown column 'p.idPermisoPersonal' in 'field list'
in SYSTEMPATH\Database\MySQLi\Connection.php on line 306.
 1 SYSTEMPATH\Database\MySQLi\Connection.php(306): mysqli->query('SELECT `p`.`idPermisoPersonal`, `p`.`fechaInicio`, `p`.`fechaFin`, `p`.`horasSolicitadas`, `s`.`saldoActualDias`, `s`.`saldoActualHoras`
FROM `permisos_personal`
JOIN `saldos_personal` `s` ON `p`.`idSaldoPersonal` = `s`.`idSaldoPersonal`
WHERE `s`.`idDocente` = 1', 0)
 2 SYSTEMPATH\Database\BaseConnection.php(693): CodeIgniter\Database\MySQLi\Connection->execute('SELECT `p`.`idPermisoPersonal`, `p`.`fechaInicio`, `p`.`fechaFin`, `p`.`horasSolicitadas`, `s`.`saldoActualDias`, `s`.`saldoActualHoras`
FROM `permisos_personal`
JOIN `saldos_personal` `s` ON `p`.`idSaldoPersonal` = `s`.`idSaldoPersonal`
WHERE `s`.`idDocente` = 1')
 3 SYSTEMPATH\Database\BaseConnection.php(607): CodeIgniter\Database\BaseConnection->simpleQuery('SELECT `p`.`idPermisoPersonal`, `p`.`fechaInicio`, `p`.`fechaFin`, `p`.`horasSolicitadas`, `s`.`saldoActualDias`, `s`.`saldoActualHoras`
FROM `permisos_personal`
JOIN `saldos_personal` `s` ON `p`.`idSaldoPersonal` = `s`.`idSaldoPersonal`
WHERE `s`.`idDocente` = 1')
 4 SYSTEMPATH\Database\BaseBuilder.php(1616): CodeIgniter\Database\BaseConnection->query('SELECT `p`.`idPermisoPersonal`, `p`.`fechaInicio`, `p`.`fechaFin`, `p`.`horasSolicitadas`, `s`.`saldoActualDias`, `s`.`saldoActualHoras`
FROM `permisos_personal`
JOIN `saldos_personal` `s` ON `p`.`idSaldoPersonal` = `s`.`idSaldoPersonal`
WHERE `s`.`idDocente` = :s.idDocente:', [...], false)
 5 APPPATH\Models\PermisosPersonalModel.php(67): CodeIgniter\Database\BaseBuilder->get()
 6 APPPATH\Controllers\PermisosPersonal.php(32): App\Models\PermisosPersonalModel->getPermisosPorDocente(1)
 7 SYSTEMPATH\CodeIgniter.php(943): App\Controllers\PermisosPersonal->index()
 8 SYSTEMPATH\CodeIgniter.php(503): CodeIgniter\CodeIgniter->runController(Object(App\Controllers\PermisosPersonal))
 9 SYSTEMPATH\CodeIgniter.php(361): CodeIgniter\CodeIgniter->handleRequest(null, Object(Config\Cache), false)
10 FCPATH\index.php(81): CodeIgniter\CodeIgniter->run()
INFO - 2024-08-07 06:30:38 --> Session: Class initialized using 'CodeIgniter\Session\Handlers\FileHandler' driver.
INFO - 2024-08-07 06:32:56 --> Session: Class initialized using 'CodeIgniter\Session\Handlers\FileHandler' driver.
INFO - 2024-08-07 06:33:34 --> Session: Class initialized using 'CodeIgniter\Session\Handlers\FileHandler' driver.
CRITICAL - 2024-08-07 06:33:34 --> ErrorException: foreach() argument must be of type array|object, null given
in APPPATH\Controllers\PermisosPersonal.php on line 35.
 1 APPPATH\Controllers\PermisosPersonal.php(35): CodeIgniter\Debug\Exceptions->errorHandler(2, 'foreach() argument must be of type array|object, null given', 'C:\\laragon\\www\\prueba\\SistemaControl\\app\\Controllers\\PermisosPersonal.php', 35)
 2 SYSTEMPATH\CodeIgniter.php(943): App\Controllers\PermisosPersonal->index()
 3 SYSTEMPATH\CodeIgniter.php(503): CodeIgniter\CodeIgniter->runController(Object(App\Controllers\PermisosPersonal))
 4 SYSTEMPATH\CodeIgniter.php(361): CodeIgniter\CodeIgniter->handleRequest(null, Object(Config\Cache), false)
 5 FCPATH\index.php(81): CodeIgniter\CodeIgniter->run()
INFO - 2024-08-07 06:35:56 --> Session: Class initialized using 'CodeIgniter\Session\Handlers\FileHandler' driver.
INFO - 2024-08-07 06:39:29 --> Session: Class initialized using 'CodeIgniter\Session\Handlers\FileHandler' driver.
INFO - 2024-08-07 06:43:32 --> Session: Class initialized using 'CodeIgniter\Session\Handlers\FileHandler' driver.
CRITICAL - 2024-08-07 06:43:32 --> ErrorException: Undefined array key "idTipoPermiso"
in APPPATH\Controllers\PermisosPersonal.php on line 43.
 1 APPPATH\Controllers\PermisosPersonal.php(43): CodeIgniter\Debug\Exceptions->errorHandler(2, 'Undefined array key "idTipoPermiso"', 'C:\\laragon\\www\\prueba\\SistemaControl\\app\\Controllers\\PermisosPersonal.php', 43)
 2 SYSTEMPATH\CodeIgniter.php(943): App\Controllers\PermisosPersonal->index()
 3 SYSTEMPATH\CodeIgniter.php(503): CodeIgniter\CodeIgniter->runController(Object(App\Controllers\PermisosPersonal))
 4 SYSTEMPATH\CodeIgniter.php(361): CodeIgniter\CodeIgniter->handleRequest(null, Object(Config\Cache), false)
 5 FCPATH\index.php(81): CodeIgniter\CodeIgniter->run()
INFO - 2024-08-07 06:44:29 --> Session: Class initialized using 'CodeIgniter\Session\Handlers\FileHandler' driver.
CRITICAL - 2024-08-07 06:44:30 --> ErrorException: Undefined array key "idTipoPermiso"
in APPPATH\Controllers\PermisosPersonal.php on line 43.
 1 APPPATH\Controllers\PermisosPersonal.php(43): CodeIgniter\Debug\Exceptions->errorHandler(2, 'Undefined array key "idTipoPermiso"', 'C:\\laragon\\www\\prueba\\SistemaControl\\app\\Controllers\\PermisosPersonal.php', 43)
 2 SYSTEMPATH\CodeIgniter.php(943): App\Controllers\PermisosPersonal->index()
 3 SYSTEMPATH\CodeIgniter.php(503): CodeIgniter\CodeIgniter->runController(Object(App\Controllers\PermisosPersonal))
 4 SYSTEMPATH\CodeIgniter.php(361): CodeIgniter\CodeIgniter->handleRequest(null, Object(Config\Cache), false)
 5 FCPATH\index.php(81): CodeIgniter\CodeIgniter->run()
INFO - 2024-08-07 06:46:49 --> Session: Class initialized using 'CodeIgniter\Session\Handlers\FileHandler' driver.
ERROR - 2024-08-07 06:46:49 --> mysqli_sql_exception: Unknown column 'p.idTipoPermiso' in 'field list' in C:\laragon\www\prueba\SistemaControl\vendor\codeigniter4\framework\system\Database\MySQLi\Connection.php:306
Stack trace:
#0 C:\laragon\www\prueba\SistemaControl\vendor\codeigniter4\framework\system\Database\MySQLi\Connection.php(306): mysqli->query('SELECT `p`.`idP...', 0)
#1 C:\laragon\www\prueba\SistemaControl\vendor\codeigniter4\framework\system\Database\BaseConnection.php(693): CodeIgniter\Database\MySQLi\Connection->execute('SELECT `p`.`idP...')
#2 C:\laragon\www\prueba\SistemaControl\vendor\codeigniter4\framework\system\Database\BaseConnection.php(607): CodeIgniter\Database\BaseConnection->simpleQuery('SELECT `p`.`idP...')
#3 C:\laragon\www\prueba\SistemaControl\vendor\codeigniter4\framework\system\Database\BaseBuilder.php(1616): CodeIgniter\Database\BaseConnection->query('SELECT `p`.`idP...', Array, false)
#4 C:\laragon\www\prueba\SistemaControl\app\Models\PermisosPersonalModel.php(66): CodeIgniter\Database\BaseBuilder->get()
#5 C:\laragon\www\prueba\SistemaControl\app\Controllers\PermisosPersonal.php(32): App\Models\PermisosPersonalModel->getPermisosPorDocente(36)
#6 C:\laragon\www\prueba\SistemaControl\vendor\codeigniter4\framework\system\CodeIgniter.php(943): App\Controllers\PermisosPersonal->index()
#7 C:\laragon\www\prueba\SistemaControl\vendor\codeigniter4\framework\system\CodeIgniter.php(503): CodeIgniter\CodeIgniter->runController(Object(App\Controllers\PermisosPersonal))
#8 C:\laragon\www\prueba\SistemaControl\vendor\codeigniter4\framework\system\CodeIgniter.php(361): CodeIgniter\CodeIgniter->handleRequest(NULL, Object(Config\Cache), false)
#9 C:\laragon\www\prueba\SistemaControl\public\index.php(81): CodeIgniter\CodeIgniter->run()
#10 {main}
CRITICAL - 2024-08-07 06:46:49 --> CodeIgniter\Database\Exceptions\DatabaseException: Unknown column 'p.idTipoPermiso' in 'field list'
in SYSTEMPATH\Database\BaseConnection.php on line 647.
 1 SYSTEMPATH\Database\BaseBuilder.php(1616): CodeIgniter\Database\BaseConnection->query('SELECT `p`.`idPermisoPersonal`, `p`.`fechaInicio`, `p`.`fechaFin`, `p`.`horasSolicitadas`, `s`.`saldoActualDias`, `s`.`saldoActualHoras`, `p`.`idTipoPermiso`
FROM `permisos_personal` `p`
JOIN `saldos_personal` `s` ON `p`.`idSaldoPersonal` = `s`.`idSaldoPersonal`
WHERE `s`.`idDocente` = :s.idDocente:', [...], false)
 2 APPPATH\Models\PermisosPersonalModel.php(66): CodeIgniter\Database\BaseBuilder->get()
 3 APPPATH\Controllers\PermisosPersonal.php(32): App\Models\PermisosPersonalModel->getPermisosPorDocente(36)
 4 SYSTEMPATH\CodeIgniter.php(943): App\Controllers\PermisosPersonal->index()
 5 SYSTEMPATH\CodeIgniter.php(503): CodeIgniter\CodeIgniter->runController(Object(App\Controllers\PermisosPersonal))
 6 SYSTEMPATH\CodeIgniter.php(361): CodeIgniter\CodeIgniter->handleRequest(null, Object(Config\Cache), false)
 7 FCPATH\index.php(81): CodeIgniter\CodeIgniter->run()
CRITICAL - 2024-08-07 06:46:49 --> [Caused by] CodeIgniter\Database\Exceptions\DatabaseException: Unknown column 'p.idTipoPermiso' in 'field list'
in SYSTEMPATH\Database\MySQLi\Connection.php on line 311.
 1 SYSTEMPATH\Database\BaseConnection.php(693): CodeIgniter\Database\MySQLi\Connection->execute('SELECT `p`.`idPermisoPersonal`, `p`.`fechaInicio`, `p`.`fechaFin`, `p`.`horasSolicitadas`, `s`.`saldoActualDias`, `s`.`saldoActualHoras`, `p`.`idTipoPermiso`
FROM `permisos_personal` `p`
JOIN `saldos_personal` `s` ON `p`.`idSaldoPersonal` = `s`.`idSaldoPersonal`
WHERE `s`.`idDocente` = 36')
 2 SYSTEMPATH\Database\BaseConnection.php(607): CodeIgniter\Database\BaseConnection->simpleQuery('SELECT `p`.`idPermisoPersonal`, `p`.`fechaInicio`, `p`.`fechaFin`, `p`.`horasSolicitadas`, `s`.`saldoActualDias`, `s`.`saldoActualHoras`, `p`.`idTipoPermiso`
FROM `permisos_personal` `p`
JOIN `saldos_personal` `s` ON `p`.`idSaldoPersonal` = `s`.`idSaldoPersonal`
WHERE `s`.`idDocente` = 36')
 3 SYSTEMPATH\Database\BaseBuilder.php(1616): CodeIgniter\Database\BaseConnection->query('SELECT `p`.`idPermisoPersonal`, `p`.`fechaInicio`, `p`.`fechaFin`, `p`.`horasSolicitadas`, `s`.`saldoActualDias`, `s`.`saldoActualHoras`, `p`.`idTipoPermiso`
FROM `permisos_personal` `p`
JOIN `saldos_personal` `s` ON `p`.`idSaldoPersonal` = `s`.`idSaldoPersonal`
WHERE `s`.`idDocente` = :s.idDocente:', [...], false)
 4 APPPATH\Models\PermisosPersonalModel.php(66): CodeIgniter\Database\BaseBuilder->get()
 5 APPPATH\Controllers\PermisosPersonal.php(32): App\Models\PermisosPersonalModel->getPermisosPorDocente(36)
 6 SYSTEMPATH\CodeIgniter.php(943): App\Controllers\PermisosPersonal->index()
 7 SYSTEMPATH\CodeIgniter.php(503): CodeIgniter\CodeIgniter->runController(Object(App\Controllers\PermisosPersonal))
 8 SYSTEMPATH\CodeIgniter.php(361): CodeIgniter\CodeIgniter->handleRequest(null, Object(Config\Cache), false)
 9 FCPATH\index.php(81): CodeIgniter\CodeIgniter->run()
CRITICAL - 2024-08-07 06:46:49 --> [Caused by] mysqli_sql_exception: Unknown column 'p.idTipoPermiso' in 'field list'
in SYSTEMPATH\Database\MySQLi\Connection.php on line 306.
 1 SYSTEMPATH\Database\MySQLi\Connection.php(306): mysqli->query('SELECT `p`.`idPermisoPersonal`, `p`.`fechaInicio`, `p`.`fechaFin`, `p`.`horasSolicitadas`, `s`.`saldoActualDias`, `s`.`saldoActualHoras`, `p`.`idTipoPermiso`
FROM `permisos_personal` `p`
JOIN `saldos_personal` `s` ON `p`.`idSaldoPersonal` = `s`.`idSaldoPersonal`
WHERE `s`.`idDocente` = 36', 0)
 2 SYSTEMPATH\Database\BaseConnection.php(693): CodeIgniter\Database\MySQLi\Connection->execute('SELECT `p`.`idPermisoPersonal`, `p`.`fechaInicio`, `p`.`fechaFin`, `p`.`horasSolicitadas`, `s`.`saldoActualDias`, `s`.`saldoActualHoras`, `p`.`idTipoPermiso`
FROM `permisos_personal` `p`
JOIN `saldos_personal` `s` ON `p`.`idSaldoPersonal` = `s`.`idSaldoPersonal`
WHERE `s`.`idDocente` = 36')
 3 SYSTEMPATH\Database\BaseConnection.php(607): CodeIgniter\Database\BaseConnection->simpleQuery('SELECT `p`.`idPermisoPersonal`, `p`.`fechaInicio`, `p`.`fechaFin`, `p`.`horasSolicitadas`, `s`.`saldoActualDias`, `s`.`saldoActualHoras`, `p`.`idTipoPermiso`
FROM `permisos_personal` `p`
JOIN `saldos_personal` `s` ON `p`.`idSaldoPersonal` = `s`.`idSaldoPersonal`
WHERE `s`.`idDocente` = 36')
 4 SYSTEMPATH\Database\BaseBuilder.php(1616): CodeIgniter\Database\BaseConnection->query('SELECT `p`.`idPermisoPersonal`, `p`.`fechaInicio`, `p`.`fechaFin`, `p`.`horasSolicitadas`, `s`.`saldoActualDias`, `s`.`saldoActualHoras`, `p`.`idTipoPermiso`
FROM `permisos_personal` `p`
JOIN `saldos_personal` `s` ON `p`.`idSaldoPersonal` = `s`.`idSaldoPersonal`
WHERE `s`.`idDocente` = :s.idDocente:', [...], false)
 5 APPPATH\Models\PermisosPersonalModel.php(66): CodeIgniter\Database\BaseBuilder->get()
 6 APPPATH\Controllers\PermisosPersonal.php(32): App\Models\PermisosPersonalModel->getPermisosPorDocente(36)
 7 SYSTEMPATH\CodeIgniter.php(943): App\Controllers\PermisosPersonal->index()
 8 SYSTEMPATH\CodeIgniter.php(503): CodeIgniter\CodeIgniter->runController(Object(App\Controllers\PermisosPersonal))
 9 SYSTEMPATH\CodeIgniter.php(361): CodeIgniter\CodeIgniter->handleRequest(null, Object(Config\Cache), false)
10 FCPATH\index.php(81): CodeIgniter\CodeIgniter->run()
INFO - 2024-08-07 06:52:27 --> Session: Class initialized using 'CodeIgniter\Session\Handlers\FileHandler' driver.
ERROR - 2024-08-07 06:52:28 --> mysqli_sql_exception: Table 'sistema_control.tipo_permiso' doesn't exist in C:\laragon\www\prueba\SistemaControl\vendor\codeigniter4\framework\system\Database\MySQLi\Connection.php:306
Stack trace:
#0 C:\laragon\www\prueba\SistemaControl\vendor\codeigniter4\framework\system\Database\MySQLi\Connection.php(306): mysqli->query('SELECT `p`.`idP...', 0)
#1 C:\laragon\www\prueba\SistemaControl\vendor\codeigniter4\framework\system\Database\BaseConnection.php(693): CodeIgniter\Database\MySQLi\Connection->execute('SELECT `p`.`idP...')
#2 C:\laragon\www\prueba\SistemaControl\vendor\codeigniter4\framework\system\Database\BaseConnection.php(607): CodeIgniter\Database\BaseConnection->simpleQuery('SELECT `p`.`idP...')
#3 C:\laragon\www\prueba\SistemaControl\vendor\codeigniter4\framework\system\Database\BaseBuilder.php(1616): CodeIgniter\Database\BaseConnection->query('SELECT `p`.`idP...', Array, false)
#4 C:\laragon\www\prueba\SistemaControl\app\Models\PermisosPersonalModel.php(64): CodeIgniter\Database\BaseBuilder->get()
#5 C:\laragon\www\prueba\SistemaControl\app\Controllers\PermisosPersonal.php(31): App\Models\PermisosPersonalModel->getPermisosPorDocente(36)
#6 C:\laragon\www\prueba\SistemaControl\vendor\codeigniter4\framework\system\CodeIgniter.php(943): App\Controllers\PermisosPersonal->index()
#7 C:\laragon\www\prueba\SistemaControl\vendor\codeigniter4\framework\system\CodeIgniter.php(503): CodeIgniter\CodeIgniter->runController(Object(App\Controllers\PermisosPersonal))
#8 C:\laragon\www\prueba\SistemaControl\vendor\codeigniter4\framework\system\CodeIgniter.php(361): CodeIgniter\CodeIgniter->handleRequest(NULL, Object(Config\Cache), false)
#9 C:\laragon\www\prueba\SistemaControl\public\index.php(81): CodeIgniter\CodeIgniter->run()
#10 {main}
CRITICAL - 2024-08-07 06:52:28 --> CodeIgniter\Database\Exceptions\DatabaseException: Table 'sistema_control.tipo_permiso' doesn't exist
in SYSTEMPATH\Database\BaseConnection.php on line 647.
 1 SYSTEMPATH\Database\BaseBuilder.php(1616): CodeIgniter\Database\BaseConnection->query('SELECT `p`.`idPermisoPersonal`, `p`.`fechaInicio`, `p`.`fechaFin`, `p`.`horasSolicitadas`, `s`.`saldoActualDias`, `s`.`saldoActualHoras`, `tp`.`nombre` as `tipoPermisoNombre`
FROM `permisos_personal` `p`
JOIN `saldos_personal` `s` ON `p`.`idSaldoPersonal` = `s`.`idSaldoPersonal`
JOIN `tipo_permiso` `tp` ON `tp`.`idTipoPermiso` = `s`.`idTipoPermiso`
WHERE `s`.`idDocente` = :s.idDocente:', [...], false)
 2 APPPATH\Models\PermisosPersonalModel.php(64): CodeIgniter\Database\BaseBuilder->get()
 3 APPPATH\Controllers\PermisosPersonal.php(31): App\Models\PermisosPersonalModel->getPermisosPorDocente(36)
 4 SYSTEMPATH\CodeIgniter.php(943): App\Controllers\PermisosPersonal->index()
 5 SYSTEMPATH\CodeIgniter.php(503): CodeIgniter\CodeIgniter->runController(Object(App\Controllers\PermisosPersonal))
 6 SYSTEMPATH\CodeIgniter.php(361): CodeIgniter\CodeIgniter->handleRequest(null, Object(Config\Cache), false)
 7 FCPATH\index.php(81): CodeIgniter\CodeIgniter->run()
CRITICAL - 2024-08-07 06:52:28 --> [Caused by] CodeIgniter\Database\Exceptions\DatabaseException: Table 'sistema_control.tipo_permiso' doesn't exist
in SYSTEMPATH\Database\MySQLi\Connection.php on line 311.
 1 SYSTEMPATH\Database\BaseConnection.php(693): CodeIgniter\Database\MySQLi\Connection->execute('SELECT `p`.`idPermisoPersonal`, `p`.`fechaInicio`, `p`.`fechaFin`, `p`.`horasSolicitadas`, `s`.`saldoActualDias`, `s`.`saldoActualHoras`, `tp`.`nombre` as `tipoPermisoNombre`
FROM `permisos_personal` `p`
JOIN `saldos_personal` `s` ON `p`.`idSaldoPersonal` = `s`.`idSaldoPersonal`
JOIN `tipo_permiso` `tp` ON `tp`.`idTipoPermiso` = `s`.`idTipoPermiso`
WHERE `s`.`idDocente` = 36')
 2 SYSTEMPATH\Database\BaseConnection.php(607): CodeIgniter\Database\BaseConnection->simpleQuery('SELECT `p`.`idPermisoPersonal`, `p`.`fechaInicio`, `p`.`fechaFin`, `p`.`horasSolicitadas`, `s`.`saldoActualDias`, `s`.`saldoActualHoras`, `tp`.`nombre` as `tipoPermisoNombre`
FROM `permisos_personal` `p`
JOIN `saldos_personal` `s` ON `p`.`idSaldoPersonal` = `s`.`idSaldoPersonal`
JOIN `tipo_permiso` `tp` ON `tp`.`idTipoPermiso` = `s`.`idTipoPermiso`
WHERE `s`.`idDocente` = 36')
 3 SYSTEMPATH\Database\BaseBuilder.php(1616): CodeIgniter\Database\BaseConnection->query('SELECT `p`.`idPermisoPersonal`, `p`.`fechaInicio`, `p`.`fechaFin`, `p`.`horasSolicitadas`, `s`.`saldoActualDias`, `s`.`saldoActualHoras`, `tp`.`nombre` as `tipoPermisoNombre`
FROM `permisos_personal` `p`
JOIN `saldos_personal` `s` ON `p`.`idSaldoPersonal` = `s`.`idSaldoPersonal`
JOIN `tipo_permiso` `tp` ON `tp`.`idTipoPermiso` = `s`.`idTipoPermiso`
WHERE `s`.`idDocente` = :s.idDocente:', [...], false)
 4 APPPATH\Models\PermisosPersonalModel.php(64): CodeIgniter\Database\BaseBuilder->get()
 5 APPPATH\Controllers\PermisosPersonal.php(31): App\Models\PermisosPersonalModel->getPermisosPorDocente(36)
 6 SYSTEMPATH\CodeIgniter.php(943): App\Controllers\PermisosPersonal->index()
 7 SYSTEMPATH\CodeIgniter.php(503): CodeIgniter\CodeIgniter->runController(Object(App\Controllers\PermisosPersonal))
 8 SYSTEMPATH\CodeIgniter.php(361): CodeIgniter\CodeIgniter->handleRequest(null, Object(Config\Cache), false)
 9 FCPATH\index.php(81): CodeIgniter\CodeIgniter->run()
CRITICAL - 2024-08-07 06:52:28 --> [Caused by] mysqli_sql_exception: Table 'sistema_control.tipo_permiso' doesn't exist
in SYSTEMPATH\Database\MySQLi\Connection.php on line 306.
 1 SYSTEMPATH\Database\MySQLi\Connection.php(306): mysqli->query('SELECT `p`.`idPermisoPersonal`, `p`.`fechaInicio`, `p`.`fechaFin`, `p`.`horasSolicitadas`, `s`.`saldoActualDias`, `s`.`saldoActualHoras`, `tp`.`nombre` as `tipoPermisoNombre`
FROM `permisos_personal` `p`
JOIN `saldos_personal` `s` ON `p`.`idSaldoPersonal` = `s`.`idSaldoPersonal`
JOIN `tipo_permiso` `tp` ON `tp`.`idTipoPermiso` = `s`.`idTipoPermiso`
WHERE `s`.`idDocente` = 36', 0)
 2 SYSTEMPATH\Database\BaseConnection.php(693): CodeIgniter\Database\MySQLi\Connection->execute('SELECT `p`.`idPermisoPersonal`, `p`.`fechaInicio`, `p`.`fechaFin`, `p`.`horasSolicitadas`, `s`.`saldoActualDias`, `s`.`saldoActualHoras`, `tp`.`nombre` as `tipoPermisoNombre`
FROM `permisos_personal` `p`
JOIN `saldos_personal` `s` ON `p`.`idSaldoPersonal` = `s`.`idSaldoPersonal`
JOIN `tipo_permiso` `tp` ON `tp`.`idTipoPermiso` = `s`.`idTipoPermiso`
WHERE `s`.`idDocente` = 36')
 3 SYSTEMPATH\Database\BaseConnection.php(607): CodeIgniter\Database\BaseConnection->simpleQuery('SELECT `p`.`idPermisoPersonal`, `p`.`fechaInicio`, `p`.`fechaFin`, `p`.`horasSolicitadas`, `s`.`saldoActualDias`, `s`.`saldoActualHoras`, `tp`.`nombre` as `tipoPermisoNombre`
FROM `permisos_personal` `p`
JOIN `saldos_personal` `s` ON `p`.`idSaldoPersonal` = `s`.`idSaldoPersonal`
JOIN `tipo_permiso` `tp` ON `tp`.`idTipoPermiso` = `s`.`idTipoPermiso`
WHERE `s`.`idDocente` = 36')
 4 SYSTEMPATH\Database\BaseBuilder.php(1616): CodeIgniter\Database\BaseConnection->query('SELECT `p`.`idPermisoPersonal`, `p`.`fechaInicio`, `p`.`fechaFin`, `p`.`horasSolicitadas`, `s`.`saldoActualDias`, `s`.`saldoActualHoras`, `tp`.`nombre` as `tipoPermisoNombre`
FROM `permisos_personal` `p`
JOIN `saldos_personal` `s` ON `p`.`idSaldoPersonal` = `s`.`idSaldoPersonal`
JOIN `tipo_permiso` `tp` ON `tp`.`idTipoPermiso` = `s`.`idTipoPermiso`
WHERE `s`.`idDocente` = :s.idDocente:', [...], false)
 5 APPPATH\Models\PermisosPersonalModel.php(64): CodeIgniter\Database\BaseBuilder->get()
 6 APPPATH\Controllers\PermisosPersonal.php(31): App\Models\PermisosPersonalModel->getPermisosPorDocente(36)
 7 SYSTEMPATH\CodeIgniter.php(943): App\Controllers\PermisosPersonal->index()
 8 SYSTEMPATH\CodeIgniter.php(503): CodeIgniter\CodeIgniter->runController(Object(App\Controllers\PermisosPersonal))
 9 SYSTEMPATH\CodeIgniter.php(361): CodeIgniter\CodeIgniter->handleRequest(null, Object(Config\Cache), false)
10 FCPATH\index.php(81): CodeIgniter\CodeIgniter->run()
INFO - 2024-08-07 06:53:53 --> Session: Class initialized using 'CodeIgniter\Session\Handlers\FileHandler' driver.
ERROR - 2024-08-07 06:53:55 --> mysqli_sql_exception: Table 'sistema_control.tipo_permiso' doesn't exist in C:\laragon\www\prueba\SistemaControl\vendor\codeigniter4\framework\system\Database\MySQLi\Connection.php:306
Stack trace:
#0 C:\laragon\www\prueba\SistemaControl\vendor\codeigniter4\framework\system\Database\MySQLi\Connection.php(306): mysqli->query('SELECT `p`.`idP...', 0)
#1 C:\laragon\www\prueba\SistemaControl\vendor\codeigniter4\framework\system\Database\BaseConnection.php(693): CodeIgniter\Database\MySQLi\Connection->execute('SELECT `p`.`idP...')
#2 C:\laragon\www\prueba\SistemaControl\vendor\codeigniter4\framework\system\Database\BaseConnection.php(607): CodeIgniter\Database\BaseConnection->simpleQuery('SELECT `p`.`idP...')
#3 C:\laragon\www\prueba\SistemaControl\vendor\codeigniter4\framework\system\Database\BaseBuilder.php(1616): CodeIgniter\Database\BaseConnection->query('SELECT `p`.`idP...', Array, false)
#4 C:\laragon\www\prueba\SistemaControl\app\Models\PermisosPersonalModel.php(64): CodeIgniter\Database\BaseBuilder->get()
#5 C:\laragon\www\prueba\SistemaControl\app\Controllers\PermisosPersonal.php(31): App\Models\PermisosPersonalModel->getPermisosPorDocente(36)
#6 C:\laragon\www\prueba\SistemaControl\vendor\codeigniter4\framework\system\CodeIgniter.php(943): App\Controllers\PermisosPersonal->index()
#7 C:\laragon\www\prueba\SistemaControl\vendor\codeigniter4\framework\system\CodeIgniter.php(503): CodeIgniter\CodeIgniter->runController(Object(App\Controllers\PermisosPersonal))
#8 C:\laragon\www\prueba\SistemaControl\vendor\codeigniter4\framework\system\CodeIgniter.php(361): CodeIgniter\CodeIgniter->handleRequest(NULL, Object(Config\Cache), false)
#9 C:\laragon\www\prueba\SistemaControl\public\index.php(81): CodeIgniter\CodeIgniter->run()
#10 {main}
CRITICAL - 2024-08-07 06:53:55 --> CodeIgniter\Database\Exceptions\DatabaseException: Table 'sistema_control.tipo_permiso' doesn't exist
in SYSTEMPATH\Database\BaseConnection.php on line 647.
 1 SYSTEMPATH\Database\BaseBuilder.php(1616): CodeIgniter\Database\BaseConnection->query('SELECT `p`.`idPermisoPersonal`, `p`.`fechaInicio`, `p`.`fechaFin`, `p`.`horasSolicitadas`, `s`.`saldoActualDias`, `s`.`saldoActualHoras`, `tp`.`nombre` as `tipoPermisoNombre`
FROM `permisos_personal` `p`
JOIN `saldos_personal` `s` ON `p`.`idSaldoPersonal` = `s`.`idSaldoPersonal`
JOIN `tipo_permiso` `tp` ON `tp`.`idTipoPermiso` = `s`.`idTipoPermiso`
WHERE `s`.`idDocente` = :s.idDocente:', [...], false)
 2 APPPATH\Models\PermisosPersonalModel.php(64): CodeIgniter\Database\BaseBuilder->get()
 3 APPPATH\Controllers\PermisosPersonal.php(31): App\Models\PermisosPersonalModel->getPermisosPorDocente(36)
 4 SYSTEMPATH\CodeIgniter.php(943): App\Controllers\PermisosPersonal->index()
 5 SYSTEMPATH\CodeIgniter.php(503): CodeIgniter\CodeIgniter->runController(Object(App\Controllers\PermisosPersonal))
 6 SYSTEMPATH\CodeIgniter.php(361): CodeIgniter\CodeIgniter->handleRequest(null, Object(Config\Cache), false)
 7 FCPATH\index.php(81): CodeIgniter\CodeIgniter->run()
CRITICAL - 2024-08-07 06:53:55 --> [Caused by] CodeIgniter\Database\Exceptions\DatabaseException: Table 'sistema_control.tipo_permiso' doesn't exist
in SYSTEMPATH\Database\MySQLi\Connection.php on line 311.
 1 SYSTEMPATH\Database\BaseConnection.php(693): CodeIgniter\Database\MySQLi\Connection->execute('SELECT `p`.`idPermisoPersonal`, `p`.`fechaInicio`, `p`.`fechaFin`, `p`.`horasSolicitadas`, `s`.`saldoActualDias`, `s`.`saldoActualHoras`, `tp`.`nombre` as `tipoPermisoNombre`
FROM `permisos_personal` `p`
JOIN `saldos_personal` `s` ON `p`.`idSaldoPersonal` = `s`.`idSaldoPersonal`
JOIN `tipo_permiso` `tp` ON `tp`.`idTipoPermiso` = `s`.`idTipoPermiso`
WHERE `s`.`idDocente` = 36')
 2 SYSTEMPATH\Database\BaseConnection.php(607): CodeIgniter\Database\BaseConnection->simpleQuery('SELECT `p`.`idPermisoPersonal`, `p`.`fechaInicio`, `p`.`fechaFin`, `p`.`horasSolicitadas`, `s`.`saldoActualDias`, `s`.`saldoActualHoras`, `tp`.`nombre` as `tipoPermisoNombre`
FROM `permisos_personal` `p`
JOIN `saldos_personal` `s` ON `p`.`idSaldoPersonal` = `s`.`idSaldoPersonal`
JOIN `tipo_permiso` `tp` ON `tp`.`idTipoPermiso` = `s`.`idTipoPermiso`
WHERE `s`.`idDocente` = 36')
 3 SYSTEMPATH\Database\BaseBuilder.php(1616): CodeIgniter\Database\BaseConnection->query('SELECT `p`.`idPermisoPersonal`, `p`.`fechaInicio`, `p`.`fechaFin`, `p`.`horasSolicitadas`, `s`.`saldoActualDias`, `s`.`saldoActualHoras`, `tp`.`nombre` as `tipoPermisoNombre`
FROM `permisos_personal` `p`
JOIN `saldos_personal` `s` ON `p`.`idSaldoPersonal` = `s`.`idSaldoPersonal`
JOIN `tipo_permiso` `tp` ON `tp`.`idTipoPermiso` = `s`.`idTipoPermiso`
WHERE `s`.`idDocente` = :s.idDocente:', [...], false)
 4 APPPATH\Models\PermisosPersonalModel.php(64): CodeIgniter\Database\BaseBuilder->get()
 5 APPPATH\Controllers\PermisosPersonal.php(31): App\Models\PermisosPersonalModel->getPermisosPorDocente(36)
 6 SYSTEMPATH\CodeIgniter.php(943): App\Controllers\PermisosPersonal->index()
 7 SYSTEMPATH\CodeIgniter.php(503): CodeIgniter\CodeIgniter->runController(Object(App\Controllers\PermisosPersonal))
 8 SYSTEMPATH\CodeIgniter.php(361): CodeIgniter\CodeIgniter->handleRequest(null, Object(Config\Cache), false)
 9 FCPATH\index.php(81): CodeIgniter\CodeIgniter->run()
CRITICAL - 2024-08-07 06:53:55 --> [Caused by] mysqli_sql_exception: Table 'sistema_control.tipo_permiso' doesn't exist
in SYSTEMPATH\Database\MySQLi\Connection.php on line 306.
 1 SYSTEMPATH\Database\MySQLi\Connection.php(306): mysqli->query('SELECT `p`.`idPermisoPersonal`, `p`.`fechaInicio`, `p`.`fechaFin`, `p`.`horasSolicitadas`, `s`.`saldoActualDias`, `s`.`saldoActualHoras`, `tp`.`nombre` as `tipoPermisoNombre`
FROM `permisos_personal` `p`
JOIN `saldos_personal` `s` ON `p`.`idSaldoPersonal` = `s`.`idSaldoPersonal`
JOIN `tipo_permiso` `tp` ON `tp`.`idTipoPermiso` = `s`.`idTipoPermiso`
WHERE `s`.`idDocente` = 36', 0)
 2 SYSTEMPATH\Database\BaseConnection.php(693): CodeIgniter\Database\MySQLi\Connection->execute('SELECT `p`.`idPermisoPersonal`, `p`.`fechaInicio`, `p`.`fechaFin`, `p`.`horasSolicitadas`, `s`.`saldoActualDias`, `s`.`saldoActualHoras`, `tp`.`nombre` as `tipoPermisoNombre`
FROM `permisos_personal` `p`
JOIN `saldos_personal` `s` ON `p`.`idSaldoPersonal` = `s`.`idSaldoPersonal`
JOIN `tipo_permiso` `tp` ON `tp`.`idTipoPermiso` = `s`.`idTipoPermiso`
WHERE `s`.`idDocente` = 36')
 3 SYSTEMPATH\Database\BaseConnection.php(607): CodeIgniter\Database\BaseConnection->simpleQuery('SELECT `p`.`idPermisoPersonal`, `p`.`fechaInicio`, `p`.`fechaFin`, `p`.`horasSolicitadas`, `s`.`saldoActualDias`, `s`.`saldoActualHoras`, `tp`.`nombre` as `tipoPermisoNombre`
FROM `permisos_personal` `p`
JOIN `saldos_personal` `s` ON `p`.`idSaldoPersonal` = `s`.`idSaldoPersonal`
JOIN `tipo_permiso` `tp` ON `tp`.`idTipoPermiso` = `s`.`idTipoPermiso`
WHERE `s`.`idDocente` = 36')
 4 SYSTEMPATH\Database\BaseBuilder.php(1616): CodeIgniter\Database\BaseConnection->query('SELECT `p`.`idPermisoPersonal`, `p`.`fechaInicio`, `p`.`fechaFin`, `p`.`horasSolicitadas`, `s`.`saldoActualDias`, `s`.`saldoActualHoras`, `tp`.`nombre` as `tipoPermisoNombre`
FROM `permisos_personal` `p`
JOIN `saldos_personal` `s` ON `p`.`idSaldoPersonal` = `s`.`idSaldoPersonal`
JOIN `tipo_permiso` `tp` ON `tp`.`idTipoPermiso` = `s`.`idTipoPermiso`
WHERE `s`.`idDocente` = :s.idDocente:', [...], false)
 5 APPPATH\Models\PermisosPersonalModel.php(64): CodeIgniter\Database\BaseBuilder->get()
 6 APPPATH\Controllers\PermisosPersonal.php(31): App\Models\PermisosPersonalModel->getPermisosPorDocente(36)
 7 SYSTEMPATH\CodeIgniter.php(943): App\Controllers\PermisosPersonal->index()
 8 SYSTEMPATH\CodeIgniter.php(503): CodeIgniter\CodeIgniter->runController(Object(App\Controllers\PermisosPersonal))
 9 SYSTEMPATH\CodeIgniter.php(361): CodeIgniter\CodeIgniter->handleRequest(null, Object(Config\Cache), false)
10 FCPATH\index.php(81): CodeIgniter\CodeIgniter->run()
INFO - 2024-08-07 06:58:14 --> Session: Class initialized using 'CodeIgniter\Session\Handlers\FileHandler' driver.
ERROR - 2024-08-07 06:58:14 --> mysqli_sql_exception: Table 'sistema_control.tipo_permiso' doesn't exist in C:\laragon\www\prueba\SistemaControl\vendor\codeigniter4\framework\system\Database\MySQLi\Connection.php:306
Stack trace:
#0 C:\laragon\www\prueba\SistemaControl\vendor\codeigniter4\framework\system\Database\MySQLi\Connection.php(306): mysqli->query('SELECT `p`.`idP...', 0)
#1 C:\laragon\www\prueba\SistemaControl\vendor\codeigniter4\framework\system\Database\BaseConnection.php(693): CodeIgniter\Database\MySQLi\Connection->execute('SELECT `p`.`idP...')
#2 C:\laragon\www\prueba\SistemaControl\vendor\codeigniter4\framework\system\Database\BaseConnection.php(607): CodeIgniter\Database\BaseConnection->simpleQuery('SELECT `p`.`idP...')
#3 C:\laragon\www\prueba\SistemaControl\vendor\codeigniter4\framework\system\Database\BaseBuilder.php(1616): CodeIgniter\Database\BaseConnection->query('SELECT `p`.`idP...', Array, false)
#4 C:\laragon\www\prueba\SistemaControl\app\Models\PermisosPersonalModel.php(64): CodeIgniter\Database\BaseBuilder->get()
#5 C:\laragon\www\prueba\SistemaControl\app\Controllers\PermisosPersonal.php(31): App\Models\PermisosPersonalModel->getPermisosPorDocente(36)
#6 C:\laragon\www\prueba\SistemaControl\vendor\codeigniter4\framework\system\CodeIgniter.php(943): App\Controllers\PermisosPersonal->index()
#7 C:\laragon\www\prueba\SistemaControl\vendor\codeigniter4\framework\system\CodeIgniter.php(503): CodeIgniter\CodeIgniter->runController(Object(App\Controllers\PermisosPersonal))
#8 C:\laragon\www\prueba\SistemaControl\vendor\codeigniter4\framework\system\CodeIgniter.php(361): CodeIgniter\CodeIgniter->handleRequest(NULL, Object(Config\Cache), false)
#9 C:\laragon\www\prueba\SistemaControl\public\index.php(81): CodeIgniter\CodeIgniter->run()
#10 {main}
CRITICAL - 2024-08-07 06:58:14 --> CodeIgniter\Database\Exceptions\DatabaseException: Table 'sistema_control.tipo_permiso' doesn't exist
in SYSTEMPATH\Database\BaseConnection.php on line 647.
 1 SYSTEMPATH\Database\BaseBuilder.php(1616): CodeIgniter\Database\BaseConnection->query('SELECT `p`.`idPermisoPersonal`, `p`.`fechaInicio`, `p`.`fechaFin`, `p`.`horasSolicitadas`, `s`.`saldoActualDias`, `s`.`saldoActualHoras`, `tp`.`nombre` as `tipoPermisoNombre`
FROM `permisos_personal` `p`
JOIN `saldos_personal` `s` ON `p`.`idSaldoPersonal` = `s`.`idSaldoPersonal`
JOIN `tipo_permiso` `tp` ON `tp`.`idTipoPermiso` = `s`.`idTipoPermiso`
WHERE `s`.`idDocente` = :s.idDocente:', [...], false)
 2 APPPATH\Models\PermisosPersonalModel.php(64): CodeIgniter\Database\BaseBuilder->get()
 3 APPPATH\Controllers\PermisosPersonal.php(31): App\Models\PermisosPersonalModel->getPermisosPorDocente(36)
 4 SYSTEMPATH\CodeIgniter.php(943): App\Controllers\PermisosPersonal->index()
 5 SYSTEMPATH\CodeIgniter.php(503): CodeIgniter\CodeIgniter->runController(Object(App\Controllers\PermisosPersonal))
 6 SYSTEMPATH\CodeIgniter.php(361): CodeIgniter\CodeIgniter->handleRequest(null, Object(Config\Cache), false)
 7 FCPATH\index.php(81): CodeIgniter\CodeIgniter->run()
CRITICAL - 2024-08-07 06:58:14 --> [Caused by] CodeIgniter\Database\Exceptions\DatabaseException: Table 'sistema_control.tipo_permiso' doesn't exist
in SYSTEMPATH\Database\MySQLi\Connection.php on line 311.
 1 SYSTEMPATH\Database\BaseConnection.php(693): CodeIgniter\Database\MySQLi\Connection->execute('SELECT `p`.`idPermisoPersonal`, `p`.`fechaInicio`, `p`.`fechaFin`, `p`.`horasSolicitadas`, `s`.`saldoActualDias`, `s`.`saldoActualHoras`, `tp`.`nombre` as `tipoPermisoNombre`
FROM `permisos_personal` `p`
JOIN `saldos_personal` `s` ON `p`.`idSaldoPersonal` = `s`.`idSaldoPersonal`
JOIN `tipo_permiso` `tp` ON `tp`.`idTipoPermiso` = `s`.`idTipoPermiso`
WHERE `s`.`idDocente` = 36')
 2 SYSTEMPATH\Database\BaseConnection.php(607): CodeIgniter\Database\BaseConnection->simpleQuery('SELECT `p`.`idPermisoPersonal`, `p`.`fechaInicio`, `p`.`fechaFin`, `p`.`horasSolicitadas`, `s`.`saldoActualDias`, `s`.`saldoActualHoras`, `tp`.`nombre` as `tipoPermisoNombre`
FROM `permisos_personal` `p`
JOIN `saldos_personal` `s` ON `p`.`idSaldoPersonal` = `s`.`idSaldoPersonal`
JOIN `tipo_permiso` `tp` ON `tp`.`idTipoPermiso` = `s`.`idTipoPermiso`
WHERE `s`.`idDocente` = 36')
 3 SYSTEMPATH\Database\BaseBuilder.php(1616): CodeIgniter\Database\BaseConnection->query('SELECT `p`.`idPermisoPersonal`, `p`.`fechaInicio`, `p`.`fechaFin`, `p`.`horasSolicitadas`, `s`.`saldoActualDias`, `s`.`saldoActualHoras`, `tp`.`nombre` as `tipoPermisoNombre`
FROM `permisos_personal` `p`
JOIN `saldos_personal` `s` ON `p`.`idSaldoPersonal` = `s`.`idSaldoPersonal`
JOIN `tipo_permiso` `tp` ON `tp`.`idTipoPermiso` = `s`.`idTipoPermiso`
WHERE `s`.`idDocente` = :s.idDocente:', [...], false)
 4 APPPATH\Models\PermisosPersonalModel.php(64): CodeIgniter\Database\BaseBuilder->get()
 5 APPPATH\Controllers\PermisosPersonal.php(31): App\Models\PermisosPersonalModel->getPermisosPorDocente(36)
 6 SYSTEMPATH\CodeIgniter.php(943): App\Controllers\PermisosPersonal->index()
 7 SYSTEMPATH\CodeIgniter.php(503): CodeIgniter\CodeIgniter->runController(Object(App\Controllers\PermisosPersonal))
 8 SYSTEMPATH\CodeIgniter.php(361): CodeIgniter\CodeIgniter->handleRequest(null, Object(Config\Cache), false)
 9 FCPATH\index.php(81): CodeIgniter\CodeIgniter->run()
CRITICAL - 2024-08-07 06:58:14 --> [Caused by] mysqli_sql_exception: Table 'sistema_control.tipo_permiso' doesn't exist
in SYSTEMPATH\Database\MySQLi\Connection.php on line 306.
 1 SYSTEMPATH\Database\MySQLi\Connection.php(306): mysqli->query('SELECT `p`.`idPermisoPersonal`, `p`.`fechaInicio`, `p`.`fechaFin`, `p`.`horasSolicitadas`, `s`.`saldoActualDias`, `s`.`saldoActualHoras`, `tp`.`nombre` as `tipoPermisoNombre`
FROM `permisos_personal` `p`
JOIN `saldos_personal` `s` ON `p`.`idSaldoPersonal` = `s`.`idSaldoPersonal`
JOIN `tipo_permiso` `tp` ON `tp`.`idTipoPermiso` = `s`.`idTipoPermiso`
WHERE `s`.`idDocente` = 36', 0)
 2 SYSTEMPATH\Database\BaseConnection.php(693): CodeIgniter\Database\MySQLi\Connection->execute('SELECT `p`.`idPermisoPersonal`, `p`.`fechaInicio`, `p`.`fechaFin`, `p`.`horasSolicitadas`, `s`.`saldoActualDias`, `s`.`saldoActualHoras`, `tp`.`nombre` as `tipoPermisoNombre`
FROM `permisos_personal` `p`
JOIN `saldos_personal` `s` ON `p`.`idSaldoPersonal` = `s`.`idSaldoPersonal`
JOIN `tipo_permiso` `tp` ON `tp`.`idTipoPermiso` = `s`.`idTipoPermiso`
WHERE `s`.`idDocente` = 36')
 3 SYSTEMPATH\Database\BaseConnection.php(607): CodeIgniter\Database\BaseConnection->simpleQuery('SELECT `p`.`idPermisoPersonal`, `p`.`fechaInicio`, `p`.`fechaFin`, `p`.`horasSolicitadas`, `s`.`saldoActualDias`, `s`.`saldoActualHoras`, `tp`.`nombre` as `tipoPermisoNombre`
FROM `permisos_personal` `p`
JOIN `saldos_personal` `s` ON `p`.`idSaldoPersonal` = `s`.`idSaldoPersonal`
JOIN `tipo_permiso` `tp` ON `tp`.`idTipoPermiso` = `s`.`idTipoPermiso`
WHERE `s`.`idDocente` = 36')
 4 SYSTEMPATH\Database\BaseBuilder.php(1616): CodeIgniter\Database\BaseConnection->query('SELECT `p`.`idPermisoPersonal`, `p`.`fechaInicio`, `p`.`fechaFin`, `p`.`horasSolicitadas`, `s`.`saldoActualDias`, `s`.`saldoActualHoras`, `tp`.`nombre` as `tipoPermisoNombre`
FROM `permisos_personal` `p`
JOIN `saldos_personal` `s` ON `p`.`idSaldoPersonal` = `s`.`idSaldoPersonal`
JOIN `tipo_permiso` `tp` ON `tp`.`idTipoPermiso` = `s`.`idTipoPermiso`
WHERE `s`.`idDocente` = :s.idDocente:', [...], false)
 5 APPPATH\Models\PermisosPersonalModel.php(64): CodeIgniter\Database\BaseBuilder->get()
 6 APPPATH\Controllers\PermisosPersonal.php(31): App\Models\PermisosPersonalModel->getPermisosPorDocente(36)
 7 SYSTEMPATH\CodeIgniter.php(943): App\Controllers\PermisosPersonal->index()
 8 SYSTEMPATH\CodeIgniter.php(503): CodeIgniter\CodeIgniter->runController(Object(App\Controllers\PermisosPersonal))
 9 SYSTEMPATH\CodeIgniter.php(361): CodeIgniter\CodeIgniter->handleRequest(null, Object(Config\Cache), false)
10 FCPATH\index.php(81): CodeIgniter\CodeIgniter->run()
INFO - 2024-08-07 06:59:02 --> Session: Class initialized using 'CodeIgniter\Session\Handlers\FileHandler' driver.
CRITICAL - 2024-08-07 06:59:03 --> ErrorException: Undefined array key "nip"
in APPPATH\Controllers\PermisosPersonal.php on line 57.
 1 APPPATH\Controllers\PermisosPersonal.php(57): CodeIgniter\Debug\Exceptions->errorHandler(2, 'Undefined array key "nip"', 'C:\\laragon\\www\\prueba\\SistemaControl\\app\\Controllers\\PermisosPersonal.php', 57)
 2 SYSTEMPATH\CodeIgniter.php(943): App\Controllers\PermisosPersonal->index()
 3 SYSTEMPATH\CodeIgniter.php(503): CodeIgniter\CodeIgniter->runController(Object(App\Controllers\PermisosPersonal))
 4 SYSTEMPATH\CodeIgniter.php(361): CodeIgniter\CodeIgniter->handleRequest(null, Object(Config\Cache), false)
 5 FCPATH\index.php(81): CodeIgniter\CodeIgniter->run()
INFO - 2024-08-07 07:03:07 --> Session: Class initialized using 'CodeIgniter\Session\Handlers\FileHandler' driver.
ERROR - 2024-08-07 07:03:07 --> mysqli_sql_exception: Table 'sistema_control.tipo_permiso' doesn't exist in C:\laragon\www\prueba\SistemaControl\vendor\codeigniter4\framework\system\Database\MySQLi\Connection.php:306
Stack trace:
#0 C:\laragon\www\prueba\SistemaControl\vendor\codeigniter4\framework\system\Database\MySQLi\Connection.php(306): mysqli->query('SELECT `permiso...', 0)
#1 C:\laragon\www\prueba\SistemaControl\vendor\codeigniter4\framework\system\Database\BaseConnection.php(693): CodeIgniter\Database\MySQLi\Connection->execute('SELECT `permiso...')
#2 C:\laragon\www\prueba\SistemaControl\vendor\codeigniter4\framework\system\Database\BaseConnection.php(607): CodeIgniter\Database\BaseConnection->simpleQuery('SELECT `permiso...')
#3 C:\laragon\www\prueba\SistemaControl\vendor\codeigniter4\framework\system\Database\BaseBuilder.php(1616): CodeIgniter\Database\BaseConnection->query('SELECT `permiso...', Array, false)
#4 C:\laragon\www\prueba\SistemaControl\app\Models\PermisosPersonalModel.php(53): CodeIgniter\Database\BaseBuilder->get()
#5 C:\laragon\www\prueba\SistemaControl\app\Controllers\PermisosPersonal.php(31): App\Models\PermisosPersonalModel->getPermisosConSaldos()
#6 C:\laragon\www\prueba\SistemaControl\vendor\codeigniter4\framework\system\CodeIgniter.php(943): App\Controllers\PermisosPersonal->index()
#7 C:\laragon\www\prueba\SistemaControl\vendor\codeigniter4\framework\system\CodeIgniter.php(503): CodeIgniter\CodeIgniter->runController(Object(App\Controllers\PermisosPersonal))
#8 C:\laragon\www\prueba\SistemaControl\vendor\codeigniter4\framework\system\CodeIgniter.php(361): CodeIgniter\CodeIgniter->handleRequest(NULL, Object(Config\Cache), false)
#9 C:\laragon\www\prueba\SistemaControl\public\index.php(81): CodeIgniter\CodeIgniter->run()
#10 {main}
CRITICAL - 2024-08-07 07:03:07 --> CodeIgniter\Database\Exceptions\DatabaseException: Table 'sistema_control.tipo_permiso' doesn't exist
in SYSTEMPATH\Database\BaseConnection.php on line 647.
 1 SYSTEMPATH\Database\BaseBuilder.php(1616): CodeIgniter\Database\BaseConnection->query('SELECT `permisos_personal`.*, `docente`.`nip`, `docente`.`nombre_completo`, `saldos_personal`.`saldoActualDias`, `saldos_personal`.`saldoActualHoras`, `tipo_permiso`.`nombre` as `tipoPermisoNombre`
FROM `permisos_personal`
JOIN `saldos_personal` ON `saldos_personal`.`idSaldoPersonal` = `permisos_personal`.`idSaldoPersonal`
JOIN `docente` ON `docente`.`idDocente` = `saldos_personal`.`idDocente`
JOIN `tipo_permiso` ON `tipo_permiso`.`idTipoPermiso` = `saldos_personal`.`idTipoPermiso`', [], false)
 2 APPPATH\Models\PermisosPersonalModel.php(53): CodeIgniter\Database\BaseBuilder->get()
 3 APPPATH\Controllers\PermisosPersonal.php(31): App\Models\PermisosPersonalModel->getPermisosConSaldos()
 4 SYSTEMPATH\CodeIgniter.php(943): App\Controllers\PermisosPersonal->index()
 5 SYSTEMPATH\CodeIgniter.php(503): CodeIgniter\CodeIgniter->runController(Object(App\Controllers\PermisosPersonal))
 6 SYSTEMPATH\CodeIgniter.php(361): CodeIgniter\CodeIgniter->handleRequest(null, Object(Config\Cache), false)
 7 FCPATH\index.php(81): CodeIgniter\CodeIgniter->run()
CRITICAL - 2024-08-07 07:03:07 --> [Caused by] CodeIgniter\Database\Exceptions\DatabaseException: Table 'sistema_control.tipo_permiso' doesn't exist
in SYSTEMPATH\Database\MySQLi\Connection.php on line 311.
 1 SYSTEMPATH\Database\BaseConnection.php(693): CodeIgniter\Database\MySQLi\Connection->execute('SELECT `permisos_personal`.*, `docente`.`nip`, `docente`.`nombre_completo`, `saldos_personal`.`saldoActualDias`, `saldos_personal`.`saldoActualHoras`, `tipo_permiso`.`nombre` as `tipoPermisoNombre`
FROM `permisos_personal`
JOIN `saldos_personal` ON `saldos_personal`.`idSaldoPersonal` = `permisos_personal`.`idSaldoPersonal`
JOIN `docente` ON `docente`.`idDocente` = `saldos_personal`.`idDocente`
JOIN `tipo_permiso` ON `tipo_permiso`.`idTipoPermiso` = `saldos_personal`.`idTipoPermiso`')
 2 SYSTEMPATH\Database\BaseConnection.php(607): CodeIgniter\Database\BaseConnection->simpleQuery('SELECT `permisos_personal`.*, `docente`.`nip`, `docente`.`nombre_completo`, `saldos_personal`.`saldoActualDias`, `saldos_personal`.`saldoActualHoras`, `tipo_permiso`.`nombre` as `tipoPermisoNombre`
FROM `permisos_personal`
JOIN `saldos_personal` ON `saldos_personal`.`idSaldoPersonal` = `permisos_personal`.`idSaldoPersonal`
JOIN `docente` ON `docente`.`idDocente` = `saldos_personal`.`idDocente`
JOIN `tipo_permiso` ON `tipo_permiso`.`idTipoPermiso` = `saldos_personal`.`idTipoPermiso`')
 3 SYSTEMPATH\Database\BaseBuilder.php(1616): CodeIgniter\Database\BaseConnection->query('SELECT `permisos_personal`.*, `docente`.`nip`, `docente`.`nombre_completo`, `saldos_personal`.`saldoActualDias`, `saldos_personal`.`saldoActualHoras`, `tipo_permiso`.`nombre` as `tipoPermisoNombre`
FROM `permisos_personal`
JOIN `saldos_personal` ON `saldos_personal`.`idSaldoPersonal` = `permisos_personal`.`idSaldoPersonal`
JOIN `docente` ON `docente`.`idDocente` = `saldos_personal`.`idDocente`
JOIN `tipo_permiso` ON `tipo_permiso`.`idTipoPermiso` = `saldos_personal`.`idTipoPermiso`', [], false)
 4 APPPATH\Models\PermisosPersonalModel.php(53): CodeIgniter\Database\BaseBuilder->get()
 5 APPPATH\Controllers\PermisosPersonal.php(31): App\Models\PermisosPersonalModel->getPermisosConSaldos()
 6 SYSTEMPATH\CodeIgniter.php(943): App\Controllers\PermisosPersonal->index()
 7 SYSTEMPATH\CodeIgniter.php(503): CodeIgniter\CodeIgniter->runController(Object(App\Controllers\PermisosPersonal))
 8 SYSTEMPATH\CodeIgniter.php(361): CodeIgniter\CodeIgniter->handleRequest(null, Object(Config\Cache), false)
 9 FCPATH\index.php(81): CodeIgniter\CodeIgniter->run()
CRITICAL - 2024-08-07 07:03:07 --> [Caused by] mysqli_sql_exception: Table 'sistema_control.tipo_permiso' doesn't exist
in SYSTEMPATH\Database\MySQLi\Connection.php on line 306.
 1 SYSTEMPATH\Database\MySQLi\Connection.php(306): mysqli->query('SELECT `permisos_personal`.*, `docente`.`nip`, `docente`.`nombre_completo`, `saldos_personal`.`saldoActualDias`, `saldos_personal`.`saldoActualHoras`, `tipo_permiso`.`nombre` as `tipoPermisoNombre`
FROM `permisos_personal`
JOIN `saldos_personal` ON `saldos_personal`.`idSaldoPersonal` = `permisos_personal`.`idSaldoPersonal`
JOIN `docente` ON `docente`.`idDocente` = `saldos_personal`.`idDocente`
JOIN `tipo_permiso` ON `tipo_permiso`.`idTipoPermiso` = `saldos_personal`.`idTipoPermiso`', 0)
 2 SYSTEMPATH\Database\BaseConnection.php(693): CodeIgniter\Database\MySQLi\Connection->execute('SELECT `permisos_personal`.*, `docente`.`nip`, `docente`.`nombre_completo`, `saldos_personal`.`saldoActualDias`, `saldos_personal`.`saldoActualHoras`, `tipo_permiso`.`nombre` as `tipoPermisoNombre`
FROM `permisos_personal`
JOIN `saldos_personal` ON `saldos_personal`.`idSaldoPersonal` = `permisos_personal`.`idSaldoPersonal`
JOIN `docente` ON `docente`.`idDocente` = `saldos_personal`.`idDocente`
JOIN `tipo_permiso` ON `tipo_permiso`.`idTipoPermiso` = `saldos_personal`.`idTipoPermiso`')
 3 SYSTEMPATH\Database\BaseConnection.php(607): CodeIgniter\Database\BaseConnection->simpleQuery('SELECT `permisos_personal`.*, `docente`.`nip`, `docente`.`nombre_completo`, `saldos_personal`.`saldoActualDias`, `saldos_personal`.`saldoActualHoras`, `tipo_permiso`.`nombre` as `tipoPermisoNombre`
FROM `permisos_personal`
JOIN `saldos_personal` ON `saldos_personal`.`idSaldoPersonal` = `permisos_personal`.`idSaldoPersonal`
JOIN `docente` ON `docente`.`idDocente` = `saldos_personal`.`idDocente`
JOIN `tipo_permiso` ON `tipo_permiso`.`idTipoPermiso` = `saldos_personal`.`idTipoPermiso`')
 4 SYSTEMPATH\Database\BaseBuilder.php(1616): CodeIgniter\Database\BaseConnection->query('SELECT `permisos_personal`.*, `docente`.`nip`, `docente`.`nombre_completo`, `saldos_personal`.`saldoActualDias`, `saldos_personal`.`saldoActualHoras`, `tipo_permiso`.`nombre` as `tipoPermisoNombre`
FROM `permisos_personal`
JOIN `saldos_personal` ON `saldos_personal`.`idSaldoPersonal` = `permisos_personal`.`idSaldoPersonal`
JOIN `docente` ON `docente`.`idDocente` = `saldos_personal`.`idDocente`
JOIN `tipo_permiso` ON `tipo_permiso`.`idTipoPermiso` = `saldos_personal`.`idTipoPermiso`', [], false)
 5 APPPATH\Models\PermisosPersonalModel.php(53): CodeIgniter\Database\BaseBuilder->get()
 6 APPPATH\Controllers\PermisosPersonal.php(31): App\Models\PermisosPersonalModel->getPermisosConSaldos()
 7 SYSTEMPATH\CodeIgniter.php(943): App\Controllers\PermisosPersonal->index()
 8 SYSTEMPATH\CodeIgniter.php(503): CodeIgniter\CodeIgniter->runController(Object(App\Controllers\PermisosPersonal))
 9 SYSTEMPATH\CodeIgniter.php(361): CodeIgniter\CodeIgniter->handleRequest(null, Object(Config\Cache), false)
10 FCPATH\index.php(81): CodeIgniter\CodeIgniter->run()
INFO - 2024-08-07 07:06:08 --> Session: Class initialized using 'CodeIgniter\Session\Handlers\FileHandler' driver.
ERROR - 2024-08-07 07:06:08 --> mysqli_sql_exception: Unknown column 'tipo_permiso.nombre' in 'field list' in C:\laragon\www\prueba\SistemaControl\vendor\codeigniter4\framework\system\Database\MySQLi\Connection.php:306
Stack trace:
#0 C:\laragon\www\prueba\SistemaControl\vendor\codeigniter4\framework\system\Database\MySQLi\Connection.php(306): mysqli->query('SELECT `permiso...', 0)
#1 C:\laragon\www\prueba\SistemaControl\vendor\codeigniter4\framework\system\Database\BaseConnection.php(693): CodeIgniter\Database\MySQLi\Connection->execute('SELECT `permiso...')
#2 C:\laragon\www\prueba\SistemaControl\vendor\codeigniter4\framework\system\Database\BaseConnection.php(607): CodeIgniter\Database\BaseConnection->simpleQuery('SELECT `permiso...')
#3 C:\laragon\www\prueba\SistemaControl\vendor\codeigniter4\framework\system\Database\BaseBuilder.php(1616): CodeIgniter\Database\BaseConnection->query('SELECT `permiso...', Array, false)
#4 C:\laragon\www\prueba\SistemaControl\app\Models\PermisosPersonalModel.php(53): CodeIgniter\Database\BaseBuilder->get()
#5 C:\laragon\www\prueba\SistemaControl\app\Controllers\PermisosPersonal.php(31): App\Models\PermisosPersonalModel->getPermisosConSaldos()
#6 C:\laragon\www\prueba\SistemaControl\vendor\codeigniter4\framework\system\CodeIgniter.php(943): App\Controllers\PermisosPersonal->index()
#7 C:\laragon\www\prueba\SistemaControl\vendor\codeigniter4\framework\system\CodeIgniter.php(503): CodeIgniter\CodeIgniter->runController(Object(App\Controllers\PermisosPersonal))
#8 C:\laragon\www\prueba\SistemaControl\vendor\codeigniter4\framework\system\CodeIgniter.php(361): CodeIgniter\CodeIgniter->handleRequest(NULL, Object(Config\Cache), false)
#9 C:\laragon\www\prueba\SistemaControl\public\index.php(81): CodeIgniter\CodeIgniter->run()
#10 {main}
CRITICAL - 2024-08-07 07:06:08 --> CodeIgniter\Database\Exceptions\DatabaseException: Unknown column 'tipo_permiso.nombre' in 'field list'
in SYSTEMPATH\Database\BaseConnection.php on line 647.
 1 SYSTEMPATH\Database\BaseBuilder.php(1616): CodeIgniter\Database\BaseConnection->query('SELECT `permisos_personal`.*, `docente`.`nip`, `docente`.`nombre_completo`, `saldos_personal`.`saldoActualDias`, `saldos_personal`.`saldoActualHoras`, `tipo_permiso`.`nombre` as `tipoPermisoNombre`
FROM `permisos_personal`
JOIN `saldos_personal` ON `saldos_personal`.`idSaldoPersonal` = `permisos_personal`.`idSaldoPersonal`
JOIN `docente` ON `docente`.`idDocente` = `saldos_personal`.`idDocente`
JOIN `tipo_permisos` ON `tipo_permisos`.`idTipoPermiso` = `saldos_personal`.`idTipoPermiso`', [], false)
 2 APPPATH\Models\PermisosPersonalModel.php(53): CodeIgniter\Database\BaseBuilder->get()
 3 APPPATH\Controllers\PermisosPersonal.php(31): App\Models\PermisosPersonalModel->getPermisosConSaldos()
 4 SYSTEMPATH\CodeIgniter.php(943): App\Controllers\PermisosPersonal->index()
 5 SYSTEMPATH\CodeIgniter.php(503): CodeIgniter\CodeIgniter->runController(Object(App\Controllers\PermisosPersonal))
 6 SYSTEMPATH\CodeIgniter.php(361): CodeIgniter\CodeIgniter->handleRequest(null, Object(Config\Cache), false)
 7 FCPATH\index.php(81): CodeIgniter\CodeIgniter->run()
CRITICAL - 2024-08-07 07:06:08 --> [Caused by] CodeIgniter\Database\Exceptions\DatabaseException: Unknown column 'tipo_permiso.nombre' in 'field list'
in SYSTEMPATH\Database\MySQLi\Connection.php on line 311.
 1 SYSTEMPATH\Database\BaseConnection.php(693): CodeIgniter\Database\MySQLi\Connection->execute('SELECT `permisos_personal`.*, `docente`.`nip`, `docente`.`nombre_completo`, `saldos_personal`.`saldoActualDias`, `saldos_personal`.`saldoActualHoras`, `tipo_permiso`.`nombre` as `tipoPermisoNombre`
FROM `permisos_personal`
JOIN `saldos_personal` ON `saldos_personal`.`idSaldoPersonal` = `permisos_personal`.`idSaldoPersonal`
JOIN `docente` ON `docente`.`idDocente` = `saldos_personal`.`idDocente`
JOIN `tipo_permisos` ON `tipo_permisos`.`idTipoPermiso` = `saldos_personal`.`idTipoPermiso`')
 2 SYSTEMPATH\Database\BaseConnection.php(607): CodeIgniter\Database\BaseConnection->simpleQuery('SELECT `permisos_personal`.*, `docente`.`nip`, `docente`.`nombre_completo`, `saldos_personal`.`saldoActualDias`, `saldos_personal`.`saldoActualHoras`, `tipo_permiso`.`nombre` as `tipoPermisoNombre`
FROM `permisos_personal`
JOIN `saldos_personal` ON `saldos_personal`.`idSaldoPersonal` = `permisos_personal`.`idSaldoPersonal`
JOIN `docente` ON `docente`.`idDocente` = `saldos_personal`.`idDocente`
JOIN `tipo_permisos` ON `tipo_permisos`.`idTipoPermiso` = `saldos_personal`.`idTipoPermiso`')
 3 SYSTEMPATH\Database\BaseBuilder.php(1616): CodeIgniter\Database\BaseConnection->query('SELECT `permisos_personal`.*, `docente`.`nip`, `docente`.`nombre_completo`, `saldos_personal`.`saldoActualDias`, `saldos_personal`.`saldoActualHoras`, `tipo_permiso`.`nombre` as `tipoPermisoNombre`
FROM `permisos_personal`
JOIN `saldos_personal` ON `saldos_personal`.`idSaldoPersonal` = `permisos_personal`.`idSaldoPersonal`
JOIN `docente` ON `docente`.`idDocente` = `saldos_personal`.`idDocente`
JOIN `tipo_permisos` ON `tipo_permisos`.`idTipoPermiso` = `saldos_personal`.`idTipoPermiso`', [], false)
 4 APPPATH\Models\PermisosPersonalModel.php(53): CodeIgniter\Database\BaseBuilder->get()
 5 APPPATH\Controllers\PermisosPersonal.php(31): App\Models\PermisosPersonalModel->getPermisosConSaldos()
 6 SYSTEMPATH\CodeIgniter.php(943): App\Controllers\PermisosPersonal->index()
 7 SYSTEMPATH\CodeIgniter.php(503): CodeIgniter\CodeIgniter->runController(Object(App\Controllers\PermisosPersonal))
 8 SYSTEMPATH\CodeIgniter.php(361): CodeIgniter\CodeIgniter->handleRequest(null, Object(Config\Cache), false)
 9 FCPATH\index.php(81): CodeIgniter\CodeIgniter->run()
CRITICAL - 2024-08-07 07:06:08 --> [Caused by] mysqli_sql_exception: Unknown column 'tipo_permiso.nombre' in 'field list'
in SYSTEMPATH\Database\MySQLi\Connection.php on line 306.
 1 SYSTEMPATH\Database\MySQLi\Connection.php(306): mysqli->query('SELECT `permisos_personal`.*, `docente`.`nip`, `docente`.`nombre_completo`, `saldos_personal`.`saldoActualDias`, `saldos_personal`.`saldoActualHoras`, `tipo_permiso`.`nombre` as `tipoPermisoNombre`
FROM `permisos_personal`
JOIN `saldos_personal` ON `saldos_personal`.`idSaldoPersonal` = `permisos_personal`.`idSaldoPersonal`
JOIN `docente` ON `docente`.`idDocente` = `saldos_personal`.`idDocente`
JOIN `tipo_permisos` ON `tipo_permisos`.`idTipoPermiso` = `saldos_personal`.`idTipoPermiso`', 0)
 2 SYSTEMPATH\Database\BaseConnection.php(693): CodeIgniter\Database\MySQLi\Connection->execute('SELECT `permisos_personal`.*, `docente`.`nip`, `docente`.`nombre_completo`, `saldos_personal`.`saldoActualDias`, `saldos_personal`.`saldoActualHoras`, `tipo_permiso`.`nombre` as `tipoPermisoNombre`
FROM `permisos_personal`
JOIN `saldos_personal` ON `saldos_personal`.`idSaldoPersonal` = `permisos_personal`.`idSaldoPersonal`
JOIN `docente` ON `docente`.`idDocente` = `saldos_personal`.`idDocente`
JOIN `tipo_permisos` ON `tipo_permisos`.`idTipoPermiso` = `saldos_personal`.`idTipoPermiso`')
 3 SYSTEMPATH\Database\BaseConnection.php(607): CodeIgniter\Database\BaseConnection->simpleQuery('SELECT `permisos_personal`.*, `docente`.`nip`, `docente`.`nombre_completo`, `saldos_personal`.`saldoActualDias`, `saldos_personal`.`saldoActualHoras`, `tipo_permiso`.`nombre` as `tipoPermisoNombre`
FROM `permisos_personal`
JOIN `saldos_personal` ON `saldos_personal`.`idSaldoPersonal` = `permisos_personal`.`idSaldoPersonal`
JOIN `docente` ON `docente`.`idDocente` = `saldos_personal`.`idDocente`
JOIN `tipo_permisos` ON `tipo_permisos`.`idTipoPermiso` = `saldos_personal`.`idTipoPermiso`')
 4 SYSTEMPATH\Database\BaseBuilder.php(1616): CodeIgniter\Database\BaseConnection->query('SELECT `permisos_personal`.*, `docente`.`nip`, `docente`.`nombre_completo`, `saldos_personal`.`saldoActualDias`, `saldos_personal`.`saldoActualHoras`, `tipo_permiso`.`nombre` as `tipoPermisoNombre`
FROM `permisos_personal`
JOIN `saldos_personal` ON `saldos_personal`.`idSaldoPersonal` = `permisos_personal`.`idSaldoPersonal`
JOIN `docente` ON `docente`.`idDocente` = `saldos_personal`.`idDocente`
JOIN `tipo_permisos` ON `tipo_permisos`.`idTipoPermiso` = `saldos_personal`.`idTipoPermiso`', [], false)
 5 APPPATH\Models\PermisosPersonalModel.php(53): CodeIgniter\Database\BaseBuilder->get()
 6 APPPATH\Controllers\PermisosPersonal.php(31): App\Models\PermisosPersonalModel->getPermisosConSaldos()
 7 SYSTEMPATH\CodeIgniter.php(943): App\Controllers\PermisosPersonal->index()
 8 SYSTEMPATH\CodeIgniter.php(503): CodeIgniter\CodeIgniter->runController(Object(App\Controllers\PermisosPersonal))
 9 SYSTEMPATH\CodeIgniter.php(361): CodeIgniter\CodeIgniter->handleRequest(null, Object(Config\Cache), false)
10 FCPATH\index.php(81): CodeIgniter\CodeIgniter->run()
INFO - 2024-08-07 07:06:42 --> Session: Class initialized using 'CodeIgniter\Session\Handlers\FileHandler' driver.
INFO - 2024-08-07 07:06:56 --> Session: Class initialized using 'CodeIgniter\Session\Handlers\FileHandler' driver.
INFO - 2024-08-07 07:07:20 --> Session: Class initialized using 'CodeIgniter\Session\Handlers\FileHandler' driver.
INFO - 2024-08-07 07:07:20 --> Datos recibidos: Array
(
    [csrf_test_name] => 6bfcabd289e708dfa9843258c6746325
    [idDocente] => 36
    [idTipoPermiso] => 13
    [tipoSolicitud] => Dias
    [diasSolicitados] => 
    [horasSolicitadas] => 
    [fechaInicio] => 2024-08-13
    [fechaFin] => 2024-08-15
)

CRITICAL - 2024-08-07 07:07:22 --> BadMethodCallException: Call to undefined method App\Models\SaldoPersonalModel::actualizarSaldoPersonal
in SYSTEMPATH\Model.php on line 879.
 1 APPPATH\Controllers\PermisosPersonal.php(132): CodeIgniter\Model->__call('actualizarSaldoPersonal', [...])
 2 SYSTEMPATH\CodeIgniter.php(943): App\Controllers\PermisosPersonal->store()
 3 SYSTEMPATH\CodeIgniter.php(503): CodeIgniter\CodeIgniter->runController(Object(App\Controllers\PermisosPersonal))
 4 SYSTEMPATH\CodeIgniter.php(361): CodeIgniter\CodeIgniter->handleRequest(null, Object(Config\Cache), false)
 5 FCPATH\index.php(81): CodeIgniter\CodeIgniter->run()
INFO - 2024-08-07 07:09:56 --> Session: Class initialized using 'CodeIgniter\Session\Handlers\FileHandler' driver.
INFO - 2024-08-07 07:09:56 --> Datos recibidos: Array
(
    [csrf_test_name] => 6bfcabd289e708dfa9843258c6746325
    [idDocente] => 36
    [idTipoPermiso] => 13
    [tipoSolicitud] => Dias
    [diasSolicitados] => 
    [horasSolicitadas] => 
    [fechaInicio] => 2024-08-13
    [fechaFin] => 2024-08-15
)

INFO - 2024-08-07 07:09:56 --> Session: Class initialized using 'CodeIgniter\Session\Handlers\FileHandler' driver.
INFO - 2024-08-07 07:10:03 --> Session: Class initialized using 'CodeIgniter\Session\Handlers\FileHandler' driver.
INFO - 2024-08-07 07:10:18 --> Session: Class initialized using 'CodeIgniter\Session\Handlers\FileHandler' driver.
INFO - 2024-08-07 07:10:18 --> Datos recibidos: Array
(
    [csrf_test_name] => 6bfcabd289e708dfa9843258c6746325
    [idDocente] => 36
    [idTipoPermiso] => 9
    [tipoSolicitud] => Dias
    [diasSolicitados] => 
    [horasSolicitadas] => 
    [fechaInicio] => 2024-08-19
    [fechaFin] => 2024-08-22
)

INFO - 2024-08-07 07:10:18 --> Session: Class initialized using 'CodeIgniter\Session\Handlers\FileHandler' driver.
INFO - 2024-08-07 07:15:52 --> Session: Class initialized using 'CodeIgniter\Session\Handlers\FileHandler' driver.
INFO - 2024-08-07 07:16:01 --> Session: Class initialized using 'CodeIgniter\Session\Handlers\FileHandler' driver.
INFO - 2024-08-07 07:16:13 --> Session: Class initialized using 'CodeIgniter\Session\Handlers\FileHandler' driver.
INFO - 2024-08-07 07:16:27 --> Session: Class initialized using 'CodeIgniter\Session\Handlers\FileHandler' driver.
INFO - 2024-08-07 07:16:27 --> Datos recibidos: Array
(
    [csrf_test_name] => 6bfcabd289e708dfa9843258c6746325
    [idDocente] => 36
    [idTipoPermiso] => 9
    [tipoSolicitud] => Dias
    [diasSolicitados] => 
    [horasSolicitadas] => 
    [fechaInicio] => 2024-08-12
    [fechaFin] => 2024-08-16
)

INFO - 2024-08-07 07:16:27 --> Session: Class initialized using 'CodeIgniter\Session\Handlers\FileHandler' driver.
INFO - 2024-08-07 07:22:16 --> Session: Class initialized using 'CodeIgniter\Session\Handlers\FileHandler' driver.
CRITICAL - 2024-08-07 07:22:17 --> ErrorException: Undefined array key "fechaInicio"
in APPPATH\Views\permisos_personal\index.php on line 56.
 1 APPPATH\Views\permisos_personal\index.php(56): CodeIgniter\Debug\Exceptions->errorHandler(2, 'Undefined array key "fechaInicio"', 'C:\\laragon\\www\\prueba\\SistemaControl\\app\\Views\\permisos_personal\\index.php', 56)
 2 SYSTEMPATH\View\View.php(228): include('C:\\laragon\\www\\prueba\\SistemaControl\\app\\Views\\permisos_personal\\index.php')
 3 SYSTEMPATH\View\View.php(231): CodeIgniter\View\View->CodeIgniter\View\{closure}()
 4 SYSTEMPATH\Common.php(1178): CodeIgniter\View\View->render('permisos_personal/index', [], true)
 5 APPPATH\Controllers\PermisosPersonal.php(82): view('permisos_personal/index', [...])
 6 SYSTEMPATH\CodeIgniter.php(943): App\Controllers\PermisosPersonal->index()
 7 SYSTEMPATH\CodeIgniter.php(503): CodeIgniter\CodeIgniter->runController(Object(App\Controllers\PermisosPersonal))
 8 SYSTEMPATH\CodeIgniter.php(361): CodeIgniter\CodeIgniter->handleRequest(null, Object(Config\Cache), false)
 9 FCPATH\index.php(81): CodeIgniter\CodeIgniter->run()
INFO - 2024-08-07 07:28:55 --> Session: Class initialized using 'CodeIgniter\Session\Handlers\FileHandler' driver.
INFO - 2024-08-07 07:30:24 --> Session: Class initialized using 'CodeIgniter\Session\Handlers\FileHandler' driver.
INFO - 2024-08-07 07:30:38 --> Session: Class initialized using 'CodeIgniter\Session\Handlers\FileHandler' driver.
INFO - 2024-08-07 07:30:38 --> Datos recibidos: Array
(
    [csrf_test_name] => d04927598c8ef8f059d02fb1067cf673
    [idDocente] => 36
    [idTipoPermiso] => 13
    [tipoSolicitud] => Dias
    [diasSolicitados] => 
    [horasSolicitadas] => 
    [fechaInicio] => 2024-08-26
    [fechaFin] => 2024-08-31
)

CRITICAL - 2024-08-07 07:30:38 --> BadMethodCallException: Call to undefined method App\Models\SaldoPersonalModel::actualizarSaldoPersonal
in SYSTEMPATH\Model.php on line 879.
 1 APPPATH\Controllers\PermisosPersonal.php(128): CodeIgniter\Model->__call('actualizarSaldoPersonal', [...])
 2 SYSTEMPATH\CodeIgniter.php(943): App\Controllers\PermisosPersonal->store()
 3 SYSTEMPATH\CodeIgniter.php(503): CodeIgniter\CodeIgniter->runController(Object(App\Controllers\PermisosPersonal))
 4 SYSTEMPATH\CodeIgniter.php(361): CodeIgniter\CodeIgniter->handleRequest(null, Object(Config\Cache), false)
 5 FCPATH\index.php(81): CodeIgniter\CodeIgniter->run()
INFO - 2024-08-07 07:32:34 --> Session: Class initialized using 'CodeIgniter\Session\Handlers\FileHandler' driver.
INFO - 2024-08-07 07:32:34 --> Datos recibidos: Array
(
    [csrf_test_name] => d04927598c8ef8f059d02fb1067cf673
    [idDocente] => 36
    [idTipoPermiso] => 13
    [tipoSolicitud] => Dias
    [diasSolicitados] => 
    [horasSolicitadas] => 
    [fechaInicio] => 2024-08-26
    [fechaFin] => 2024-08-31
)

INFO - 2024-08-07 07:32:35 --> Session: Class initialized using 'CodeIgniter\Session\Handlers\FileHandler' driver.
INFO - 2024-08-07 07:32:57 --> Session: Class initialized using 'CodeIgniter\Session\Handlers\FileHandler' driver.
INFO - 2024-08-07 07:33:12 --> Session: Class initialized using 'CodeIgniter\Session\Handlers\FileHandler' driver.
INFO - 2024-08-07 07:33:12 --> Datos recibidos: Array
(
    [csrf_test_name] => d04927598c8ef8f059d02fb1067cf673
    [idDocente] => 36
    [idTipoPermiso] => 13
    [tipoSolicitud] => Dias
    [diasSolicitados] => 
    [horasSolicitadas] => 
    [fechaInicio] => 2024-09-02
    [fechaFin] => 2024-09-03
)

INFO - 2024-08-07 07:33:14 --> Session: Class initialized using 'CodeIgniter\Session\Handlers\FileHandler' driver.
INFO - 2024-08-07 07:33:59 --> Session: Class initialized using 'CodeIgniter\Session\Handlers\FileHandler' driver.
INFO - 2024-08-07 07:34:01 --> Session: Class initialized using 'CodeIgniter\Session\Handlers\FileHandler' driver.
DEBUG - 2024-08-07 07:34:23 --> Datos del docente: {"nombre_completo":"Walter Solis","nip":"223445","escalafon":"43213","fechaIngreso":"2022-01-02","estado":"Activo","tipo":"Docente","cargo":null}
INFO - 2024-08-07 07:34:23 --> Session: Class initialized using 'CodeIgniter\Session\Handlers\FileHandler' driver.
INFO - 2024-08-07 07:34:35 --> Session: Class initialized using 'CodeIgniter\Session\Handlers\FileHandler' driver.
INFO - 2024-08-07 07:34:35 --> Session: Class initialized using 'CodeIgniter\Session\Handlers\FileHandler' driver.
INFO - 2024-08-07 07:34:43 --> Session: Class initialized using 'CodeIgniter\Session\Handlers\FileHandler' driver.
INFO - 2024-08-07 07:34:51 --> Session: Class initialized using 'CodeIgniter\Session\Handlers\FileHandler' driver.
INFO - 2024-08-07 07:35:05 --> Session: Class initialized using 'CodeIgniter\Session\Handlers\FileHandler' driver.
INFO - 2024-08-07 07:35:11 --> Session: Class initialized using 'CodeIgniter\Session\Handlers\FileHandler' driver.
INFO - 2024-08-07 07:35:24 --> Session: Class initialized using 'CodeIgniter\Session\Handlers\FileHandler' driver.
INFO - 2024-08-07 07:35:24 --> Datos recibidos: Array
(
    [csrf_test_name] => d04927598c8ef8f059d02fb1067cf673
    [idDocente] => 37
    [idTipoPermiso] => 9
    [tipoSolicitud] => Dias
    [diasSolicitados] => 
    [horasSolicitadas] => 
    [fechaInicio] => 2024-08-08
    [fechaFin] => 2024-08-09
)

INFO - 2024-08-07 07:35:24 --> Session: Class initialized using 'CodeIgniter\Session\Handlers\FileHandler' driver.
INFO - 2024-08-07 07:36:17 --> Session: Class initialized using 'CodeIgniter\Session\Handlers\FileHandler' driver.
INFO - 2024-08-07 07:36:28 --> Session: Class initialized using 'CodeIgniter\Session\Handlers\FileHandler' driver.
INFO - 2024-08-07 07:36:28 --> Datos recibidos: Array
(
    [csrf_test_name] => d04927598c8ef8f059d02fb1067cf673
    [idDocente] => 37
    [idTipoPermiso] => 9
    [tipoSolicitud] => Dias
    [diasSolicitados] => 
    [horasSolicitadas] => 
    [fechaInicio] => 2024-08-12
    [fechaFin] => 2024-08-14
)

INFO - 2024-08-07 07:36:29 --> Session: Class initialized using 'CodeIgniter\Session\Handlers\FileHandler' driver.
INFO - 2024-08-07 07:39:41 --> Session: Class initialized using 'CodeIgniter\Session\Handlers\FileHandler' driver.
INFO - 2024-08-07 07:40:34 --> Session: Class initialized using 'CodeIgniter\Session\Handlers\FileHandler' driver.
INFO - 2024-08-07 07:40:46 --> Session: Class initialized using 'CodeIgniter\Session\Handlers\FileHandler' driver.
INFO - 2024-08-07 07:40:46 --> Session: Class initialized using 'CodeIgniter\Session\Handlers\FileHandler' driver.
INFO - 2024-08-07 07:40:55 --> Session: Class initialized using 'CodeIgniter\Session\Handlers\FileHandler' driver.
INFO - 2024-08-07 07:41:03 --> Session: Class initialized using 'CodeIgniter\Session\Handlers\FileHandler' driver.
INFO - 2024-08-07 07:41:16 --> Session: Class initialized using 'CodeIgniter\Session\Handlers\FileHandler' driver.
INFO - 2024-08-07 07:41:16 --> Session: Class initialized using 'CodeIgniter\Session\Handlers\FileHandler' driver.
INFO - 2024-08-07 07:41:20 --> Session: Class initialized using 'CodeIgniter\Session\Handlers\FileHandler' driver.
INFO - 2024-08-07 07:44:35 --> Session: Class initialized using 'CodeIgniter\Session\Handlers\FileHandler' driver.
INFO - 2024-08-07 07:44:40 --> Session: Class initialized using 'CodeIgniter\Session\Handlers\FileHandler' driver.
INFO - 2024-08-07 07:44:55 --> Session: Class initialized using 'CodeIgniter\Session\Handlers\FileHandler' driver.
INFO - 2024-08-07 07:44:55 --> Session: Class initialized using 'CodeIgniter\Session\Handlers\FileHandler' driver.
INFO - 2024-08-07 07:44:58 --> Session: Class initialized using 'CodeIgniter\Session\Handlers\FileHandler' driver.
INFO - 2024-08-07 07:47:24 --> Session: Class initialized using 'CodeIgniter\Session\Handlers\FileHandler' driver.
INFO - 2024-08-07 07:47:27 --> Session: Class initialized using 'CodeIgniter\Session\Handlers\FileHandler' driver.
INFO - 2024-08-07 07:47:49 --> Session: Class initialized using 'CodeIgniter\Session\Handlers\FileHandler' driver.
INFO - 2024-08-07 07:47:49 --> Session: Class initialized using 'CodeIgniter\Session\Handlers\FileHandler' driver.
INFO - 2024-08-07 07:47:54 --> Session: Class initialized using 'CodeIgniter\Session\Handlers\FileHandler' driver.
INFO - 2024-08-07 07:49:43 --> Session: Class initialized using 'CodeIgniter\Session\Handlers\FileHandler' driver.
INFO - 2024-08-07 07:49:50 --> Session: Class initialized using 'CodeIgniter\Session\Handlers\FileHandler' driver.
INFO - 2024-08-07 07:50:03 --> Session: Class initialized using 'CodeIgniter\Session\Handlers\FileHandler' driver.
INFO - 2024-08-07 07:50:03 --> Session: Class initialized using 'CodeIgniter\Session\Handlers\FileHandler' driver.
INFO - 2024-08-07 07:50:06 --> Session: Class initialized using 'CodeIgniter\Session\Handlers\FileHandler' driver.
INFO - 2024-08-07 07:50:38 --> Session: Class initialized using 'CodeIgniter\Session\Handlers\FileHandler' driver.
INFO - 2024-08-07 07:50:41 --> Session: Class initialized using 'CodeIgniter\Session\Handlers\FileHandler' driver.
INFO - 2024-08-07 07:50:54 --> Session: Class initialized using 'CodeIgniter\Session\Handlers\FileHandler' driver.
INFO - 2024-08-07 07:50:55 --> Session: Class initialized using 'CodeIgniter\Session\Handlers\FileHandler' driver.
INFO - 2024-08-07 07:50:58 --> Session: Class initialized using 'CodeIgniter\Session\Handlers\FileHandler' driver.
INFO - 2024-08-07 07:53:56 --> Session: Class initialized using 'CodeIgniter\Session\Handlers\FileHandler' driver.
INFO - 2024-08-07 07:54:16 --> Session: Class initialized using 'CodeIgniter\Session\Handlers\FileHandler' driver.
INFO - 2024-08-07 07:54:19 --> Session: Class initialized using 'CodeIgniter\Session\Handlers\FileHandler' driver.
INFO - 2024-08-07 07:54:30 --> Session: Class initialized using 'CodeIgniter\Session\Handlers\FileHandler' driver.
DEBUG - 2024-08-07 07:54:30 --> Saldo actual días: 10
DEBUG - 2024-08-07 07:54:30 --> Días solicitados: 0
DEBUG - 2024-08-07 07:54:30 --> Horas solicitadas: 0
INFO - 2024-08-07 07:54:31 --> Session: Class initialized using 'CodeIgniter\Session\Handlers\FileHandler' driver.
INFO - 2024-08-07 07:54:34 --> Session: Class initialized using 'CodeIgniter\Session\Handlers\FileHandler' driver.
INFO - 2024-08-07 08:03:03 --> Session: Class initialized using 'CodeIgniter\Session\Handlers\FileHandler' driver.
INFO - 2024-08-07 08:04:05 --> Session: Class initialized using 'CodeIgniter\Session\Handlers\FileHandler' driver.
INFO - 2024-08-07 08:04:07 --> Session: Class initialized using 'CodeIgniter\Session\Handlers\FileHandler' driver.
INFO - 2024-08-07 08:04:27 --> Session: Class initialized using 'CodeIgniter\Session\Handlers\FileHandler' driver.
INFO - 2024-08-07 08:04:43 --> Session: Class initialized using 'CodeIgniter\Session\Handlers\FileHandler' driver.
INFO - 2024-08-07 08:04:44 --> Session: Class initialized using 'CodeIgniter\Session\Handlers\FileHandler' driver.
INFO - 2024-08-07 08:04:47 --> Session: Class initialized using 'CodeIgniter\Session\Handlers\FileHandler' driver.
INFO - 2024-08-07 08:06:23 --> Session: Class initialized using 'CodeIgniter\Session\Handlers\FileHandler' driver.
INFO - 2024-08-07 08:06:43 --> Session: Class initialized using 'CodeIgniter\Session\Handlers\FileHandler' driver.
INFO - 2024-08-07 08:06:43 --> Session: Class initialized using 'CodeIgniter\Session\Handlers\FileHandler' driver.
INFO - 2024-08-07 08:06:46 --> Session: Class initialized using 'CodeIgniter\Session\Handlers\FileHandler' driver.
INFO - 2024-08-07 08:08:03 --> Session: Class initialized using 'CodeIgniter\Session\Handlers\FileHandler' driver.
INFO - 2024-08-07 08:08:08 --> Session: Class initialized using 'CodeIgniter\Session\Handlers\FileHandler' driver.
INFO - 2024-08-07 08:08:21 --> Session: Class initialized using 'CodeIgniter\Session\Handlers\FileHandler' driver.
INFO - 2024-08-07 08:08:22 --> Session: Class initialized using 'CodeIgniter\Session\Handlers\FileHandler' driver.
INFO - 2024-08-07 08:09:12 --> Session: Class initialized using 'CodeIgniter\Session\Handlers\FileHandler' driver.
INFO - 2024-08-07 08:09:39 --> Session: Class initialized using 'CodeIgniter\Session\Handlers\FileHandler' driver.
INFO - 2024-08-07 08:09:43 --> Session: Class initialized using 'CodeIgniter\Session\Handlers\FileHandler' driver.
INFO - 2024-08-07 08:09:54 --> Session: Class initialized using 'CodeIgniter\Session\Handlers\FileHandler' driver.
INFO - 2024-08-07 08:09:55 --> Session: Class initialized using 'CodeIgniter\Session\Handlers\FileHandler' driver.
INFO - 2024-08-07 08:13:12 --> Session: Class initialized using 'CodeIgniter\Session\Handlers\FileHandler' driver.
INFO - 2024-08-07 08:13:29 --> Session: Class initialized using 'CodeIgniter\Session\Handlers\FileHandler' driver.
INFO - 2024-08-07 08:13:29 --> Session: Class initialized using 'CodeIgniter\Session\Handlers\FileHandler' driver.
INFO - 2024-08-07 08:17:25 --> Session: Class initialized using 'CodeIgniter\Session\Handlers\FileHandler' driver.
INFO - 2024-08-07 08:17:50 --> Session: Class initialized using 'CodeIgniter\Session\Handlers\FileHandler' driver.
INFO - 2024-08-07 08:17:53 --> Session: Class initialized using 'CodeIgniter\Session\Handlers\FileHandler' driver.
INFO - 2024-08-07 08:18:07 --> Session: Class initialized using 'CodeIgniter\Session\Handlers\FileHandler' driver.
INFO - 2024-08-07 08:18:08 --> Session: Class initialized using 'CodeIgniter\Session\Handlers\FileHandler' driver.
INFO - 2024-08-07 08:23:25 --> Session: Class initialized using 'CodeIgniter\Session\Handlers\FileHandler' driver.
INFO - 2024-08-07 08:23:29 --> Session: Class initialized using 'CodeIgniter\Session\Handlers\FileHandler' driver.
INFO - 2024-08-07 08:23:42 --> Session: Class initialized using 'CodeIgniter\Session\Handlers\FileHandler' driver.
INFO - 2024-08-07 08:23:43 --> Session: Class initialized using 'CodeIgniter\Session\Handlers\FileHandler' driver.
INFO - 2024-08-07 08:26:53 --> Session: Class initialized using 'CodeIgniter\Session\Handlers\FileHandler' driver.
INFO - 2024-08-07 08:26:58 --> Session: Class initialized using 'CodeIgniter\Session\Handlers\FileHandler' driver.
INFO - 2024-08-07 08:27:12 --> Session: Class initialized using 'CodeIgniter\Session\Handlers\FileHandler' driver.
INFO - 2024-08-07 08:27:12 --> Días solicitados: 2, Horas solicitadas: 0
INFO - 2024-08-07 08:27:12 --> Permiso registrado exitosamente. ID Saldo Personal: 6, Días solicitados: 2, Horas solicitadas: 12
INFO - 2024-08-07 08:27:12 --> Session: Class initialized using 'CodeIgniter\Session\Handlers\FileHandler' driver.
INFO - 2024-08-07 08:30:34 --> Session: Class initialized using 'CodeIgniter\Session\Handlers\FileHandler' driver.
INFO - 2024-08-07 08:30:40 --> Session: Class initialized using 'CodeIgniter\Session\Handlers\FileHandler' driver.
INFO - 2024-08-07 08:30:53 --> Session: Class initialized using 'CodeIgniter\Session\Handlers\FileHandler' driver.
INFO - 2024-08-07 08:30:53 --> Días solicitados: 3, Horas solicitadas: 0
INFO - 2024-08-07 08:30:54 --> Permiso registrado exitosamente. ID Saldo Personal: 7, Nuevo Saldo Días: 3, Nuevo Saldo Horas: 18
INFO - 2024-08-07 08:30:54 --> Session: Class initialized using 'CodeIgniter\Session\Handlers\FileHandler' driver.
INFO - 2024-08-07 08:32:07 --> Session: Class initialized using 'CodeIgniter\Session\Handlers\FileHandler' driver.
INFO - 2024-08-07 08:32:33 --> Session: Class initialized using 'CodeIgniter\Session\Handlers\FileHandler' driver.
INFO - 2024-08-07 08:32:35 --> Session: Class initialized using 'CodeIgniter\Session\Handlers\FileHandler' driver.
INFO - 2024-08-07 08:32:46 --> Session: Class initialized using 'CodeIgniter\Session\Handlers\FileHandler' driver.
INFO - 2024-08-07 08:32:46 --> Días solicitados: 2, Horas solicitadas: 0
INFO - 2024-08-07 08:32:47 --> Permiso registrado exitosamente. ID Saldo Personal: 7, Nuevo Saldo Días: 1, Nuevo Saldo Horas: 6
INFO - 2024-08-07 08:32:47 --> Session: Class initialized using 'CodeIgniter\Session\Handlers\FileHandler' driver.
INFO - 2024-08-07 08:33:03 --> Session: Class initialized using 'CodeIgniter\Session\Handlers\FileHandler' driver.
INFO - 2024-08-07 08:33:21 --> Session: Class initialized using 'CodeIgniter\Session\Handlers\FileHandler' driver.
INFO - 2024-08-07 08:33:23 --> Session: Class initialized using 'CodeIgniter\Session\Handlers\FileHandler' driver.
INFO - 2024-08-07 08:33:33 --> Session: Class initialized using 'CodeIgniter\Session\Handlers\FileHandler' driver.
INFO - 2024-08-07 08:33:33 --> Días solicitados: 2, Horas solicitadas: 0
INFO - 2024-08-07 08:33:33 --> Permiso registrado exitosamente. ID Saldo Personal: 7, Días solicitados: 2, Horas solicitadas: 12
INFO - 2024-08-07 08:33:33 --> Session: Class initialized using 'CodeIgniter\Session\Handlers\FileHandler' driver.
INFO - 2024-08-07 08:33:56 --> Session: Class initialized using 'CodeIgniter\Session\Handlers\FileHandler' driver.
INFO - 2024-08-07 08:34:12 --> Session: Class initialized using 'CodeIgniter\Session\Handlers\FileHandler' driver.
INFO - 2024-08-07 08:34:16 --> Session: Class initialized using 'CodeIgniter\Session\Handlers\FileHandler' driver.
INFO - 2024-08-07 08:34:26 --> Session: Class initialized using 'CodeIgniter\Session\Handlers\FileHandler' driver.
INFO - 2024-08-07 08:34:27 --> Session: Class initialized using 'CodeIgniter\Session\Handlers\FileHandler' driver.
INFO - 2024-08-07 08:35:05 --> Session: Class initialized using 'CodeIgniter\Session\Handlers\FileHandler' driver.
INFO - 2024-08-07 08:35:06 --> Session: Class initialized using 'CodeIgniter\Session\Handlers\FileHandler' driver.
INFO - 2024-08-07 08:41:49 --> Session: Class initialized using 'CodeIgniter\Session\Handlers\FileHandler' driver.
INFO - 2024-08-07 08:44:19 --> Session: Class initialized using 'CodeIgniter\Session\Handlers\FileHandler' driver.
INFO - 2024-08-07 08:46:19 --> Session: Class initialized using 'CodeIgniter\Session\Handlers\FileHandler' driver.
CRITICAL - 2024-08-07 08:46:19 --> ErrorException: Undefined variable $pager
in APPPATH\Views\permisos_personal\create.php on line 66.
 1 APPPATH\Views\permisos_personal\create.php(66): CodeIgniter\Debug\Exceptions->errorHandler(2, 'Undefined variable $pager', 'C:\\laragon\\www\\prueba\\SistemaControl\\app\\Views\\permisos_personal\\create.php', 66)
 2 SYSTEMPATH\View\View.php(228): include('C:\\laragon\\www\\prueba\\SistemaControl\\app\\Views\\permisos_personal\\create.php')
 3 SYSTEMPATH\View\View.php(231): CodeIgniter\View\View->CodeIgniter\View\{closure}()
 4 SYSTEMPATH\Common.php(1178): CodeIgniter\View\View->render('permisos_personal/create', [], true)
 5 APPPATH\Controllers\PermisosPersonal.php(76): view('permisos_personal/create', [...])
 6 SYSTEMPATH\CodeIgniter.php(943): App\Controllers\PermisosPersonal->create()
 7 SYSTEMPATH\CodeIgniter.php(503): CodeIgniter\CodeIgniter->runController(Object(App\Controllers\PermisosPersonal))
 8 SYSTEMPATH\CodeIgniter.php(361): CodeIgniter\CodeIgniter->handleRequest(null, Object(Config\Cache), false)
 9 FCPATH\index.php(81): CodeIgniter\CodeIgniter->run()
INFO - 2024-08-07 08:47:30 --> Session: Class initialized using 'CodeIgniter\Session\Handlers\FileHandler' driver.
INFO - 2024-08-07 08:47:48 --> Session: Class initialized using 'CodeIgniter\Session\Handlers\FileHandler' driver.
INFO - 2024-08-07 08:47:49 --> Session: Class initialized using 'CodeIgniter\Session\Handlers\FileHandler' driver.
INFO - 2024-08-07 08:47:56 --> Session: Class initialized using 'CodeIgniter\Session\Handlers\FileHandler' driver.
INFO - 2024-08-07 08:48:06 --> Session: Class initialized using 'CodeIgniter\Session\Handlers\FileHandler' driver.
INFO - 2024-08-07 08:48:07 --> Session: Class initialized using 'CodeIgniter\Session\Handlers\FileHandler' driver.
INFO - 2024-08-07 08:48:10 --> Session: Class initialized using 'CodeIgniter\Session\Handlers\FileHandler' driver.
INFO - 2024-08-07 08:48:31 --> Session: Class initialized using 'CodeIgniter\Session\Handlers\FileHandler' driver.
INFO - 2024-08-07 08:48:32 --> Session: Class initialized using 'CodeIgniter\Session\Handlers\FileHandler' driver.
INFO - 2024-08-07 08:49:00 --> Session: Class initialized using 'CodeIgniter\Session\Handlers\FileHandler' driver.
INFO - 2024-08-07 08:51:22 --> Session: Class initialized using 'CodeIgniter\Session\Handlers\FileHandler' driver.
INFO - 2024-08-07 08:51:36 --> Session: Class initialized using 'CodeIgniter\Session\Handlers\FileHandler' driver.
INFO - 2024-08-07 08:51:37 --> Session: Class initialized using 'CodeIgniter\Session\Handlers\FileHandler' driver.
INFO - 2024-08-07 08:51:48 --> Session: Class initialized using 'CodeIgniter\Session\Handlers\FileHandler' driver.
INFO - 2024-08-07 08:52:00 --> Session: Class initialized using 'CodeIgniter\Session\Handlers\FileHandler' driver.
INFO - 2024-08-07 08:52:01 --> Session: Class initialized using 'CodeIgniter\Session\Handlers\FileHandler' driver.
INFO - 2024-08-07 08:55:13 --> Session: Class initialized using 'CodeIgniter\Session\Handlers\FileHandler' driver.
INFO - 2024-08-07 08:55:20 --> Session: Class initialized using 'CodeIgniter\Session\Handlers\FileHandler' driver.
INFO - 2024-08-07 08:55:31 --> Session: Class initialized using 'CodeIgniter\Session\Handlers\FileHandler' driver.
INFO - 2024-08-07 08:55:31 --> Session: Class initialized using 'CodeIgniter\Session\Handlers\FileHandler' driver.
INFO - 2024-08-07 08:56:14 --> Session: Class initialized using 'CodeIgniter\Session\Handlers\FileHandler' driver.
INFO - 2024-08-07 08:59:46 --> Session: Class initialized using 'CodeIgniter\Session\Handlers\FileHandler' driver.
INFO - 2024-08-07 09:00:03 --> Session: Class initialized using 'CodeIgniter\Session\Handlers\FileHandler' driver.
INFO - 2024-08-07 09:00:04 --> Tipo de Solicitud: Horas
INFO - 2024-08-07 09:00:04 --> Horas Solicitadas: 2
INFO - 2024-08-07 09:00:04 --> Saldo Actual Horas: 96
INFO - 2024-08-07 09:00:04 --> Session: Class initialized using 'CodeIgniter\Session\Handlers\FileHandler' driver.
INFO - 2024-08-07 09:03:05 --> Session: Class initialized using 'CodeIgniter\Session\Handlers\FileHandler' driver.
INFO - 2024-08-07 09:03:08 --> Session: Class initialized using 'CodeIgniter\Session\Handlers\FileHandler' driver.
INFO - 2024-08-07 09:03:16 --> Session: Class initialized using 'CodeIgniter\Session\Handlers\FileHandler' driver.
INFO - 2024-08-07 09:03:16 --> Tipo de Solicitud: Horas
INFO - 2024-08-07 09:03:16 --> Horas Solicitadas: 2
INFO - 2024-08-07 09:03:16 --> Saldo Actual Horas: 94
INFO - 2024-08-07 09:03:17 --> Session: Class initialized using 'CodeIgniter\Session\Handlers\FileHandler' driver.
INFO - 2024-08-07 19:31:05 --> Session: Class initialized using 'CodeIgniter\Session\Handlers\FileHandler' driver.
INFO - 2024-08-07 19:31:06 --> Session: Class initialized using 'CodeIgniter\Session\Handlers\FileHandler' driver.
INFO - 2024-08-07 19:31:54 --> Session: Class initialized using 'CodeIgniter\Session\Handlers\FileHandler' driver.
INFO - 2024-08-07 19:31:58 --> Session: Class initialized using 'CodeIgniter\Session\Handlers\FileHandler' driver.
INFO - 2024-08-07 19:32:32 --> Session: Class initialized using 'CodeIgniter\Session\Handlers\FileHandler' driver.
INFO - 2024-08-07 19:33:45 --> Session: Class initialized using 'CodeIgniter\Session\Handlers\FileHandler' driver.
INFO - 2024-08-07 19:33:59 --> Session: Class initialized using 'CodeIgniter\Session\Handlers\FileHandler' driver.
INFO - 2024-08-07 19:34:11 --> Session: Class initialized using 'CodeIgniter\Session\Handlers\FileHandler' driver.
INFO - 2024-08-07 19:34:12 --> Tipo de Solicitud: Horas
INFO - 2024-08-07 19:34:12 --> Horas Solicitadas: 2
INFO - 2024-08-07 19:34:12 --> Saldo Actual Horas: 0
INFO - 2024-08-07 19:34:13 --> Session: Class initialized using 'CodeIgniter\Session\Handlers\FileHandler' driver.
INFO - 2024-08-07 19:34:28 --> Session: Class initialized using 'CodeIgniter\Session\Handlers\FileHandler' driver.
INFO - 2024-08-07 19:34:28 --> Tipo de Solicitud: Horas
INFO - 2024-08-07 19:34:28 --> Horas Solicitadas: 2
INFO - 2024-08-07 19:34:28 --> Saldo Actual Horas: 92
INFO - 2024-08-07 19:34:30 --> Session: Class initialized using 'CodeIgniter\Session\Handlers\FileHandler' driver.
